run_key,c001,c002,c003,c004,c005,c006,c007,c008,c009,c010,c011,c012,c013,c014,c015,c016,c017,c018,c019,c020,c021,c022,c023,c024,c025,c026,c027,c028,c029,c030,c031,c032,c033,c034,c035,c036,c037,c038,c039,c040,c041,c042,c043,c044,c045,c046,c047,c048,c049,c050,c051,c052,c053,c054,c055,c056,c057,c058,c059,c060,c061,c062,c063,c064,c065,c066,c067,c068,c069,c070,c071,c072,c073,c074,c075,c076,c077,c078,c079,c080,c081,c082,c083,c084,c085,c086,c087,c088,c089,c090,c091,c092,c093,c094,c095,c096,c097,c098,c099,c100
main/cec2017_F01_D30/GA/default/0,2030988765.4488344,181326931.538449,99212330.9403721,28840576.025966804,6163498.254068118,3452225.621761944,2261115.1922234106,966801.580374815,868900.3187027844,506795.85845023347,472153.6975493083,380792.4891938487,351504.81947776495,347996.1881012688,259054.04988671388,235530.32183495542,110375.41832432608,110251.00655428499,88349.60341574837,83427.71699633128,77540.23338724766,77540.23338724766,58462.28165954321,45072.29075879031,45072.29075879031,35200.09329101709,31684.020367880345,29564.15468516674,25071.292711877966,22506.172964860805,22506.172964860805,22494.817128872895,20248.68630855079,19013.109565045033,16828.792394164066,14880.945090163475,14105.636209183373,14105.636209183373,14105.636209183373,13372.344958032787,12886.407108279604,12317.777707432935,12000.782648324388,11824.715316526175,11810.266802722237,8741.024570460984,7394.8214400384295,7394.8214400384295,7394.8214400384295,7086.123973382219,7086.123973382219,7086.123973382219,5995.2388106336275,4820.823838179828,4631.781927908674,4576.904268318874,4576.904268318874,4576.904268318874,4576.904268318874,3744.4207886119775,3738.589504647583,3528.8633176574035,3528.8633176574035,2853.142917085966,2705.695641090572,2649.0762607375646,2640.9114467526724,2640.9114467526724,2591.0548572713933,2452.616860397856,2452.616860397856,2450.957508414457,2383.7136899149586,2383.7136899149586,2247.993970818869,2195.7124971795256,2195.7124971795256,2195.7124971795256,2195.7124971795256,2127.3095445160393,2127.28945574636,2062.760367039675,2031.436748366621,2031.436748366621,2003.767389469177,1660.787790557269,1631.9711182240505,1529.4475126880461,1508.8322064472475,1476.6382469467894,1476.6382469467894,1476.6382469467894,1476.6382469467894,1468.0267258219642,1468.0267258219642,1468.0267258219642,1468.0267258219642,1447.2706207105912,1447.2706207105912,1427.296719020358
main/cec2017_F01_D30/PSO/default/0,60755235104.51575,44771658703.713806,44771658703.713806,44771658703.713806,42383395318.24488,42383395318.24488,42383395318.24488,42383395318.24488,42383395318.24488,38482549932.41554,38482549932.41554,38482549932.41554,30896000233.97708,30896000233.97708,28443875688.54131,28443875688.54131,25365825715.377815,25365825715.377815,24074334218.08636,19522919917.67792,19522919917.67792,17735741395.945972,16619867124.588572,16616057022.966257,16614722239.465199,16614722239.465199,16614722239.465199,16614720054.881548,15759658920.123106,14041072124.751347,13907036562.310827,13497821517.785278,13009002314.50198,12545969218.18479,12289725161.738308,11396118831.410135,10968394448.10076,10817659781.408056,10492396962.554117,10399548477.992825,10341226689.423561,10306635296.440857,10298326380.586838,10282729613.722662,10276663062.112038,10272236667.868488,10270166599.678917,10268904347.788124,10268525650.927776,10268345834.261127,10268115848.55615,10268069777.634401,10267989257.539726,10267981331.78725,10267979858.199768,10267979050.087107,10267978888.50912,10267978876.096397,10267978873.672184,10267978873.400213,10267978873.341345,10267978873.30931,10267978873.282656,10267978873.232265,10267978873.14208,10267978872.993788,10267978872.917643,10267978872.875048,10267978872.838913,10267978872.77792,10267978872.703281,10267978872.607761,10267978872.463017,10267978872.380163,10267978872.260283,10267978872.153076,10267978872.03933,10267978871.956924,10267978871.79053,10267978871.707035,10267978871.517921,10267978871.43922,10267978871.349838,10267978871.178413,10267978871.096043,10267978870.97163,10267978870.730875,10267978870.616604,10267978870.504227,10267978869.339935,10267978869.181585,10267978869.149195,10267978869.031584,10267978869.0295,10267978868.876585,10267978868.58553,10267978868.521662,10267978868.243006,10267978868.183264,10267978868.110533
main/cec2017_F01_D30/GWO/default/0,282804953286.29156,247134974982.78253,247134974982.78253,247134974982.78253,247134974982.78253,227202001419.7718,227202001419.7718,227202001419.7718,223070388179.57608,193918557957.7252,193918557957.7252,193918557957.7252,114087921770.39188,114087921770.39188,114087921770.39188,114087921770.39188,114087921770.39188,114087921770.39188,114087921770.39188,114087921770.39188,114087921770.39188,114087921770.39188,114087921770.39188,114087921770.39188,114087921770.39188,114087921770.39188,114087921770.39188,114087921770.39188,114087921770.39188,114087921770.39188,114087921770.39188,114087921770.39188,114087921770.39188,114087921770.39188,114087921770.39188,99351529376.50667,99351529376.50667,98036011892.63536,98036011892.63536,98036011892.63536,89055731992.16591,89055731992.16591,76833267949.18529,76133464929.76779,76133464929.76779,71302077842.33379,67392671318.58426,67392671318.58426,67392671318.58426,67392671318.58426,67366171132.51928,67366171132.51928,51659133855.91125,51659133855.91125,51659133855.91125,44312676356.33731,44312676356.33731,44312676356.33731,41256812694.54948,27549094587.516052,27549094587.516052,27549094587.516052,27549094587.516052,27549094587.516052,27549094587.516052,27549094587.516052,27549094587.516052,27549094587.516052,23310397027.23982,23310397027.23982,23310397027.23982,22729440795.88188,16492762081.234648,16492762081.234648,16492762081.234648,16492762081.234648,16492762081.234648,14937964965.763697,11859305959.475117,11859305959.475117,11385730781.029757,9344849662.72289,9344849662.72289,7912897539.6763115,7707837702.078118,6814595994.342821,5029240673.151348,5029029404.98597,3485102235.796057,3485102235.796057,3485102235.796057,3485102235.796057,3050786183.121796,2889321715.255524,2448361959.5319023,2277732595.393804,2074095939.119031,1935435268.3296995,1848726782.2021387,1775230418.4156759
main/cec2017_F01_D30/CA/default/0,36894217297.292854,1486973347.3592803,71622515.94583517,16400512.30217394,957523.3357903936,229742.71405644514,42060.903823315595,10227.363367294549,2826.782589707004,661.6427769517718,383.08819858008496,354.81102003084766,327.9716572777325,307.1124519818822,298.40343789662694,296.58638599063744,296.33803703907336,296.3132040870301,296.2941182943623,296.2812812032168,296.2735059764434,296.2650915381447,296.26278724159033,296.2613347345326,296.2602131782247,296.25955577038405,296.2588721798057,296.25854441302516,296.2584043266437,296.25821329230206,296.2581477126499,296.2580724415932,296.2579892218895,296.25787846779616,296.25777182403675,296.257677839762,296.25756165665257,296.25748974905224,296.2573757717066,296.25733138818134,296.2571680044229,296.25712575787986,296.2570967165235,296.2570789062911,296.25706304291856,296.2569133798362,296.2567482522146,296.2567136002943,296.2566886635348,296.2566146417127,296.25654648278896,296.256410699664,296.25637954299435,296.25620602443166,296.2561859018002,296.25601618808105,296.25585708445135,296.25580914823445,296.2556905385237,296.2556797997615,296.25559464992506,296.25542409026815,296.25528228444705,296.2551489181023,296.2551108630349,296.254843107945,296.2545980800152,296.2545617121551,296.2545089735283,296.25442421961736,296.2543910950393,296.25433389643297,296.2541967593525,296.2537303244394,296.2534987516596,296.2533994809075,296.2533630034561,296.2533551761264,296.2533378758315,296.2520100230293,296.25177714091046,296.2515308229053,296.2514463821439,296.2514033644504,296.2513815244696,296.25135875820195,296.2513418814507,296.25132159508036,296.25123158393893,296.2510917400227,296.2509840543476,296.2509475127034,296.2508471169568,296.2506125613376,296.2505051175802,296.2504892398369,296.25048046089535,296.25047650227725,296.2504663957013,296.25043392900204
main/cec2017_F01_D30/TFO-static/static/0,114267036072.3527,32771143677.279297,9110185284.968199,3982878914.0756254,2490357489.3848248,1077078511.1432042,1075592907.0422363,1069525104.2187794,696868285.517546,254237428.12436667,222891453.40999988,222874451.68957016,181722089.80999008,171095262.79883668,86388520.40857403,84226660.71698822,83742403.59789385,72306188.2939438,71976883.3627752,71152461.80767223,70578815.70253706,53505042.25407651,50378118.65625572,44956199.77196777,44868367.04089566,43175834.74855752,40508602.04903406,40317258.20582404,37301018.7518184,36770331.09857681,35928013.324001655,35329990.27377474,35239425.69356135,34629995.034196645,34395017.230860785,34332905.96131358,31664402.069922857,31627831.501349904,30240281.632408973,28939662.73462538,27446697.989797562,26917149.85394623,26441335.22280137,26063261.199556295,24943826.115576427,24831826.470395647,24067250.358781204,18894727.078190573,18825058.549347248,18223443.25229475,18064678.2607845,15672910.367523704,14890677.018120557,14660578.367954373,14545611.131666051,14501751.528889067,13338667.730882855,13146206.819211746,13146198.69597703,11953727.7058814,11899989.632542504,11077345.725435525,8971169.704397744,8955883.838218562,8621822.232472606,8123574.251388367,8081064.152263667,7971777.134932906,7782905.615021342,6330867.887193878,6227336.970453938,6162131.864231039,5718961.80798475,5707348.289595853,5705952.479015655,5301429.292448093,5274781.76351952,5105731.306783595,5069087.65875378,5031507.644155694,4942063.251267436,4769765.313090525,4242316.689796501,3820056.838159498,3801848.559514457,3309885.163679724,3289954.7171727507,3261743.2579601156,2857967.1485705813,2857962.303122297,2830979.6470967513,2492414.879844484,2411037.2993401913,2290503.0883450764,2101604.618896446,1940492.2045681595,1711665.9809254105,1702554.393360587,1667903.9316735368,1663332.6451385138
main/cec2017_F01_D30/TFO/full/0,114267036072.3527,32771143677.279297,9110185284.968199,3982878914.0756254,2490357489.3848248,1077078511.1432042,1075592907.0422363,1069525104.2187794,696868285.517546,254237428.12436667,222891453.40999988,222874451.68957016,190010325.91170684,168932638.98460025,86421128.21311894,76128082.06056966,75391658.90233637,74523791.50913851,66193202.49455102,66173816.13518818,65309632.06902462,57739313.97556487,56973152.9616212,48461101.34436155,42514725.85785659,40199526.46207285,39578408.21237886,39202636.27713594,38817193.20299712,37606725.71251298,34736095.47798556,34512407.78166216,31794065.662485495,30395254.89652961,27951146.878573548,27848247.895214077,24978107.81048936,19896112.67227505,19651224.246225804,19327929.058836825,19315778.396633364,18639148.290213674,17572344.23860404,16433330.0632956,15533506.80541505,15298626.077282403,10026998.750223842,7379995.33925608,7031519.405927765,6906231.594097487,6164511.514961363,6052544.5099532595,5926925.922115983,5777776.260924154,5381466.323165959,5348404.789016946,5038297.753579133,4826863.681045746,3760634.1519326833,3668497.5406729076,3518671.3016841244,3487405.4360072585,3469540.5155931558,3281800.928463589,3033802.7688212437,2997099.493743997,2977798.723748555,2846600.229737283,2660662.6915319315,2659028.305684021,2585023.774365632,2391856.557926311,2219937.051840639,2058074.1522002178,2057002.2007440566,2049127.135129648,1952980.2684617236,1654034.0120787157,1561374.496246635,1458782.9045468199,1458703.2364958103,1457962.8646568162,1438765.9225005684,1252217.4709534785,1175908.2618913227,1175831.1664534048,1097394.86428642,1083410.320055758,1080384.1734738785,1057882.2483809644,1031882.5377434066,1001644.2735015411,821708.8525927786,816584.6596575585,804475.4504759891,787506.8799421831,742045.9507432439,691108.7431189562,635007.7283620611,613886.4191953267
main/cec2017_F01_D30/WOA/default/0,272664433664.1413,187532272267.79138,142859230317.57184,96990044137.18509,62503348855.90433,45918432975.11413,31749834418.09754,22397618426.628544,15363232325.346214,7667914282.413146,3802349294.687598,1964567127.3966374,1494091965.6275902,1125450812.204516,974987317.4740939,747201000.9702547,210829788.2106897,127726132.24870437,92059016.75848068,66532234.29269594,42161596.46759984,28933132.05538886,22331053.417982303,17985869.96005945,5236717.462009306,3563968.485803423,2040052.5241988837,1118168.2488065045,655345.1636078444,483821.2092523579,330687.95495799783,251375.0539097816,181482.06339624966,140879.32407394322,114747.6843547792,98375.0675725132,65130.68548732418,54130.48827149951,32481.107248779375,21414.775488597184,16151.85662765738,13130.991768470793,10732.23323359605,9364.22744113587,6061.477021145463,4380.623808964381,2872.1654231507987,2592.3159807899606,2184.975259963528,1632.3166845122128,1403.9262490790036,1262.0271194126944,910.9551421954659,494.58179968196396,198.72953535501426,121.71839050159468,104.85023079747486,78.54593258217949,68.62917515102475,62.74920003941975,46.21423054007181,36.11331641438744,31.014793186930888,28.905512541080412,27.87876642717498,24.02494115807238,22.1656997525548,20.963917242994086,20.482776096532405,19.91785794661682,19.779488195044877,19.75544307538476,19.650268004125792,18.23730536295757,16.255975479091404,4.6729506892137636,3.5160743372244525,3.2967494411935547,2.808388129812613,2.033054726132093,1.8911828457160453,1.6812589672603622,1.4341345423154053,1.255513947247067,0.9485396859189166,0.9008453655746251,0.836448759405144,0.4654394335573926,0.3833813998292044,0.36601350773341323,0.3523568625176523,0.334111658090535,0.3251633397310343,0.32118512383252096,0.31971349049223363,0.31513288530075556,0.30762761603917,0.30250774594063046,0.2998027094122193,0.2970499949195897
main/cec2017_F01_D30/TFO/full/1,241393260140.57324,45060133714.97854,4937793358.884276,2872612467.346174,1574600114.1416543,1363518677.27698,544567647.0535102,465697246.13118225,401742647.2109255,397441770.6223537,93056170.97105013,88060259.71620204,82159531.73717271,76808200.05596443,68429811.35523362,68064370.22224884,67044174.27161657,66662188.59555381,66435079.0529926,61155958.351359166,60135006.32131167,59899055.97610636,59073185.500816785,55825697.76467284,51773341.80717627,51166620.71556699,50345771.86249488,46974939.58862765,46118822.32120756,43255712.7656137,43047401.43465868,42752591.33338667,40373520.11820509,34158573.98967872,32491799.830423873,32488459.773508064,32259474.764516443,30663929.572468713,30576923.947422832,29550645.526592225,28715394.245681573,25809377.42745423,20902105.784943324,20802745.394641057,19057352.665242307,16313762.551884418,15617402.944622252,15530562.402052766,14682402.62787659,8023123.077750078,7974309.901345393,7661304.213082,7618612.593599255,7529208.966650605,7303685.757820923,7303092.530657602,7249420.994458081,6019057.469635366,5562229.81707482,5206822.024252756,5204647.59116465,4879883.208969501,4458498.231111296,4430025.7828765195,4426090.631394078,3990019.285928309,3678021.0638956744,3540196.938568159,3448202.487429343,3259942.8535282,3259821.291095369,3058178.2077292856,2933026.472344359,2748120.8430521647,2716800.794776686,2644702.8016735804,2623091.187554972,2092514.972592702,1901651.577991998,1901402.048584525,1875094.3263524547,1629615.1889503857,1530577.4384029142,1264187.3930884248,1195972.274692157,925267.1951586211,873762.949247458,841735.9075668632,799929.8900220946,742076.8377112683,706104.4616698421,609261.5102942729,609198.1380157023,562538.6561772451,558975.9114764411,546596.330681878,513181.04865196225,486747.57301381626,485855.2631804968,411790.0857490196
main/cec2017_F01_D30/CA/default/1,31577418737.25065,2415971286.772333,342527383.3433139,35025046.535475686,5416471.500407479,821934.3605431252,174617.37645937642,31589.25920281212,8999.7419652836,3491.870458229923,2086.15795025072,1716.2658498530868,1302.5873595501334,1018.0094198997963,960.4235475907817,947.8514834237928,942.3752073139708,941.0460801986014,940.5760627312893,940.4608344855637,940.3530450043727,940.2627962002989,940.2126111230857,940.1864069605917,940.17974264535,940.1708172070853,940.1680611522611,940.1640839311772,940.1619734344067,940.1599458256362,940.1595822665313,940.1591998613517,940.1587723878306,940.1585483264134,940.1584539901728,940.1576846390676,940.1573606960876,940.1570581936182,940.1566339895435,940.1565014655475,940.1563783128126,940.1562727602552,940.1562186031942,940.1555463610475,940.1553392308833,940.155108045238,940.1549929986065,940.1548421068046,940.1547232412272,940.1544508220836,940.1541465357714,940.1540084210792,940.1538568325925,940.1537310162928,940.1536682882197,940.1536130583627,940.1519564592088,940.1515479722484,940.1508112832244,940.1504826075234,940.150350274314,940.150043435659,940.1495812074977,940.1490949500371,940.1485677535823,940.1474506934746,940.1469271788942,940.1467070044873,940.1466317820109,940.1465268604493,940.1463357143198,940.146253889284,940.1455700947713,940.1454912854788,940.1452331924047,940.144710786316,940.1433840844015,940.1431442124958,940.1427479796075,940.1423976485353,940.1423633160302,940.1423428409194,940.1423277186643,940.1404549716117,940.1395924703324,940.1394229886105,940.1384786273106,940.1382277623106,940.1381045814715,940.1376772030171,940.1375778044412,940.137443283732,940.1374157753276,940.1372218155029,940.136953466148,940.134947415489,940.1346711425758,940.1345544917335,940.1343799256983,940.1339586926058
main/cec2017_F01_D30/GA/default/1,1845790521.0307424,285804856.3047034,82218865.00093065,33090170.22528134,9927574.771915799,5163690.131614485,3953232.6974429893,3315533.7094910885,2130092.9736066796,2030784.2569745572,1581377.3374603568,1280149.298371441,1000681.0771686862,879723.2804233043,450254.0543745244,406578.5457539404,405672.11525643227,349925.83513411693,297626.9611751139,202810.95968832282,163651.54879582825,158839.02414284236,126763.79808448284,88489.87034852064,77815.61945904251,76802.29836024654,73135.25453777214,65537.41691145206,64718.2870934397,64442.288958927595,55954.805720424,44306.63596350129,43731.01660174494,43731.01660174494,34122.58456743497,30158.337259010532,21294.327008611428,21294.327008611428,19937.55636637309,19937.55636637309,19707.102241562916,16590.533293202978,16054.686132376459,16054.686132376459,15181.269279241105,15181.269279241105,10059.407425992713,9885.428921751354,8792.166049699004,5554.221432898141,5554.221432898141,5554.221432898141,5550.495482555594,5550.495482555594,5451.184901013488,5451.184901013488,5368.163672258,3910.9489936814757,3902.415409829872,3902.415409829872,3887.7639675075843,3825.6292549278733,3676.223565104405,3649.103330941076,3441.2664872451396,3441.2664872451396,2908.476657945229,2698.8400881189445,2698.8400881189445,2690.07905244039,2514.33060745647,1546.7693127090806,1542.6302654022347,1542.6302654022347,1539.2105769176503,1460.0933464083369,1460.0933464083369,1353.62078244076,1346.520510236949,1334.9248623094916,1334.9248623094916,1309.182395604209,1279.1359229794577,1279.1359229794577,990.7381783325977,988.0747332666933,988.0578944595518,988.0578944595518,945.9209769266304,945.9209769266304,945.9209769266304,725.1241359188002,706.7586084256325,647.6043498925983,647.6043498925983,647.6043498925983,647.6043498925983,647.6043498925983,647.6043498925983,625.5347641333315
main/cec2017_F01_D30/PSO/default/1,130055885040.51904,118851059049.47087,118851059049.47087,117863911451.7828,117863911451.7828,117863911451.7828,117863911451.7828,117863911451.7828,117863911451.7828,117757425851.78331,117757425851.78331,117696718518.79037,116468764578.94133,114117325697.0238,112392571740.99748,110505745656.36958,107351495281.67877,107267927479.84656,103276797109.15982,101753674662.9792,100988932393.44934,100988932391.77086,100988932391.77081,100988932391.77081,100988932391.77081,98142728043.62018,96254725580.26619,96029434918.72949,93690290833.21413,93507619326.4762,93507619326.47571,93507619326.47571,91603447218.77281,91513654021.10287,89526191567.40256,89117328400.05234,88896518697.95674,88508621051.54034,88502225644.74594,88293298307.14091,88231668941.55061,88179180798.58205,88156604034.49947,88153214296.18405,88150275845.2125,88133327690.77815,88128597378.5185,88126877029.51924,88125815727.98071,88125615972.97511,88125513136.60683,88125484725.4285,88125474829.51854,88125467937.673,88125466892.33942,88125466515.83524,88125466410.3722,88125466386.50934,88125466382.94292,88125466382.72447,88125466382.59303,88125466382.58054,88125466382.51488,88125466382.4311,88125466382.38072,88125466382.31796,88125466382.26921,88125466381.9707,88125466381.83012,88125466381.71501,88125466381.6808,88125466381.6077,88125466381.5032,88125466381.33347,88125466381.1809,88125466380.9754,88125466380.8743,88125466380.37086,88125466380.09717,88125466380.04662,88125466379.91794,88125466379.82527,88125466379.79456,88125466379.60449,88125466379.53275,88125466379.47105,88125466379.33093,88125466379.19775,88125466379.07559,88125466379.02042,88125466378.96252,88125466378.7484,88125466378.59258,88125466378.51006,88125466378.43144,88125466378.3885,88125466378.30632,88125466378.20366,88125466378.04893,88125466377.91933
main/cec2017_F01_D30/GWO/default/1,380189460000.8837,295794978761.88025,287945962751.7174,287945962751.7174,276880957335.5293,269719807585.23962,269719807585.23962,269719807585.23962,260686220135.49768,260686220135.49768,260686220135.49768,251562309115.34665,240710306379.7736,221221501440.30798,221221501440.30798,209687480981.8676,178021116087.9598,178021116087.9598,178021116087.9598,131213534366.55331,131213534366.55331,131213534366.55331,127727468796.98375,127727468796.98375,127727468796.98375,127727468796.98375,127727468796.98375,127727468796.98375,127727468796.98375,120798608906.96222,120798608906.96222,113937739903.20035,113937739903.20035,113937739903.20035,113937739903.20035,113937739903.20035,113937739903.20035,113937739903.20035,113937739903.20035,90047154586.89165,90047154586.89165,90047154586.89165,90047154586.89165,90047154586.89165,90047154586.89165,90047154586.89165,86559205721.75,81108294328.87885,81108294328.87885,81108294328.87885,75251089942.00768,75251089942.00768,65041543395.541664,65041543395.541664,65041543395.541664,65041543395.541664,61170445564.07234,61170445564.07234,57337317947.222595,57337317947.222595,57337317947.222595,57337317947.222595,57337317947.222595,57337317947.222595,52897803480.08017,43359658189.12149,43359658189.12149,43359658189.12149,43359658189.12149,43359658189.12149,41263271234.624146,41263271234.624146,40403318036.7222,40403318036.7222,40403318036.7222,33666429661.074993,33666429661.074993,33663120815.964417,33663120815.964417,33663120815.964417,29810327435.147324,21404643005.044617,19409038759.324535,14498601590.345398,11325015199.570465,6094623728.276147,5435736524.676602,3716090340.4533668,3340370680.242222,2258697158.7661514,2210169134.9904346,2033320680.295432,894498930.9099683,749574040.7942512,681315695.9451934,449514118.8821236,255467139.61317435,122219161.19967015,44107499.605127275,271669.8822693712
main/cec2017_F01_D30/CMA-ES (IPOP)/default/0,956497.8248555483,20468.801191291608,20462.756592531256,20238.263315377983,19790.144442004734,19082.571349215472,18241.318593286127,10057.52801541281,0.06951380991091582,1.2760864365191082e-08,2.842170943040401e-14,2.842170943040401e-14,2.842170943040401e-14,2.842170943040401e-14,2.842170943040401e-14,2.842170943040401e-14,2.842170943040401e-14,2.842170943040401e-14,2.842170943040401e-14,2.842170943040401e-14,2.842170943040401e-14,2.842170943040401e-14,2.842170943040401e-14,2.842170943040401e-14,2.842170943040401e-14,2.842170943040401e-14,2.842170943040401e-14,2.842170943040401e-14,2.842170943040401e-14,2.842170943040401e-14,2.842170943040401e-14,2.842170943040401e-14,2.842170943040401e-14,2.842170943040401e-14,2.842170943040401e-14,2.842170943040401e-14,2.842170943040401e-14,2.842170943040401e-14,2.842170943040401e-14,2.842170943040401e-14,2.842170943040401e-14,2.842170943040401e-14,2.842170943040401e-14,2.842170943040401e-14,2.842170943040401e-14,2.842170943040401e-14,2.842170943040401e-14,2.842170943040401e-14,2.842170943040401e-14,2.842170943040401e-14,2.842170943040401e-14,2.842170943040401e-14,2.842170943040401e-14,2.842170943040401e-14,2.842170943040401e-14,2.842170943040401e-14,2.842170943040401e-14,2.842170943040401e-14,2.842170943040401e-14,2.842170943040401e-14,2.842170943040401e-14,2.842170943040401e-14,2.842170943040401e-14,2.842170943040401e-14,2.842170943040401e-14,2.842170943040401e-14,2.842170943040401e-14,2.842170943040401e-14,2.842170943040401e-14,2.842170943040401e-14,2.842170943040401e-14,2.842170943040401e-14,2.842170943040401e-14,2.842170943040401e-14,2.842170943040401e-14,2.842170943040401e-14,2.842170943040401e-14,2.842170943040401e-14,2.842170943040401e-14,2.842170943040401e-14,2.842170943040401e-14,2.842170943040401e-14,2.842170943040401e-14,2.842170943040401e-14,2.842170943040401e-14,2.842170943040401e-14,2.842170943040401e-14,2.842170943040401e-14,2.842170943040401e-14,2.842170943040401e-14,2.842170943040401e-14,2.842170943040401e-14,2.842170943040401e-14,2.842170943040401e-14,2.842170943040401e-14,2.842170943040401e-14,2.842170943040401e-14,2.842170943040401e-14,2.842170943040401e-14,2.842170943040401e-14
main/cec2017_F01_D30/L-SHADE/default/0,473779658117.58234,145543104101.85022,145543104101.85022,106013182567.32368,57187064821.39588,33472107943.54732,17685608193.513664,8897322141.371367,3711815468.223773,1590214640.7347462,823389039.8790611,210904590.54684448,130108260.51297267,37337710.5145203,21803570.680713695,9172096.510720946,3103811.520672965,1305810.0186397682,491568.37769674684,186988.1587655929,91735.17487649861,30237.265303725788,13145.702631625325,5235.752973236226,2993.7412037892336,2131.660346424981,1627.8904216868125,1451.855994266617,1387.608514862105,1360.5726420596336,1343.9018581087075,1323.9673434958772,1245.0584748814406,832.7313111341053,348.36775131440066,123.81702333947806,62.514421287550164,25.11755522224921,7.779120035656064,3.0470212851068936,1.0863562266070232,0.36140127934820043,0.11219919057448635,0.03829430122009114,0.012691080307760672,0.0036121554631307617,0.0007396334739127042,0.00025364080120482413,7.703264506631058e-05,2.296539935287001e-05,7.611969678578134e-06,2.096715292054796e-06,5.116712742392338e-07,1.3921363972713152e-07,3.3997537229879526e-08,1.0335099887015531e-08,1.4538699133481714e-09,4.796021357833524e-10,8.72546479513403e-11,2.1955770534987096e-11,4.277467269275803e-12,1.0800249583553523e-12,1.7053025658242404e-13,4.263256414560601e-14,1.4210854715202004e-14,0.0,0.0,0.0,0.0,0.0,0.0,0.0,0.0,0.0,0.0,0.0,0.0,0.0,0.0,0.0,0.0,0.0,0.0,0.0,0.0,0.0,0.0,0.0,0.0,0.0,0.0,0.0,0.0,0.0,0.0,0.0,0.0,0.0,0.0,0.0
main/cec2017_F01_D30/TFO-static/static/1,241393260140.57324,45060133714.97854,4937793358.884276,2872612467.346174,1574600114.1416543,1363518677.27698,544567647.0535102,465697246.13118225,401742647.2109255,397441770.6223537,93056170.97105013,88060259.71620204,82159531.73717271,76808200.05596443,68429811.35523362,68064370.22224884,67044174.27161657,66662188.59555381,66435079.0529926,61155958.351359166,60135006.32131167,59899055.97610636,59073185.500816785,55825697.76467284,51773341.80717627,51166620.71556699,50345771.86249488,46974939.58862765,46118822.32120756,43255712.7656137,43047401.43465868,42752591.33338667,40373520.11820509,34158573.98967872,32491799.830423873,32488459.773508064,32259474.764516443,30663929.572468713,30576923.947422832,29550645.526592225,28715394.245681573,25809377.42745423,20902105.784943324,20802745.394641057,19057352.665242307,16313762.551884418,15617402.944622252,15530562.402052766,14682402.62787659,14489063.74349045,14428288.867583174,13594408.223541193,13541005.769775884,13396587.307142973,12781654.086981867,11169005.974569764,10786550.562914878,9860582.673220921,9274622.609354043,9026091.920806197,8796890.150211405,8625349.681582712,8478337.869933255,7560466.340346987,7511767.0472664125,7051444.334104242,6885488.519523139,6134799.155645402,5984949.746457892,5864005.463173136,5863963.694324668,5641910.409581935,5607193.240243132,4926965.023707987,4914742.665769886,4844242.041652136,4362794.021013428,4362070.2672779,4069585.5479577384,3724849.5053603793,3611832.65642918,3539368.5908295764,3535897.9602899663,2703730.43781181,1950269.6045174662,1947860.767724945,1541614.601638251,1496910.3566013041,1318695.007871887,1174812.1267347685,1161765.7918214535,1118642.3632327407,1098403.6473146207,1004059.5470733744,943669.4912940202,922717.3439401857,909778.5666042913,862624.5988052257,847630.6016311292,758203.1447977889
main/cec2017_F01_D30/TFO/full/2,147762424634.6153,36800259939.10944,8339195293.5039215,2459348383.322905,1478544492.682833,1274212090.304489,826099390.9696953,796342197.5151621,679547076.6961188,87700838.08407295,78467221.65757708,71866858.47148913,69544620.39314526,65554185.06454022,65518066.565950595,64256182.77768646,60032594.51530164,59066823.96721442,58765044.24878289,58311133.97613287,56308552.716646016,56308552.716646016,54870325.244555056,54695798.2755089,52930401.97049163,36198871.55062532,35834082.7670387,35201415.60121032,33528620.405815672,33099865.800849438,31560870.412540585,28742287.330320947,26264835.621704,26130691.07909248,24782692.542513,23013363.26354194,20873258.811530586,17752318.83081181,16758406.586699307,16464173.533018306,16343041.85603803,15939825.448379446,15116005.248458758,15115394.204466106,14526479.60628756,14513610.848202284,13736152.663642174,11820634.23948603,10724013.511948846,10679222.080732858,10570163.010145891,10520403.401392624,9384247.203437045,9179589.54811464,9013182.445274018,8447120.185658509,8145200.147681308,8040923.655903788,8020456.759495965,7883864.902385582,7040934.650214119,7028772.490987572,6618357.613116332,6541315.98240268,6472191.956752102,6353382.961663584,6300643.271888073,6279395.882139293,5960030.404514887,5562089.864606339,5345509.763076195,5079991.475014477,4741654.416127514,4566922.238338294,4214535.42256967,4100820.524448126,4007177.470410917,4007177.470410917,4007177.470410917,3935849.644214972,3458967.5962413964,3453170.9599435264,3257489.841456361,3160802.2881688527,3160802.2881688527,2875845.3550200574,2675601.7428218145,2542295.037367858,2542295.037367858,2542295.037367858,2487431.117350661,2462229.185169532,2462229.185169532,2431907.3004991845,2425011.676299333,2425011.676299333,2384181.0052935574,1633098.9367089965,663548.1188343542,509216.9069905878
main/cec2017_F01_D30/WOA/default/1,462190048032.8906,233811310483.98907,163764606204.72668,113337802048.94504,90746125565.209,66908848096.095276,47102454643.49439,20157080596.447865,9745133292.299038,6874803190.976831,4875771107.837405,3300937962.0917645,2685520327.7635307,1270934817.8528728,996200847.3763471,560772580.6901623,422938663.8203142,370339206.7082628,286668304.91803825,225904458.0663063,170504783.5020443,77093477.34949096,66185561.47238668,56494016.30880128,33034478.369149342,29066162.126057792,16961461.197903253,13457667.156474644,11012513.226738298,3855463.272143076,2359460.910588883,2053072.4981803144,1773722.7941645784,1050258.307498895,656223.6387660154,508878.2973519667,226841.2383388812,178062.22212396222,153293.04827464843,106502.00058681662,93603.76175847145,89558.78829948862,66161.12797616966,58417.73383986899,55235.813888082805,39188.231089330315,32270.52869931474,7298.853425373258,5837.244909863718,4889.9929662555205,4095.9734164144284,2288.5218397107797,1954.8623172884463,1035.635121393547,937.6023633505688,729.4923890773568,629.80542589036,572.0808447143291,541.94359965216,505.99454654107967,285.14019571519526,187.73704032736225,152.70356519457422,116.50185139329403,97.57309906060857,79.78239290264855,59.554564097566924,56.29895762196696,55.37342576434469,49.27467349568789,41.46363775859993,40.33140587255991,26.039283280254296,24.510802025913506,23.49681092139906,23.13044554130697,22.720800225066256,20.26726979882764,19.98354694417111,19.76770461128622,19.532565374521027,19.43903906306913,19.40698174642074,19.199364902646224,19.171828353560272,19.152300225925742,19.14046151361032,19.094829969335336,19.071486127682178,19.067737026369002,18.978066052670442,18.964023077939515,18.954628423360305,18.943361681981713,18.939220710563006,18.937321151282248,18.935664146668145,18.9330726292945,18.930601394807525,18.929930087489723
main/cec2017_F01_D30/CMA-ES (IPOP)/default/1,1967104.9633013683,13539.553329397828,13437.34590610292,1.9968316236540886,1.868557859552311e-07,2.842170943040401e-14,2.842170943040401e-14,2.842170943040401e-14,2.842170943040401e-14,2.842170943040401e-14,2.842170943040401e-14,2.842170943040401e-14,2.842170943040401e-14,2.842170943040401e-14,2.842170943040401e-14,2.842170943040401e-14,2.842170943040401e-14,2.842170943040401e-14,2.842170943040401e-14,2.842170943040401e-14,2.842170943040401e-14,2.842170943040401e-14,2.842170943040401e-14,2.842170943040401e-14,2.842170943040401e-14,2.842170943040401e-14,2.842170943040401e-14,2.842170943040401e-14,2.842170943040401e-14,2.842170943040401e-14,2.842170943040401e-14,2.842170943040401e-14,2.842170943040401e-14,2.842170943040401e-14,2.842170943040401e-14,2.842170943040401e-14,2.842170943040401e-14,2.842170943040401e-14,2.842170943040401e-14,2.842170943040401e-14,2.842170943040401e-14,2.842170943040401e-14,2.842170943040401e-14,2.842170943040401e-14,2.842170943040401e-14,2.842170943040401e-14,2.842170943040401e-14,2.842170943040401e-14,2.842170943040401e-14,2.842170943040401e-14,2.842170943040401e-14,2.842170943040401e-14,2.842170943040401e-14,2.842170943040401e-14,2.842170943040401e-14,2.842170943040401e-14,2.842170943040401e-14,2.842170943040401e-14,2.842170943040401e-14,2.842170943040401e-14,2.842170943040401e-14,2.842170943040401e-14,2.842170943040401e-14,2.842170943040401e-14,2.842170943040401e-14,2.842170943040401e-14,2.842170943040401e-14,2.842170943040401e-14,2.842170943040401e-14,2.842170943040401e-14,2.842170943040401e-14,2.842170943040401e-14,2.842170943040401e-14,2.842170943040401e-14,2.842170943040401e-14,2.842170943040401e-14,2.842170943040401e-14,2.842170943040401e-14,2.842170943040401e-14,2.842170943040401e-14,2.842170943040401e-14,2.842170943040401e-14,2.842170943040401e-14,2.842170943040401e-14,2.842170943040401e-14,2.842170943040401e-14,2.842170943040401e-14,2.842170943040401e-14,2.842170943040401e-14,2.842170943040401e-14,2.842170943040401e-14,2.842170943040401e-14,2.842170943040401e-14,2.842170943040401e-14,2.842170943040401e-14,2.842170943040401e-14,2.842170943040401e-14,2.842170943040401e-14,2.842170943040401e-14,2.842170943040401e-14
main/cec2017_F01_D30/GA/default/2,1201368701.445063,302133840.9151299,67834356.56504463,33912585.61790417,8381568.775125049,2867792.261622941,2102183.0487922337,1507139.6226447083,1495278.7991116303,1015969.3779055543,1004603.1964003836,882357.5606529373,866036.9662478616,611118.280154134,414699.31547020236,405229.9179205725,365128.85736313416,314207.20000649843,314207.20000649843,164873.328889055,163090.0423639593,163090.0423639593,163090.0423639593,137615.15026707386,118677.2968530549,105534.55738767883,96914.47748242471,95803.84693209692,90957.40225758267,62718.51901196051,62417.3498074645,61689.05676922293,58322.14038992746,39835.547118022725,39835.547118022725,38560.21637592412,34172.79002866381,32317.38952218906,32317.38952218906,30309.045143252093,22544.945323137996,15895.26787100004,15895.26787100004,15895.26787100004,15332.840493669908,14816.603940221366,14798.019272029449,13293.997382770176,12795.347631665618,12795.347631665618,12795.347631665618,12548.61638034326,11424.04754990316,11300.627541062344,9194.490649672962,6985.091410350413,6953.127162722946,6899.407276662216,6899.407276662216,6612.20809203378,6501.493102475727,6501.493102475727,6318.428923850339,5267.339290296119,5169.382248150433,5169.382248150433,3964.4219940983553,3716.3291008319256,3052.5834478907536,3025.857673787094,2765.496739184669,2570.435619437126,2570.435619437126,2453.1467762225766,2453.1467762225766,2453.1467762225766,2010.5544486757553,1993.5201534275816,1823.1495876928282,1823.143581661476,1792.2226898102683,1733.035624338106,1733.035624338106,1526.3666713646637,1362.265321477266,1341.714780430704,1244.4760576127742,1244.4760576127742,1157.9093504248656,1149.6918844187544,1149.6918844187544,1149.6918844187544,1081.6688674553934,907.0937157483495,841.3426356072421,835.0988650265901,472.55339202832374,468.5296978504516,415.46799902673035,341.9900459009643
main/cec2017_F01_D30/PSO/default/2,98959341693.51698,60358752231.932,60358752231.932,60358752231.932,60358752231.932,59070708110.86485,51682034526.05555,51682034526.05555,51682034526.05555,46702911323.22045,33046400182.675213,33046400182.675213,33046400182.675213,33046400182.675213,33046400182.675213,30587748339.848103,30140585226.071503,30140585226.071503,29063168375.24574,28722915052.506374,24586419266.403507,20255443498.302406,20145801112.4053,20145801112.38826,20145801112.38826,20145801112.38826,16525616055.011877,14071234462.796045,13971412264.818758,13971404590.034826,12837057536.716722,12658326744.949404,12654713007.874458,11284192044.28446,11202864381.515965,11136988849.451326,11115953507.07089,10758849480.57959,10757655078.802416,10568180119.751534,10430560221.346584,10358337539.601185,10301592674.72203,10290955133.17021,10285510307.475777,10278146238.839024,10277071771.967115,10273304698.352144,10270739582.212109,10269633891.977991,10269233278.007147,10268543153.258015,10268118865.607658,10268034057.866394,10267996144.139603,10267979996.284313,10267976388.546936,10267975715.414034,10267975606.060509,10267975569.452394,10267975560.0234,10267975557.16106,10267975556.73012,10267975556.61972,10267975556.607218,10267975556.605831,10267975556.60379,10267975556.602375,10267975556.600222,10267975556.598322,10267975556.593925,10267975556.591408,10267975556.589838,10267975556.588528,10267975556.586245,10267975556.581472,10267975556.577843,10267975556.574226,10267975556.569199,10267975556.566973,10267975556.562584,10267975556.557936,10267975556.55529,10267975556.552658,10267975556.547668,10267975556.544836,10267975556.540703,10267975556.535479,10267975556.53301,10267975556.53122,10267975556.526333,10267975556.523273,10267975556.50993,10267975556.508015,10267975556.506943,10267975556.505098,10267975556.503214,10267975556.502438,10267975556.474993,10267975556.45165
main/cec2017_F01_D30/GWO/default/2,293896283085.0558,244586310821.34137,244586310821.34137,244586310821.34137,244586310821.34137,217218661877.26456,217218661877.26456,217218661877.26456,217218661877.26456,217218661877.26456,204473996341.13596,204473996341.13596,204473996341.13596,192616757453.45642,191873591479.9747,165797977352.7212,165797977352.7212,155960195073.7504,155960195073.7504,155960195073.7504,155960195073.7504,155960195073.7504,155960195073.7504,155960195073.7504,146372841386.86646,146372841386.86646,146372841386.86646,139253552155.26376,139253552155.26376,116046978647.94284,116046978647.94284,116046978647.94284,74475040573.47784,74475040573.47784,74475040573.47784,74475040573.47784,74475040573.47784,74475040573.47784,74475040573.47784,74475040573.47784,74475040573.47784,74475040573.47784,71809560645.17245,71809560645.17245,51686973953.83886,51686973953.83886,51686973953.83886,51686973953.83886,51686973953.83886,49327583802.1978,48345575850.52261,48345575850.52261,31020580501.83451,31020580501.83451,31020580501.83451,31020580501.83451,31020580501.83451,30455781394.48465,30455781394.48465,30455781394.48465,30455781394.48465,27874066434.91964,27874066434.91964,27874066434.91964,27874066434.91964,26316173069.27943,26316173069.27943,22010591169.630238,18499302960.891014,18499302960.891014,18499302960.891014,18499302960.891014,15833864242.332008,15833864242.332008,12206740081.661028,12206740081.661028,11414373126.201822,10941120695.992205,9543414540.322317,8838869556.520056,8838869556.520056,8838869556.520056,6314832304.377336,5690893813.4579,5690893813.4579,4443899497.263989,3625138628.484553,3416966917.4448256,2745280887.5208173,1655709468.994112,1655709468.994112,1517890529.5966613,1517890529.5966613,1397930429.3651745,899141315.7436366,601557654.61658,493610983.77770275,353158457.5764155,219550326.87357703,117697781.53775305
main/cec2017_F01_D30/CA/default/2,30357678613.82329,2040381998.643092,121685109.42244416,10504855.008622631,1880290.2482025607,346837.48555759137,54481.206339442964,16461.334387265055,6352.288854973232,4298.662097387373,4062.771884214939,4015.844760376235,4006.2850573851356,4005.139605236798,4004.9448948881045,4004.822497237805,4004.74280676583,4004.698052757556,4004.679713217687,4004.6663266374926,4004.658438725737,4004.656008437376,4004.654098933721,4004.6512812846286,4004.6495267227237,4004.647480475004,4004.6466389045436,4004.6461666742653,4004.645800865983,4004.6447846383653,4004.643302354136,4004.642066333363,4004.6404174751387,4004.6387500579403,4004.6366083630073,4004.634301614611,4004.633085208212,4004.6325708088953,4004.6322162180604,4004.6315746286637,4004.631106999217,4004.6309013692553,4004.630715157048,4004.6305810469566,4004.6302969436438,4004.6297269980705,4004.629076229864,4004.6287743120856,4004.6280575952223,4004.6207563747957,4004.6185585825697,4004.6135238366614,4004.610350402624,4004.6084424896726,4004.6064180798403,4004.605394014372,4004.5945295762804,4004.588506822647,4004.582541722669,4004.5789165362157,4004.5775769455904,4004.5766038266884,4004.5758531293004,4004.5756414501675,4004.5734819743902,4004.5714016277607,4004.5705351292527,4004.5689653825857,4004.562227265429,4004.5593601593264,4004.5583861483756,4004.557496508405,4004.5566137732385,4004.5539818573297,4004.5531909831734,4004.548384121522,4004.5473561793333,4004.546382446346,4004.5461086051064,4004.543762509844,4004.5430888511437,4004.5429681994065,4004.540171458195,4004.539831740605,4004.538974711685,4004.537417129294,4004.5336346585955,4004.522886057639,4004.5172597338596,4004.512604069492,4004.510389954854,4004.5051959106586,4004.503515079856,4004.5021586055327,4004.497100757182,4004.496563935196,4004.49634359817,4004.4961752263052,4004.496114967731,4004.4959968495705
main/cec2017_F01_D30/TFO-static/static/2,147762424634.6153,36800259939.10944,8339195293.5039215,2459348383.322905,1478544492.682833,1274212090.304489,826099390.9696953,796342197.5151621,679547076.6961188,87700838.08407295,78467221.65757708,71866858.47148913,69544620.39314526,65554185.06454022,65518066.565950595,64256182.77768646,60032594.51530164,59066823.96721442,58765044.24878289,58311133.97613287,56308552.716646016,56308552.716646016,54870325.244555056,54695798.2755089,52930401.97049163,36198871.55062532,35834082.7670387,35201415.60121032,33528620.405815672,33099865.800849438,31560870.412540585,29050618.300361037,26264835.621704,26130691.07909248,25071651.819657885,23013363.26354194,20873258.811530586,20452530.584850248,16758406.586699307,16758406.586699307,16343041.85603803,15939825.448379446,15631817.0244938,15115394.204466106,14526479.60628756,14519588.985552687,13736152.663642174,6822403.253028284,5460630.560808592,5342469.485814595,5338971.215678749,5325846.9564863,5318597.327590738,4991132.638687182,4969219.785217506,4915939.602016609,4571283.483788035,4464660.063017376,4396351.573735923,4346347.772772087,4167897.601677271,3841044.019005284,3841044.019005284,3770953.493112514,3731975.5340510113,3706104.2555144294,3682761.177202956,3677256.8773757285,3674135.4872532883,3603422.9773230134,3578057.6597152534,3578057.6597152534,3382701.2042960813,3378318.97092767,3157019.646791645,2939887.3819889864,2939887.3819889864,2905091.455546494,2905091.455546494,2905091.455546494,2564686.0836914293,2345306.2294681887,2264605.2045955868,2197905.936049644,2173519.7700411878,2170159.70553823,2038395.208485589,1925003.6960877639,1837263.7793678923,1835736.7087871972,1835736.7087871972,1811774.5684343723,1748811.424900712,1738434.3859492429,1738434.3859492429,1734819.4521533125,1730391.8416804029,1717951.8260277472,1715107.3063383638,1715107.3063383638
main/cec2017_F01_D30/L-SHADE/default/1,512641598278.1221,197632917366.62845,124269443094.56912,81205129923.00714,59285531803.24278,37059540296.312836,17022471405.504776,6789609463.695497,4487376662.872091,2223714447.6607704,714572713.0862505,320523955.0739391,156732093.39832744,66232668.06998649,19831930.745304342,9692959.748107776,3883588.3063962404,1646265.456894631,694423.7709265043,236343.3008519826,119300.70753494256,49911.30098934989,17077.420625596766,7959.287559773012,3781.5532981314173,1336.2067102138901,496.032618207013,243.63593582766896,160.42573671362487,100.93140565805984,89.88506340217765,82.07986257295568,80.74179807544422,78.34586602926998,72.2447126076674,48.06385890091758,16.98220842330818,8.353908194408191,2.9636730780785285,1.5440088874042885,0.35079689569381856,0.17989016692338566,0.04757803545044226,0.016728964275458225,0.006837243529204784,0.0019520811163999952,0.0007084391927776323,0.00017584086133126675,4.8088437409887774e-05,1.1987279734171352e-05,3.936310889685046e-06,1.03242086879618e-06,2.3638889956600906e-07,7.196078399829275e-08,2.1440854425236466e-08,4.931635544380697e-09,8.341629609276424e-10,2.618492089823121e-10,5.4569682106375694e-11,1.4054535313334782e-11,1.8616219676914625e-12,4.831690603168681e-13,8.526512829121202e-14,1.4210854715202004e-14,1.4210854715202004e-14,0.0,0.0,0.0,0.0,0.0,0.0,0.0,0.0,0.0,0.0,0.0,0.0,0.0,0.0,0.0,0.0,0.0,0.0,0.0,0.0,0.0,0.0,0.0,0.0,0.0,0.0,0.0,0.0,0.0,0.0,0.0,0.0,0.0,0.0,0.0
main/cec2017_F01_D30/WOA/default/2,399852866855.1723,319557591024.95996,222401673040.67896,132654990270.03455,78394131325.34557,60690859343.050705,44199665464.81673,33495706811.4667,21179757105.62413,14849074520.564758,9079204012.202747,6469996831.650927,4896974019.432574,3206161585.4546323,1556773560.9366195,1247666959.0190072,985816998.5774833,618870188.0096055,417703330.330073,336818866.7662165,300153285.3385948,130099602.24509545,90172116.52621137,71849826.43435653,58271694.35035843,29755592.567895412,22127967.57659284,12968733.258041777,5709590.062059934,4655544.807300571,3184509.6268399544,1367217.9050128171,936270.9424522024,739159.9899316857,629938.6285949168,588833.2491175731,523001.02599769965,508502.5431949239,385947.5719457156,260774.51653949948,188959.8893364432,126807.13189307782,95004.58909054649,86536.9105680088,77955.36795938517,63650.37923573623,41511.87040486127,22172.108950129674,18689.124657782027,14473.90291781774,7559.950914647568,4498.9788502632955,2860.7827997432278,2198.451670201265,2041.578569864936,1740.360392011112,1404.0391967010555,1280.332342876719,1268.787918859547,1187.2809215867137,1109.6011198127212,1001.4668404953466,839.6577220960486,700.4448276109451,544.3645749447508,471.0109238084556,250.7898531315966,141.46794962722277,120.59082545242617,92.74869930410887,87.68076616268215,73.0162829070342,63.86667284526479,63.248886730069586,60.92636068772191,54.68437821489471,53.54748324706915,53.38990901177934,51.51496749080468,51.020360157073924,50.69399023008626,50.44951326430123,50.38201488998047,50.26750598218342,49.84981362884798,49.047388481922326,48.27092707530616,48.11891855315727,47.89130732042628,47.74024997553062,47.6312017536122,47.58242245086103,47.57365005192344,47.55151005194347,47.52858223750903,47.477140177744246,47.44084428482404,47.40305243113616,47.39234052030946,47.38398377305674
main/cec2017_F01_D30/TFO/full/3,171364237462.50778,25225788009.76003,5930489547.993383,4048036741.9783845,3075058271.2341537,1005706544.359838,729635549.7095348,506190156.3975167,415874039.34545463,318257390.07517344,311674883.27953905,294870146.8913497,283043127.7142334,174605092.1326462,172661357.62179458,108781291.58606665,104378256.24598412,102241307.22119328,99006829.68192913,97758967.3785873,82985145.33223365,77216049.65583475,76679252.8872862,76552844.15849288,76090306.45648392,71896099.92870007,71194682.3365165,70522977.43296076,67059635.01153132,67000182.22903259,62832772.60605088,60800715.63823919,57893619.66864368,48528460.45343395,38238101.52301724,35979265.225397184,32953658.68939239,27840561.699730583,27668839.027828943,27114443.995536298,26080391.07119556,25651086.94242715,25480712.967880793,25437548.133867763,23996946.07140821,21485805.15559942,19108725.392129246,17659004.04970871,16219378.739320768,15668102.109067,15277913.958756698,13102509.278676923,12264042.011118675,10924934.24924544,10848367.840693496,10301591.77709868,10128555.777040727,9032989.431547595,8976059.082716607,8448794.379753586,6973697.137780105,6006174.663121973,5899639.219068088,5867228.218768174,5480036.989903368,5339221.277103147,5291237.079448634,5241012.591667392,5176451.085055514,4449096.020981401,3971936.6553285453,3798962.3949829494,3724673.4361366117,3724191.214672327,3554916.903933768,3263980.5717948386,2752540.1467884267,2536035.2404459324,2423420.9473678833,2160970.9148535784,2067625.5838887214,1935126.8536251162,1855561.3944991312,1754941.5543438036,1726532.353926409,1676417.2090407324,1669457.4712574393,1629649.9723707163,1555526.2651385749,1481794.5459994196,1345915.7386068741,1250397.286812691,1133649.3315344583,1123534.86235506,1118335.1217693281,1062045.6920755121,1061743.0703829865,974710.1958592592,907274.8202439304,858639.963031722
main/cec2017_F01_D30/CA/default/3,39431793297.49445,3269724157.115056,346590861.0994373,55462537.48216391,11827683.042047666,4877382.863270198,2862587.254132025,1000296.8418754335,186364.92617782982,50325.15117466508,22770.24385501037,5888.651281169514,1333.2273881436429,439.37897216265037,189.14802735196844,95.43188975554366,87.26983449462637,85.90647019651936,84.2197273303297,83.48252230835294,83.37630033585836,83.34883036305803,83.3433489963968,83.34104338116236,83.33987496808683,83.33929440998537,83.33897282063069,83.33888029725665,83.3387035380425,83.33864618113674,83.33857711425702,83.33853989257614,83.33850834236586,83.33849282374678,83.33846795111089,83.33845714208405,83.33841574508511,83.33840573178588,83.33839088385974,83.33838472961571,83.33836780627757,83.3383423664182,83.33832899791366,83.3383072725295,83.33829423732121,83.33828370255685,83.33823241802833,83.33819813444836,83.33814767943181,83.33809936473702,83.33808401203754,83.33805327623588,83.33804576846103,83.33799423462466,83.33797274404105,83.3379409447931,83.33789869492406,83.33789190652831,83.33788823805708,83.33788301312791,83.33787995337681,83.33787880292192,83.33787339329712,83.33786731207192,83.33766751960803,83.33729819761464,83.33723988275631,83.33720364060542,83.33719094044102,83.33718687448865,83.33718101367407,83.33715587766329,83.33713823378957,83.33711415865264,83.33709126268528,83.33708451136584,83.33707782279737,83.3370758278997,83.33705455010085,83.3370517301629,83.33704891174202,83.33698155650043,83.33693397110068,83.33683840515968,83.3368240148954,83.33681171616735,83.33677473363775,83.33676866487474,83.33667286102718,83.33666147711085,83.33665665653433,83.33664354321562,83.33662713631915,83.33661762447815,83.33661443620554,83.33658173407983,83.33657855899042,83.33649983382759,83.33648643613242,83.33648109533468
main/cec2017_F01_D30/GA/default/3,2698116735.5585,142589481.1593022,37313252.85045467,23745922.678835813,9943163.336986339,7477764.882819771,4969908.590716828,3852199.2501417794,2470268.6585138654,2380799.3264106503,1334764.9603373117,767247.1495559816,601014.1231884147,498830.41134419525,449325.5459250605,427680.52118994814,218719.4043933844,217222.73278983965,202051.15111089422,199976.1042760155,199976.1042760155,139021.59141687758,134854.82494048218,121390.49152575179,121390.49152575179,119143.22688395175,65318.11361757655,61199.58455692492,60954.669588625984,59248.02224737317,53225.28979260741,53021.94585255867,49092.6075958161,42025.14827062077,40799.879057627404,40799.879057627404,40799.879057627404,35972.62072404236,35972.62072404236,35972.62072404236,31432.392081472928,25306.315668503346,24887.278509302458,23747.468651522388,20288.348882805276,20118.137254323017,20118.137254323017,16352.757321880243,16352.757321880243,16352.757321880243,16352.757321880243,16162.984376357548,15614.482450903502,15614.482450903502,15614.482450903502,15614.482450903502,15504.258284080082,12199.711645524992,12072.312656801943,12057.004777725864,12055.661317811533,12055.661317811533,11916.995069709708,11916.975493430355,11892.974093471215,11892.974093471215,11778.364256452414,11483.514840255762,11483.239316736577,11075.64951727229,11075.64951727229,10689.131741916979,10586.815477080278,10586.815477080278,10586.815477080278,10586.815477080278,10581.07458790098,10495.268963049755,10378.26658524887,10378.26658524887,10378.26658524887,10247.269023090019,10247.269023090019,10225.28422890419,10225.28422890419,9948.607766940271,9948.607766940271,9948.607766940271,9944.26726336191,9944.26726336191,9878.518685225208,9878.517896289597,9878.517896289597,9877.333884625217,9823.354929701616,9822.026870011126,9800.375972076963,9800.375972076963,9582.311068935844,9564.03407269573
main/cec2017_F01_D30/PSO/default/3,90918573575.37321,77279336609.32178,57835458282.06715,50792304711.007866,43462007817.6717,43462007817.6717,43462007817.6717,43214503371.18299,43214503371.18299,41032577883.19182,41032577883.19182,40047050843.48807,40047050843.48807,38335487408.026505,36724821172.65821,29231200605.450554,29231200605.450554,26078147609.569996,25163203159.352898,25120414632.876656,25120414632.84472,23213522514.318367,21949536753.305622,21919570584.847076,19129549259.097923,17846815978.609123,17828584838.57415,17828584838.573933,16576334661.97179,16342166719.54709,14421944630.421276,14421944630.421276,13796381873.899832,13566687154.746136,13274960767.619339,13027612352.451803,13025787562.400917,13025787561.018917,12948098168.273157,12881415159.364231,12787142706.291359,12763000121.600603,12752917284.452831,12748954317.337255,12705878995.770683,12701058058.437166,12694071222.481365,12691108779.617296,12688561527.721449,12687620134.27845,12686707019.066727,12686527339.9283,12686440023.566065,12686410030.430113,12686399709.312733,12686396807.390743,12686396406.751596,12686396336.216251,12686396326.909922,12686396325.434753,12686396325.240875,12686396325.200838,12686396325.195103,12686396325.194176,12686396325.194105,12686396325.19409,12686396325.19409,12686396325.19409,12686396325.194088,12686396325.194088,12686396325.194088,12686396325.194088,12686396325.194088,12686396325.194088,12686396325.194088,12686396325.194088,12686396325.194088,12686396325.194088,12686396325.194088,12686396325.194088,12686396325.194088,12686396325.194088,12686396325.194088,12686396325.194088,12686396325.194088,12686396325.194088,12686396325.194088,12686396325.194088,12686396325.194088,12686396325.194088,12686396325.194088,12686396325.194088,12686396325.194088,12686396325.194086,12686396325.194086,12686396325.194086,12686396325.194086,12686396325.194086,12686396325.194086,12686396325.194086
main/cec2017_F01_D30/GWO/default/3,340877686757.33594,253320627826.04465,204243499246.68808,204243499246.68808,204243499246.68808,204243499246.68808,204243499246.68808,193753833562.6269,193753833562.6269,193753833562.6269,193753833562.6269,193753833562.6269,193753833562.6269,193753833562.6269,193753833562.6269,160514127536.1111,150961387111.3595,150961387111.3595,148324666460.69827,142856056173.81607,138905520140.00226,138905520140.00226,138905520140.00226,138905520140.00226,120553741312.07367,120553741312.07367,120553741312.07367,120553741312.07367,120553741312.07367,120553741312.07367,120553741312.07367,120553741312.07367,120553741312.07367,111462993331.1005,111001345759.85591,87755603616.68144,87755603616.68144,87755603616.68144,75544997085.06938,67058936639.75143,67058936639.75143,67058936639.75143,67058936639.75143,62714439324.8378,62714439324.8378,62714439324.8378,62714439324.8378,54718045554.82162,54718045554.82162,54718045554.82162,54718045554.82162,49374588407.60157,44329601562.466644,44329601562.466644,44329601562.466644,32641937273.330482,32641937273.330482,32641937273.330482,32641937273.330482,30370650445.92757,30370650445.92757,30370650445.92757,30370650445.92757,24840069549.741657,24840069549.741657,24840069549.741657,22682636876.11242,20164434327.335415,20164434327.335415,20164434327.335415,20164434327.335415,13620379145.074932,13620379145.074932,13620379145.074932,13620379145.074932,13620379145.074932,12266537837.625399,9256073170.704062,9036018376.930143,9036018376.930143,8953903988.341236,7577057477.92048,7577057477.92048,6929657542.489696,5920267138.991036,5029904129.78011,5029904129.78011,2929313197.8938007,2440637337.8815866,2440637337.8815866,1967480290.8753047,1741408809.3598902,1147766369.3792765,1026100276.393189,623885993.7741313,579099420.0045681,252072071.28521594,122798109.2470993,56925257.95124966,13883859.311703565
main/cec2017_F01_D30/CMA-ES (IPOP)/default/2,2977995.8090522136,5159.927288180592,5159.223202531446,5085.7271765459855,4885.101404291251,4614.008378452867,4285.003891459111,3223.9974663812113,0.13800065700608855,5.339671815818292e-09,2.842170943040401e-14,2.842170943040401e-14,2.842170943040401e-14,2.842170943040401e-14,2.842170943040401e-14,2.842170943040401e-14,2.842170943040401e-14,2.842170943040401e-14,2.842170943040401e-14,2.842170943040401e-14,2.842170943040401e-14,2.842170943040401e-14,2.842170943040401e-14,2.842170943040401e-14,2.842170943040401e-14,2.842170943040401e-14,2.842170943040401e-14,2.842170943040401e-14,2.842170943040401e-14,2.842170943040401e-14,2.842170943040401e-14,2.842170943040401e-14,2.842170943040401e-14,2.842170943040401e-14,2.842170943040401e-14,2.842170943040401e-14,2.842170943040401e-14,2.842170943040401e-14,2.842170943040401e-14,2.842170943040401e-14,2.842170943040401e-14,2.842170943040401e-14,2.842170943040401e-14,2.842170943040401e-14,2.842170943040401e-14,2.842170943040401e-14,2.842170943040401e-14,2.842170943040401e-14,2.842170943040401e-14,2.842170943040401e-14,2.842170943040401e-14,2.842170943040401e-14,2.842170943040401e-14,2.842170943040401e-14,2.842170943040401e-14,2.842170943040401e-14,2.842170943040401e-14,2.842170943040401e-14,2.842170943040401e-14,2.842170943040401e-14,2.842170943040401e-14,2.842170943040401e-14,2.842170943040401e-14,2.842170943040401e-14,2.842170943040401e-14,2.842170943040401e-14,2.842170943040401e-14,2.842170943040401e-14,2.842170943040401e-14,2.842170943040401e-14,2.842170943040401e-14,2.842170943040401e-14,2.842170943040401e-14,2.842170943040401e-14,2.842170943040401e-14,2.842170943040401e-14,2.842170943040401e-14,2.842170943040401e-14,2.842170943040401e-14,2.842170943040401e-14,2.842170943040401e-14,2.842170943040401e-14,2.842170943040401e-14,2.842170943040401e-14,2.842170943040401e-14,2.842170943040401e-14,2.842170943040401e-14,2.842170943040401e-14,2.842170943040401e-14,2.842170943040401e-14,2.842170943040401e-14,2.842170943040401e-14,2.842170943040401e-14,2.842170943040401e-14,2.842170943040401e-14,2.842170943040401e-14,2.842170943040401e-14,2.842170943040401e-14,2.842170943040401e-14,2.842170943040401e-14
main/cec2017_F01_D30/L-SHADE/default/2,448727303244.60785,239901209189.18042,143722508602.831,70764169016.25266,49929549322.79061,25142701497.702206,16309107920.627623,6281506415.911362,3080019203.078021,1245101562.707415,593266179.3810425,270319861.9992572,108245313.19010596,49149447.189270854,20503939.381208513,6533296.343239655,2371765.828430966,1173342.4421580741,419974.1697631361,156947.66851633333,53634.758669428054,22659.3373888054,10307.860356661196,4981.4350588459265,1661.249265864028,1288.6136221033066,897.8468613722381,774.9679333942863,726.3538492707128,706.17110705985,694.0003105651264,691.36115052731,686.9944042156541,656.8648879802622,514.3674290648634,192.29136489006612,70.2358838794629,29.934222361342847,15.943998862103712,7.111032422751251,2.5027081082188545,0.8869263764540563,0.22733525069968152,0.09928668792457529,0.023884230053155875,0.007512722503605573,0.0018812776806242937,0.000731131087533754,0.00020116027280892013,4.8329624888765466e-05,1.3448995133558128e-05,3.5265451714394658e-06,1.223848116183035e-06,3.445126566248291e-07,7.797490297889453e-08,1.674180793997948e-08,4.444771661837876e-09,1.181376774184173e-09,2.3499069357058033e-10,3.714717422553804e-11,7.645439836778678e-12,1.8758328224066645e-12,3.126388037344441e-13,7.105427357601002e-14,1.4210854715202004e-14,0.0,0.0,0.0,0.0,0.0,0.0,0.0,0.0,0.0,0.0,0.0,0.0,0.0,0.0,0.0,0.0,0.0,0.0,0.0,0.0,0.0,0.0,0.0,0.0,0.0,0.0,0.0,0.0,0.0,0.0,0.0,0.0,0.0,0.0,0.0
main/cec2017_F01_D30/TFO-static/static/3,171364237462.50778,25225788009.76003,5930489547.993383,4048036741.9783845,3075058271.2341537,1005706544.359838,729635549.7095348,506190156.3975167,415874039.34545463,318257390.07517344,311674883.27953905,294870146.8913497,283043127.7142334,174605092.1326462,172661357.62179458,110799809.4532057,93330143.08471425,82558091.46836479,50230437.1180941,40375658.84751157,34832200.96642327,33092297.105811033,32233229.016365677,31035882.591329634,30170334.601253554,29955742.288806576,28139510.849584274,26506657.60566019,24810403.67694707,24791852.93732596,22627090.14276433,22543274.646862555,19879751.365897324,18729348.608784378,15760958.334991068,15232081.501172528,15207677.663681665,13971917.721239947,13969833.426737752,13285341.11141699,13258234.17399355,13022318.118514044,12985350.755330827,11345454.643591043,10331065.598292647,9727146.997998571,9568400.39070803,8181692.913186379,7066281.832699412,6964032.601897048,5937679.357175301,5709056.415795506,5557645.175341349,5370282.353143888,5151122.679816429,4291268.821706895,4229833.83925754,4219515.173377578,4111699.8702062275,4103364.592799138,4100403.729306381,3563430.8906936543,3542194.4604356447,3497213.3433213155,3459648.7512446777,3453822.9184069247,2871394.382445379,2430833.122114288,2284195.06934518,2173180.9088572096,1813231.5231278087,1804388.364765786,1728242.3538844557,1728215.9634658024,1681207.8213709926,1670451.608828323,1351421.6999006842,1309189.589450472,1309189.589450472,1298255.261499347,1283000.833820664,1275351.0472882632,1213495.1718621086,1115838.77075324,1101533.5960058593,1062429.9563814872,1037378.1400944322,1033057.2462672144,968313.9479173077,955332.1150984857,927561.0800210113,901435.3426654525,898707.4335869033,876797.9671979741,693872.5391257764,664176.9407133537,662092.864827335,619790.6389595793,586540.3812006011,541225.3227609323
main/cec2017_F01_D30/TFO/full/4,144120430430.1765,48740398194.8561,18257360787.727993,4449280054.047111,2873217610.453772,1745440033.195679,1070743161.6727078,939888256.0717491,875270448.4102055,741801957.9093208,727470881.6791822,631465095.5752172,602856717.6065058,598434513.0202487,580972177.3696017,382668135.6427762,319569897.0357321,313289559.1682723,284237382.7936685,270707754.96682745,270190187.1294291,189773843.63182035,139982946.5585999,136006508.0710916,132355417.13321674,112764746.18207693,112708513.21374293,105546780.99610686,95868311.3353168,95790142.25856401,86256441.8921229,72029247.32127002,71340013.449007,57914929.25549707,52199299.20974556,51904966.49929244,45649264.94658795,40481878.400573425,28997907.61202829,20490729.50586863,19386003.901832633,10444163.716394108,9781489.401951468,9635105.01587248,8800130.548596729,8539132.208385611,6728854.694701716,5518475.747617083,5475918.678963387,5456945.633194312,5021360.352541874,4734959.663259614,4697535.473455532,4430517.541831627,4355196.083957663,4311747.612963007,4024268.121667958,3820794.9077516273,3810411.098636089,3681889.342554095,3485049.798247585,3434186.072564805,3377583.184585061,3054142.677080177,2940027.335297697,2888063.0196218663,2532578.546877948,2501045.047969056,2418387.6925814683,2412830.9454173096,2349041.6754493597,2224434.517930848,2190251.6342728804,2167862.7930713063,2102003.6823595744,2062840.5590257486,1847854.2101237422,1784410.9921811635,1759611.3748954264,1736614.0058426196,1661268.8497800168,1442649.5516843095,1412373.0090370993,1284972.7690099073,1284022.037320258,1268462.8978657362,1241261.0610019648,1221927.6814197982,1205496.206188115,1067743.3120744338,1067739.415074241,1052795.583943999,1043608.1002911502,1029612.0675625313,999040.9631436869,915916.1187423186,836628.8494738624,823214.5141411815,811776.6744366573,716025.7107525936
main/cec2017_F01_D30/CMA-ES (IPOP)/default/3,503781.2945799882,26.03738451885569,26.00791855353839,2.7108806902148643,2.1478851408573973e-07,1.4210854715202004e-14,1.4210854715202004e-14,1.4210854715202004e-14,1.4210854715202004e-14,1.4210854715202004e-14,1.4210854715202004e-14,1.4210854715202004e-14,1.4210854715202004e-14,1.4210854715202004e-14,1.4210854715202004e-14,1.4210854715202004e-14,1.4210854715202004e-14,1.4210854715202004e-14,1.4210854715202004e-14,1.4210854715202004e-14,1.4210854715202004e-14,1.4210854715202004e-14,1.4210854715202004e-14,1.4210854715202004e-14,1.4210854715202004e-14,1.4210854715202004e-14,1.4210854715202004e-14,1.4210854715202004e-14,1.4210854715202004e-14,1.4210854715202004e-14,1.4210854715202004e-14,1.4210854715202004e-14,1.4210854715202004e-14,1.4210854715202004e-14,1.4210854715202004e-14,1.4210854715202004e-14,1.4210854715202004e-14,1.4210854715202004e-14,1.4210854715202004e-14,1.4210854715202004e-14,1.4210854715202004e-14,1.4210854715202004e-14,1.4210854715202004e-14,1.4210854715202004e-14,1.4210854715202004e-14,1.4210854715202004e-14,1.4210854715202004e-14,1.4210854715202004e-14,1.4210854715202004e-14,1.4210854715202004e-14,1.4210854715202004e-14,1.4210854715202004e-14,1.4210854715202004e-14,1.4210854715202004e-14,1.4210854715202004e-14,1.4210854715202004e-14,1.4210854715202004e-14,1.4210854715202004e-14,1.4210854715202004e-14,1.4210854715202004e-14,1.4210854715202004e-14,1.4210854715202004e-14,1.4210854715202004e-14,1.4210854715202004e-14,1.4210854715202004e-14,1.4210854715202004e-14,1.4210854715202004e-14,1.4210854715202004e-14,1.4210854715202004e-14,1.4210854715202004e-14,1.4210854715202004e-14,1.4210854715202004e-14,1.4210854715202004e-14,1.4210854715202004e-14,1.4210854715202004e-14,1.4210854715202004e-14,1.4210854715202004e-14,1.4210854715202004e-14,1.4210854715202004e-14,1.4210854715202004e-14,1.4210854715202004e-14,1.4210854715202004e-14,1.4210854715202004e-14,1.4210854715202004e-14,1.4210854715202004e-14,1.4210854715202004e-14,1.4210854715202004e-14,1.4210854715202004e-14,1.4210854715202004e-14,1.4210854715202004e-14,1.4210854715202004e-14,1.4210854715202004e-14,1.4210854715202004e-14,1.4210854715202004e-14,1.4210854715202004e-14,1.4210854715202004e-14,1.4210854715202004e-14,1.4210854715202004e-14,1.4210854715202004e-14,1.4210854715202004e-14
main/cec2017_F01_D30/WOA/default/3,663314559651.5242,438714069125.7228,307125140806.48035,246010990825.8391,219689320508.39862,155387032249.76373,83834566400.30896,42706701179.48944,14101849945.069891,8306126713.494552,4362957383.085861,3520132981.0492926,2376961807.930583,1675034001.504534,793712291.6225402,446376906.11009216,336132899.1153458,182627444.58790284,115874680.13120872,91590986.27330358,45541917.33875915,34055585.23021594,23474442.619263206,17616015.571762066,15585209.046057297,11869622.912609324,2684225.040533162,1681545.317404944,1058062.652639791,707548.3545968484,451234.444818547,417539.79114689643,293099.80062034965,209063.0057953664,121925.34246137623,94697.11590092137,50757.33514087362,38212.72513665769,27925.146605031514,22262.375224820214,16703.100838744693,13955.798275931238,12189.701798670027,9284.335427564749,7623.59118928344,7309.452366727108,6087.429114284117,5425.2295129733475,5296.026492714875,5039.055266838796,4594.929567160574,3726.6805900953086,3284.1127602772317,3109.6897366882413,2955.0906233344112,2885.317313733277,2839.754215870162,2696.1305409099505,2342.109906583177,2311.903391717698,2268.038189329247,2258.2519688607395,2256.837563559471,2213.5650753054438,1557.4657979163226,1438.637799040903,1384.588490251053,1369.727599888436,1356.777935050056,1352.097234589988,1335.8017175974153,1327.2739243710344,1324.7973404731035,1317.410614052572,1315.9804290001512,1313.1964563383015,1312.665760522095,1312.433924347962,1312.335808280209,1312.2276489659976,1311.9008698496025,1311.0349433256977,1310.9113179581516,1306.4739749813946,1306.1705910544747,1305.382747814618,1304.8718395752735,1304.6837423247837,1304.595127681802,1304.5106850122772,1304.3647100659155,1304.3286613161574,1304.2299940437456,1304.0535069203145,1304.0153698989284,1303.935658992737,1303.9149775546653,1303.893052099666,1303.872903345996,1303.834015948804
main/cec2017_F01_D30/GA/default/4,2078330691.2774277,179502498.46530524,85213710.2864653,19974037.677933685,8951317.865414586,3808174.102069992,1615790.6738516595,1462612.335375249,1304504.6774696775,1050942.1691705466,833701.194101197,731636.3433960027,586731.6898828835,502219.00697764877,474617.0292408862,474617.0292408862,439696.9599279939,420063.45814324165,216790.6140083585,167066.20288436298,167066.20288436298,161431.56538931705,136890.04703276668,124980.21467362484,118992.53537782218,116123.56889785493,115445.09335434728,109653.2613463966,68680.98195813649,57010.09331132976,57010.09331132976,53379.13434687696,34596.39538732597,30637.417167719934,26629.626879780448,25933.834683606055,22929.087905245666,22308.185291754868,21840.659112949455,21667.821599623978,21667.821599623978,20869.275932917677,20827.964387759694,20827.964387759694,20827.964387759694,20759.624470026207,20759.624470026207,20759.624470026207,19432.111391227947,19432.111391227947,17231.67402058002,17231.67402058002,17153.218370719253,17153.218370719253,16125.043442026992,16125.043442026992,14743.043014389477,14720.266720099658,10515.71660230072,10515.71660230072,10515.71660230072,10444.788760922653,10354.278496739847,9864.489216821981,9864.489216821981,9616.995745483397,9616.995745483397,9545.961607124122,9544.46111234749,9407.664805324863,9123.894212776311,9123.894212776311,9074.953708540248,9038.907517082402,8894.837922858294,8729.045781091989,8586.81836951348,8525.739746941683,8525.739746941683,8525.739746941683,7996.539975320391,7996.539975320391,7965.507372265697,7965.507372265697,7710.315071211897,7650.837236540026,7650.837236540026,7650.837236540026,7612.4346457731035,7526.078159891885,7176.149252047289,7145.195124655632,7145.195124655632,6943.903424383391,6786.648379444127,6756.528953252226,6756.528953252226,6756.528953252226,6681.988558736721,6681.988558736721
main/cec2017_F01_D30/PSO/default/4,108366932085.93324,69092866812.13062,53232706059.15388,53232706059.15388,46957127197.339066,46957127197.339066,38094331737.26045,38094331737.26045,38094331737.26045,35359542666.707306,33069403002.50349,33069403002.50349,24861794893.357273,23677054627.386906,22467386812.060276,21429115721.202297,20375741519.649868,20017404658.02667,20001209275.021976,19999445536.087914,19999445526.00914,19999445526.00909,19999445526.00909,19999445526.00909,16227352570.556177,15171323667.668026,15144183371.969185,13061481193.851315,12999546871.442448,12998682519.786184,12998682518.360107,12998682518.360107,12994212232.367407,12187256145.988796,11576617223.19922,11447344097.35491,11302781807.44989,10911438322.966345,10813362460.920858,10554024802.264967,10422696547.492476,10413303132.730803,10368666276.295372,10302163732.283861,10289024105.258615,10279965021.531773,10276087957.285748,10271369028.79791,10269732356.350943,10268719555.90304,10268129415.511469,10268056545.181091,10267987622.776329,10267983033.684448,10267980011.9904,10267977958.748087,10267977196.516218,10267976975.562677,10267976955.26362,10267976942.252007,10267976935.703123,10267976934.962978,10267976934.859976,10267976934.839716,10267976934.820442,10267976934.801497,10267976934.747084,10267976934.61279,10267976934.563467,10267976934.517063,10267976934.476517,10267976934.380518,10267976934.340763,10267976934.30903,10267976934.216488,10267976934.179976,10267976934.1595,10267976934.108265,10267976934.09392,10267976934.038342,10267976933.977158,10267976933.935074,10267976933.867987,10267976933.787779,10267976933.748808,10267976933.600134,10267976933.576149,10267976933.541824,10267976933.500767,10267976933.42653,10267976933.285677,10267976932.876408,10267976932.856186,10267976932.855536,10267976932.82218,10267976932.81364,10267976932.81297,10267976932.63311,10267976932.61234,10267976932.599306
main/cec2017_F01_D30/GWO/default/4,356386889052.1676,276777509665.83826,276777509665.83826,276777509665.83826,276777509665.83826,260019141536.7249,260019141536.7249,255090523484.24512,209079468845.71506,209079468845.71506,209079468845.71506,163677515462.3996,163677515462.3996,163677515462.3996,163677515462.3996,163677515462.3996,163677515462.3996,163677515462.3996,163677515462.3996,163677515462.3996,163677515462.3996,163677515462.3996,163677515462.3996,163677515462.3996,163677515462.3996,163677515462.3996,124097945316.72981,124097945316.72981,124097945316.72981,124097945316.72981,124097945316.72981,109968912910.39052,109968912910.39052,109968912910.39052,109968912910.39052,109968912910.39052,109968912910.39052,109968912910.39052,109968912910.39052,109968912910.39052,109968912910.39052,109968912910.39052,107358489157.49304,107358489157.49304,99379943721.95561,96823787273.78976,96781630152.97052,96781630152.97052,92597157925.06549,84603833344.37569,82247121390.13847,80754504205.7089,80754504205.7089,77964757235.87148,65870707485.10799,65870707485.10799,65870707485.10799,65870707485.10799,61239905722.32308,61239905722.32308,53624056439.42137,53624056439.42137,53624056439.42137,53020061512.59402,53020061512.59402,46979032835.5601,42265471905.232925,42265471905.232925,42265471905.232925,42265471905.232925,42265471905.232925,42088548047.22176,41950659344.9123,41127645709.199646,41127645709.199646,38397468720.375046,35627103068.51538,35627103068.51538,32397916328.68247,32274552890.083324,32274552890.083324,30885733679.839733,27859392570.007133,27859392570.007133,27859392570.007133,26930607729.69937,26604607213.546753,26094313554.33444,23339433844.028595,23339433844.028595,23339433844.028595,23303427667.7002,22750581885.245598,22165486616.615856,22084893508.604977,21865990624.822712,21500284023.571,20662590651.961327,18638858188.22313,16894659802.732304
main/cec2017_F01_D30/CA/default/4,32966912196.67224,4217057311.388866,235984526.49598143,31694968.79828777,3358244.0935129784,1398964.7456768728,726563.9490440849,448878.3684795045,267764.62747503765,157312.42163665636,64776.94081775788,40229.39133554043,20126.887104835994,10693.59059998006,7310.972506928348,4388.8157911885055,2886.4171385015698,1707.9219852283168,1540.9111935935084,1511.5724283420775,1507.828496508602,1501.7101396553817,1499.428908084376,1499.1327826096485,1499.0842167497678,1499.0493381135882,1499.0212998297395,1499.0094499578802,1499.0018470082457,1498.9959681475852,1498.9927030163901,1498.9915082267833,1498.9901611558982,1498.9894379273105,1498.98881941433,1498.9886634106117,1498.988506097092,1498.9882010379188,1498.9876686045607,1498.9874017080977,1498.9872940900304,1498.987096229352,1498.9870361261499,1498.986983388116,1498.9868854852436,1498.986839089183,1498.9868067660593,1498.9867699778588,1498.9862770818634,1498.9859492611706,1498.9851722758583,1498.9849519352588,1498.9847773661197,1498.984550806402,1498.9844665814871,1498.9844093384913,1498.9843586794743,1498.9838440643143,1498.982623845541,1498.9824164928127,1498.982268603657,1498.9810067203484,1498.9806506937787,1498.9805233274394,1498.9797241239132,1498.9789602699298,1498.9786162311761,1498.9781538364853,1498.9779320910231,1498.9778484176848,1498.9777484276328,1498.9762776609446,1498.9760242010818,1498.9748812951254,1498.9744426164345,1498.9739371078651,1498.973708288889,1498.9725484835685,1498.9694552602894,1498.968299081449,1498.9679570723706,1498.9677217797437,1498.9674339568276,1498.9672978322146,1498.9671434294892,1498.9669205137095,1498.966154257132,1498.965873287051,1498.9656394095725,1498.9644102598697,1498.9623124044817,1498.9614747124408,1498.9600644535105,1498.9595302462183,1498.959052361538,1498.9585799880301,1498.9583101584278,1498.9581062933364,1498.9580442087147,1498.9579808082162
main/cec2017_F01_D30/TFO-static/static/4,144120430430.1765,48740398194.8561,18257360787.727993,4449280054.047111,2873217610.453772,1745440033.195679,1070743161.6727078,939888256.0717491,875270448.4102055,741801957.9093208,727470881.6791822,631465095.5752172,602856717.6065058,598434513.0202487,580972177.3696017,382668135.6427762,319569897.0357321,313289559.1682723,284237382.7936685,270707754.96682745,270190187.1294291,189773843.63182035,139982946.5585999,136006508.0710916,132355417.13321674,112764746.18207693,112708513.21374293,105546780.99610686,95868311.3353168,95790142.25856401,86256441.8921229,72029247.32127002,71340013.449007,57914929.25549707,52199299.20974556,51904966.49929244,45649264.94658795,45336908.618068926,43390522.97074968,42079928.43773897,38737821.61260087,37856663.165871024,36690749.2453757,34740489.162688605,33867946.77353303,31803782.78900739,27460446.430810552,26525069.212353695,26063882.788287114,25711223.74411381,22672097.93013656,18502326.254867528,18316249.654446017,18312368.938850276,12825870.874966383,11851877.569282558,11539147.03658248,11454205.966990246,11236776.808144609,9678145.521899903,9665728.181307266,9479296.134105265,8977974.128910694,8882795.73011306,8323952.803463788,8204670.45791048,8006216.732694243,7982043.800525753,7582557.427949498,7407414.749837385,6223851.0968932025,6012972.432508557,5967380.722694368,5954464.878279192,5940664.05951154,5508496.0364526445,4380192.431534727,4268510.795171908,4135431.277900256,3950924.3781459373,3916527.6644325578,3725046.2483223937,3290271.4547641557,3290271.4547641557,3257471.2665501037,3175474.6085913745,2885129.2392426236,2870345.0337580666,2870345.0337580666,2753556.3049450605,2600082.536055694,2584494.4246307686,2411187.7298202054,2118117.4754408607,2098161.951094938,1988861.2094442844,1912370.3895635507,1893636.650141109,1878939.7007712917,1731684.7024505541
main/cec2017_F01_D30/L-SHADE/default/3,394063390795.5265,215168555186.7993,163345269255.4447,93599520330.26299,46617494327.09868,31874881685.751385,20153212970.270985,8345191434.697141,3912195858.714951,1524237033.278197,707309067.1612873,338726954.7679904,142528394.24467853,74975240.07464787,27778256.436932825,13238116.207678523,4614402.754874786,1908237.6544570357,715703.1314268479,300498.9599143151,82853.33232064497,42416.393088254605,20524.72951609108,9725.642201478939,5947.546308669329,4395.8824897879695,3940.4000014110097,3715.0013092459017,3643.644701131443,3603.604196105447,3593.563725055454,3580.80704868473,3550.271224451763,3411.218305634953,2317.1592825562884,953.1625443206367,419.89694357486496,224.79435621140362,100.6101546936124,32.268707695163414,13.448503366846978,4.073118872812714,1.1495728072500242,0.3480574445629685,0.11982328437558465,0.02804012778048559,0.007090923915711755,0.0018980173067575379,0.0006941850617749878,0.00016263234000746252,6.0786183325944876e-05,1.3816348044315419e-05,3.015337156853093e-06,9.548441823881149e-07,2.2245754394134565e-07,4.594058111706545e-08,1.3376592278291355e-08,2.7392133006287622e-09,6.802594043620047e-10,1.5708678802184295e-10,2.6503244043851737e-11,3.780087354243733e-12,6.963318810448982e-13,1.4210854715202004e-13,2.842170943040401e-14,1.4210854715202004e-14,0.0,0.0,0.0,0.0,0.0,0.0,0.0,0.0,0.0,0.0,0.0,0.0,0.0,0.0,0.0,0.0,0.0,0.0,0.0,0.0,0.0,0.0,0.0,0.0,0.0,0.0,0.0,0.0,0.0,0.0,0.0,0.0,0.0,0.0
main/cec2017_F01_D30/WOA/default/4,390482705040.74677,318153812859.7348,197763368029.81293,120589511224.72366,89346572198.40797,59258966447.51525,50922881917.881386,33576081457.203114,22065027978.786777,17929438497.160625,12959260768.727299,8716358755.833523,6285846435.992611,4926663344.199569,2635498075.521524,1538218133.7317214,866958633.1512415,576201082.3521725,514461645.48045206,434229356.5291233,293249404.20860076,254890599.7630781,211587529.95085788,87499342.97741112,70367700.42955674,43868954.5859998,24996352.7751508,12451172.529934945,9975287.19738013,4470985.726541756,3370019.517661174,2647937.1926506916,1796790.0408996465,1263135.9096885172,501132.61595731636,381048.53721004847,295148.92936387256,253249.9467060776,202417.0483415333,174923.26129280782,120110.25295997233,92037.3085934942,72748.2339866854,52168.77483931762,49978.54609721339,44706.16102769812,39169.29540399699,32671.74247912949,27475.623317875208,11030.838830546976,8663.267134342655,7219.936577971326,5663.145262467715,4132.01494313141,3151.5688540180267,2812.486766278645,1848.4625475235352,1377.9051677468774,1211.0770420125996,1021.7945379981732,775.8248277520756,638.5321474367311,491.3767459803041,434.166427615119,418.1440134187062,407.09041447050663,395.2827087725151,393.7653105330337,391.34940963028237,388.19896695303623,385.3477235327351,380.1609558102714,378.5957949121408,367.75684766382386,357.4108891803357,356.06819377945584,355.7406452203794,355.23442603491253,354.49408131207554,354.3577185044438,353.81740751225027,352.9888733788031,352.53273398990365,352.44032110520766,352.4036058066819,352.0444983701432,351.7884762405569,351.7339014136228,351.66110231969066,351.658815765282,351.6288567720012,351.59663266106134,351.5925501521361,351.5772847327869,351.54964528494287,351.5327936824868,351.52956528852513,351.5260344071556,351.522358558243,351.50965468246784
main/cec2017_F09_D30/TFO/full/0,8479.13014326938,6610.839689694539,6515.219182091492,6422.629543560117,4341.803805948154,3049.1378074791005,2433.9039264656235,2382.2593191180626,2320.9525250028805,2151.1078162585554,1631.7518472984493,1549.9492615685294,1496.0749557584368,1431.4644122550499,1300.2460367948825,764.355026720425,521.8930595488232,521.5984304064082,509.38960098468124,504.3047363164246,496.94772794890673,496.94772794890673,495.9318226781743,491.726006116447,486.0916957073871,486.0916957073871,486.0916957073871,486.0916957073871,486.0618964730552,480.28721563115823,476.81763075138224,476.81763075138224,473.3484959749933,473.3484959749933,473.3484959749933,473.3484959749933,473.3484959749933,473.3484959749933,473.3484959749933,473.3484959749933,463.9561273210338,463.9561273210338,463.9561273210338,463.9561273210338,463.9561273210338,463.9561273210338,463.9561273210338,463.9561273210338,463.9561273210338,455.48799112266624,450.15714904836045,450.15714904836045,447.54715732640125,447.54715732640125,447.54715732640125,447.54715732640125,447.54715732640125,447.54715732640125,447.5312554490881,444.5865134319074,444.5865134319074,444.5865134319074,444.5865134319074,438.52701688689604,438.52701688689604,438.52701688689604,438.52701688689604,438.52701688689604,438.52701688689604,438.52701688689604,438.52701688689604,437.6825703724842,437.6825703724842,437.6825703724842,437.6825703724842,437.6825703724842,436.1746155337612,431.4378481858596,431.4378481858596,431.4378481858596,431.4378481858596,431.4378481858596,431.4378481858596,430.6095503230149,430.6095503230149,430.6095503230149,423.9578375982087,423.9578375982087,423.9578375982087,423.9578375982087,422.9172034103808,422.9172034103808,419.78378656591553,419.78378656591553,419.78378656591553,419.78378656591553,419.78378656591553,419.78378656591553,419.33768351549884,419.33768351549884
main/cec2017_F01_D30/CMA-ES (IPOP)/default/4,517691.47959921457,8241.281120209012,8214.569614575523,10.312672638920233,2.2221722417725687e-06,4.263256414560601e-14,1.4210854715202004e-14,1.4210854715202004e-14,1.4210854715202004e-14,1.4210854715202004e-14,1.4210854715202004e-14,1.4210854715202004e-14,1.4210854715202004e-14,1.4210854715202004e-14,1.4210854715202004e-14,1.4210854715202004e-14,1.4210854715202004e-14,1.4210854715202004e-14,1.4210854715202004e-14,1.4210854715202004e-14,1.4210854715202004e-14,1.4210854715202004e-14,1.4210854715202004e-14,1.4210854715202004e-14,1.4210854715202004e-14,1.4210854715202004e-14,1.4210854715202004e-14,1.4210854715202004e-14,1.4210854715202004e-14,1.4210854715202004e-14,1.4210854715202004e-14,1.4210854715202004e-14,1.4210854715202004e-14,1.4210854715202004e-14,1.4210854715202004e-14,1.4210854715202004e-14,1.4210854715202004e-14,1.4210854715202004e-14,1.4210854715202004e-14,1.4210854715202004e-14,1.4210854715202004e-14,1.4210854715202004e-14,1.4210854715202004e-14,1.4210854715202004e-14,1.4210854715202004e-14,1.4210854715202004e-14,1.4210854715202004e-14,1.4210854715202004e-14,1.4210854715202004e-14,1.4210854715202004e-14,1.4210854715202004e-14,1.4210854715202004e-14,1.4210854715202004e-14,1.4210854715202004e-14,1.4210854715202004e-14,1.4210854715202004e-14,1.4210854715202004e-14,1.4210854715202004e-14,1.4210854715202004e-14,1.4210854715202004e-14,1.4210854715202004e-14,1.4210854715202004e-14,1.4210854715202004e-14,1.4210854715202004e-14,1.4210854715202004e-14,1.4210854715202004e-14,1.4210854715202004e-14,1.4210854715202004e-14,1.4210854715202004e-14,1.4210854715202004e-14,1.4210854715202004e-14,1.4210854715202004e-14,1.4210854715202004e-14,1.4210854715202004e-14,1.4210854715202004e-14,1.4210854715202004e-14,1.4210854715202004e-14,1.4210854715202004e-14,1.4210854715202004e-14,1.4210854715202004e-14,1.4210854715202004e-14,1.4210854715202004e-14,1.4210854715202004e-14,1.4210854715202004e-14,1.4210854715202004e-14,1.4210854715202004e-14,1.4210854715202004e-14,1.4210854715202004e-14,1.4210854715202004e-14,1.4210854715202004e-14,1.4210854715202004e-14,1.4210854715202004e-14,1.4210854715202004e-14,1.4210854715202004e-14,1.4210854715202004e-14,1.4210854715202004e-14,1.4210854715202004e-14,1.4210854715202004e-14,1.4210854715202004e-14,1.4210854715202004e-14
main/cec2017_F09_D30/GA/default/0,2853.280983199117,2274.7248760312355,1980.5221020412937,1709.8392918641107,1624.8842248071478,1606.4616575199125,1598.6975667715365,1592.310653457817,1554.5903895577167,1545.7179625547333,1525.795708912351,1517.7920060914207,1517.7621940600684,1503.0489619070768,1499.953008843223,1395.9929388890323,1384.0745595459866,1378.2444325714291,1371.733186250617,1368.7693913661828,1367.5445643345893,1364.9579513741405,1360.7366483711326,1357.8046129890613,1355.7206071103165,1352.063764812914,1349.4674232139732,1348.255960590658,1347.600068308334,1346.933367232582,1345.1958389364609,1343.9094832118217,1340.8941097048496,1339.0268209187002,1338.7193062355818,1338.5061613320581,1338.3264098970972,1338.2616434314546,1338.2522287960128,1335.7379402259749,1335.218160956094,1238.5120207701084,1184.8157950660334,1165.9058507297036,1162.302846929304,1153.459914736709,1152.577284270992,1152.2246454585097,1151.606122693831,1151.3386910289314,1151.2941460114662,1149.745384075176,1141.9959080371323,1139.6188604591384,1136.1891875918968,1135.531195131407,1133.120192267938,1131.8957559156406,1130.0062864043455,1129.0481541740062,1128.3423837478526,1127.7316683190238,1098.1394648873668,1056.0812936273203,1054.014489363141,1052.732217807421,1049.626920580865,1048.4010103327043,1048.0725305995404,1047.4981746609324,1047.4645620029733,1047.3767619669177,1047.3618500459622,1047.1228685408335,1047.115420868533,1047.0532236973713,1046.8123152282653,1046.8090285766395,1046.6647952113337,1046.6466737132132,1046.599229323223,1044.876139707384,1044.3399943405836,1043.904845779859,1043.8056563911114,1043.0926129722143,1039.0648498604758,1038.8794194009436,1038.2667920495087,1038.2260143854792,1038.1263158550041,1038.1110154927335,1038.0381491160097,1037.833652651598,1037.8186383755815,1037.8039779172493,1037.8002587399142,1036.8976107643407,1036.6747996266006,1036.6664122633956
main/cec2017_F09_D30/PSO/default/0,3145.037222299687,3145.037222299687,2672.309162390628,2672.309162390628,2435.7719568482225,2435.7719568482225,2258.6169638652505,2258.6169638652505,2043.4531200706188,1563.058075329558,1563.058075329558,1563.058075329558,1503.081284161654,1503.081284161654,1294.5009355143766,1294.5009355143766,896.3880532864696,888.110957427522,809.9011933350741,806.5150204199201,806.5145945878085,806.5145945878071,806.5145945877998,806.5145945877998,806.5145945877998,806.5145945877998,806.5145945877998,806.5145945877998,806.5145945877998,806.5145945877998,806.5145945877998,806.5145945877998,806.5145945877998,806.5145945877998,806.5145945877998,806.5145945877998,806.5145945877998,806.5145945877998,806.5145945877998,806.5145945877998,806.5145945877998,806.5145945877998,806.5145945877998,806.5145945877998,788.2775697254001,706.2168783984434,706.2168783981379,706.2168783981379,586.7845405625221,435.7601151582128,425.3361947867961,421.24858616758956,421.22450706836594,402.17724944306406,397.8307743599571,396.29150313935384,384.9804796066255,374.5690452664671,369.8573677458112,364.8079190759663,361.290053607501,358.8809371686034,358.22759802966425,357.4160283405872,354.7800521719789,342.2441486471241,334.0205638961979,327.59287903371614,313.38477923665823,296.15381950753886,291.73560632996646,291.2103409174897,290.0516055109217,289.8548531305564,289.13204322250226,288.6483759074847,288.4808796149139,288.31441659630536,288.1528230541712,288.0968107690835,287.93940049141133,287.8886862157656,287.84743525610565,287.81538185520526,287.76482331171246,287.7504465322195,287.7233984932984,287.71366496996484,287.7083732596584,287.7009641935151,287.6930851499844,287.6900019513994,287.6873456732503,287.68575543344264,287.6847348389838,287.6846014691664,287.6844108475186,287.68369417394524,287.6830724613301,287.6820388935971
main/cec2017_F09_D30/CA/default/0,4520.593348090649,3057.503973088804,2839.7127522258247,2709.1055651230913,1827.8321957535095,1454.9121722104146,1370.2105654263364,1346.5233821255224,1319.4081243957112,1308.131999332034,1297.626291555719,1289.6348975835522,1289.3433716617815,1289.3433716617815,1289.3433716617815,1289.3433716617815,1251.047191981762,1244.4817452208017,1230.307073304998,1173.2047459205924,1077.9415926898075,1054.2768023555539,1045.7650438321464,1040.9393764512743,1029.8091546333444,1022.7865804736555,1020.7140392188317,1008.7139976472499,1008.0683071519763,1007.0898303615959,1005.6548876112593,1005.3624271712547,1005.1646243427876,1004.6783163591476,1004.4231177458844,1004.097623572236,1003.9582895283711,1003.3860417802371,1002.8428901430459,1002.591527058672,1002.2301337913241,1002.1575910077045,1001.972928048533,1001.91088234315,1001.8564105752562,1001.7966616443655,1001.7350866424711,1001.6774613119269,1001.6072757388499,1001.5762574002129,1001.4894310891991,1001.3960015001367,1001.3254318902327,1001.2230225358662,1001.0902544394212,1000.963047789545,1000.8954307504082,1000.751924383414,1000.6538963470098,1000.5314860587414,1000.4228382358588,1000.3771323534781,1000.3197714733851,1000.2126330739829,1000.1275316173901,978.0657164266536,976.0004298251279,975.909590293302,975.8083574207217,975.6909127830872,975.552044289451,975.4981587064499,975.4446543722806,975.4006225997323,975.3068514961815,975.2715812733004,975.1868755728829,975.159001788682,975.1067838852941,975.059595082073,975.0239488044131,974.9626569203581,974.8353401129821,974.7916774002829,974.7385335389602,974.6781569762784,974.6454016742296,974.6140027458273,974.5658926165052,974.500238036775,974.4515424651338,974.4032077265447,974.3783829938125,974.3343652137837,974.2750495494313,974.2119133761003,974.1493766254839,974.0841458659866,974.0261884245069,973.9162598819798
main/cec2017_F09_D30/GWO/default/0,13749.044465391913,11278.611418174632,11278.611418174632,11278.611418174632,11278.611418174632,11278.611418174632,10997.746143373755,10997.746143373755,10997.746143373755,10997.746143373755,8730.28933349527,8730.28933349527,8730.28933349527,8730.28933349527,8730.28933349527,8730.28933349527,8730.28933349527,8730.28933349527,8730.28933349527,8730.28933349527,8730.28933349527,8730.28933349527,8730.28933349527,8730.28933349527,8730.28933349527,8730.28933349527,8730.28933349527,8445.811151394868,8445.811151394868,8445.811151394868,6958.226567086816,6958.226567086816,6958.226567086816,6958.226567086816,6958.226567086816,6958.226567086816,6934.635839532982,6934.635839532982,5762.9528530257285,5762.9528530257285,5762.9528530257285,5762.9528530257285,5762.9528530257285,5762.9528530257285,5762.9528530257285,5762.9528530257285,5762.9528530257285,5762.9528530257285,5762.9528530257285,5762.9528530257285,5762.9528530257285,5762.9528530257285,5762.9528530257285,5333.443922116365,5333.443922116365,5333.443922116365,5333.443922116365,5333.443922116365,5333.443922116365,4452.235017466345,4452.235017466345,4452.235017466345,4452.235017466345,4452.235017466345,4452.235017466345,4452.235017466345,4452.235017466345,4092.967062335234,4092.967062335234,4092.967062335234,3295.587976220374,3295.587976220374,3295.587976220374,3295.587976220374,3295.587976220374,3260.487936429514,3260.487936429514,3260.487936429514,3260.487936429514,3260.487936429514,3260.487936429514,3260.487936429514,3260.487936429514,3260.487936429514,3260.487936429514,3260.487936429514,3260.487936429514,3260.487936429514,3260.487936429514,3260.487936429514,3260.487936429514,3260.487936429514,3260.487936429514,3164.58812945376,3164.58812945376,3164.58812945376,3164.58812945376,3164.58812945376,3164.58812945376,3164.58812945376
main/cec2017_F01_D30/L-SHADE/default/4,396777681974.8203,201304320329.38458,153602620462.04196,103927637820.33958,66376138812.52497,31992930611.201393,21793504099.87631,11859670082.303125,4869881753.4692955,2879621137.953374,887976213.0193514,427102090.8838783,185260182.53704387,73269072.16210723,20242635.45243095,10564091.294323644,3996575.886215202,1788222.9638209234,641665.6223628091,309161.95207151753,101279.78549685291,42018.85201262455,20384.840826812677,9496.23056061019,4793.603300712915,3666.5424805610055,2933.5894835216973,2758.6426201388163,2652.0873273967427,2616.9308675536445,2599.7724160623493,2591.1465393266685,2570.6271687786334,2467.781871380523,1887.7768547992016,949.1304636800712,390.01285824149903,167.7835576336289,79.51037650923388,33.76285036291017,14.659880852633734,3.1026297965776877,1.1361760696306362,0.42742956439656155,0.13643868473707244,0.03754491153151207,0.010911958098120067,0.0033878153211617246,0.0010813806645728619,0.00038332884541603107,7.917921233513425e-05,2.3954594155384257e-05,4.987612200579861e-06,1.4584173300136172e-06,4.7593989904726186e-07,9.056414285169012e-08,2.0606279349522083e-08,4.202959758003999e-09,9.610658935343963e-10,2.000888343900442e-10,5.825029347761301e-11,1.340083599643549e-11,1.8474111129762605e-12,3.979039320256561e-13,8.526512829121202e-14,1.4210854715202004e-14,1.4210854715202004e-14,1.4210854715202004e-14,1.4210854715202004e-14,1.4210854715202004e-14,1.4210854715202004e-14,1.4210854715202004e-14,1.4210854715202004e-14,1.4210854715202004e-14,1.4210854715202004e-14,1.4210854715202004e-14,1.4210854715202004e-14,1.4210854715202004e-14,1.4210854715202004e-14,1.4210854715202004e-14,1.4210854715202004e-14,1.4210854715202004e-14,1.4210854715202004e-14,1.4210854715202004e-14,1.4210854715202004e-14,1.4210854715202004e-14,1.4210854715202004e-14,1.4210854715202004e-14,1.4210854715202004e-14,1.4210854715202004e-14,1.4210854715202004e-14,1.4210854715202004e-14,1.4210854715202004e-14,1.4210854715202004e-14,1.4210854715202004e-14,1.4210854715202004e-14,1.4210854715202004e-14,1.4210854715202004e-14,1.4210854715202004e-14,1.4210854715202004e-14
main/cec2017_F09_D30/TFO-static/static/0,8479.13014326938,6241.0969235047305,5714.469870885161,5657.0452701526465,5192.656955453028,4314.967897766885,4259.447254117611,4259.447254117611,3590.7366180510817,3590.7366180510817,3515.4455025082825,3428.2988372216405,3278.1135698508588,3278.1135698508588,3276.721520364861,3205.6679188081143,3055.5180316308147,3050.7320683423914,3050.7320683423914,3050.7320683423914,2982.2767615706653,2982.2767615706653,2979.4693452075594,2907.896803098016,2656.0901200086982,2516.706017178202,2516.706017178202,2516.706017178202,2516.706017178202,2503.3839662183077,2503.3839662183077,2472.1122078991084,2420.674013083364,2420.674013083364,2404.043391197217,2404.043391197217,2403.1553172544504,2403.1553172544504,2403.1553172544504,2361.265670459445,2361.265670459445,2355.461985561622,2218.1270483078893,2218.1270483078893,2025.815211320879,2021.0267065309763,1992.3294293488516,1992.3294293488516,1992.3294293488516,1988.6101509203609,1988.6101509203609,1979.664644560653,1979.664644560653,1979.664644560653,1979.664644560653,1979.2618343283084,1979.2618343283084,1979.2618343283084,1979.2618343283084,1967.8463884985508,1967.7212407223542,1967.7212407223542,1708.03552765332,1130.8218084043012,1075.777976364455,1020.044585194154,1020.044585194154,916.9208863235258,916.9208863235258,822.9185568597331,806.8290111578358,679.134925527823,632.9024717857965,627.9261215068395,516.4348574073911,473.88597559277787,473.88597559277787,445.7510609633439,431.1850081593932,392.7368273399195,286.3570166144593,251.5592261860213,195.3935919898836,194.48841100653294,136.84570010185257,130.05510341481386,109.5612588745613,109.5612588745613,97.98853030470468,97.98853030470468,97.98853030470468,92.24311947600995,92.24311947600995,67.18078175822473,61.24351053298858,61.17380953930319,61.17380953930319,45.71578020569655,37.85034568452306,20.697517596711123
main/cec2017_F09_D30/CMA-ES (IPOP)/default/0,4.190085538306903,0.17906195893203858,0.1790565008344629,0.17905650083298497,0.17905650083298497,0.0030264627455380833,4.642408839572454e-07,3.410605131648481e-11,1.1368683772161603e-13,1.1368683772161603e-13,1.1368683772161603e-13,1.1368683772161603e-13,1.1368683772161603e-13,1.1368683772161603e-13,1.1368683772161603e-13,1.1368683772161603e-13,1.1368683772161603e-13,1.1368683772161603e-13,1.1368683772161603e-13,1.1368683772161603e-13,1.1368683772161603e-13,1.1368683772161603e-13,1.1368683772161603e-13,1.1368683772161603e-13,1.1368683772161603e-13,1.1368683772161603e-13,1.1368683772161603e-13,1.1368683772161603e-13,1.1368683772161603e-13,1.1368683772161603e-13,1.1368683772161603e-13,1.1368683772161603e-13,1.1368683772161603e-13,1.1368683772161603e-13,1.1368683772161603e-13,1.1368683772161603e-13,1.1368683772161603e-13,1.1368683772161603e-13,1.1368683772161603e-13,1.1368683772161603e-13,1.1368683772161603e-13,1.1368683772161603e-13,1.1368683772161603e-13,1.1368683772161603e-13,1.1368683772161603e-13,1.1368683772161603e-13,1.1368683772161603e-13,1.1368683772161603e-13,1.1368683772161603e-13,1.1368683772161603e-13,1.1368683772161603e-13,1.1368683772161603e-13,1.1368683772161603e-13,1.1368683772161603e-13,1.1368683772161603e-13,1.1368683772161603e-13,1.1368683772161603e-13,1.1368683772161603e-13,1.1368683772161603e-13,1.1368683772161603e-13,1.1368683772161603e-13,1.1368683772161603e-13,1.1368683772161603e-13,1.1368683772161603e-13,1.1368683772161603e-13,1.1368683772161603e-13,1.1368683772161603e-13,1.1368683772161603e-13,1.1368683772161603e-13,1.1368683772161603e-13,1.1368683772161603e-13,1.1368683772161603e-13,1.1368683772161603e-13,1.1368683772161603e-13,1.1368683772161603e-13,1.1368683772161603e-13,1.1368683772161603e-13,1.1368683772161603e-13,1.1368683772161603e-13,1.1368683772161603e-13,1.1368683772161603e-13,1.1368683772161603e-13,1.1368683772161603e-13,1.1368683772161603e-13,1.1368683772161603e-13,1.1368683772161603e-13,1.1368683772161603e-13,1.1368683772161603e-13,1.1368683772161603e-13,1.1368683772161603e-13,1.1368683772161603e-13,1.1368683772161603e-13,1.1368683772161603e-13,1.1368683772161603e-13,1.1368683772161603e-13,1.1368683772161603e-13,1.1368683772161603e-13,1.1368683772161603e-13,1.1368683772161603e-13,1.1368683772161603e-13
main/cec2017_F09_D30/WOA/default/0,14266.214451578357,11630.72532853814,10791.911617670348,10562.47065922405,10528.549323618501,10420.881421718472,9552.730174845565,8919.846213846222,8475.131960914068,8385.62094624129,8304.293065839222,8176.420333839924,8068.68875147618,8040.9954393811095,7965.794669797084,7849.35506020295,7826.713635285116,7800.030381504235,7772.382280782322,7740.793047790961,7714.263023096002,7697.156366853964,7648.410454550498,7600.969133675439,7592.964880249687,7586.6381826879515,7585.390313785669,7535.288345674826,7517.10100402573,7508.660868636427,7506.896012889694,7504.198616806567,7502.852348069613,7497.7494576921,7479.3408310039595,7470.473293731373,7460.103227110976,7454.023072818607,7443.5834164192,7437.954610618641,7436.447883266315,7434.054167168613,7426.536216076587,7423.810283375617,7419.263940169309,7410.350617970122,7407.881784668247,7406.745244690555,7404.870776975262,7401.430766230049,7399.354591148394,7397.775113024047,7395.148122891129,7394.554236079759,7394.157584542103,7381.878867968524,7379.943175301116,7379.498701219227,7376.9414510473525,7372.495079484452,7370.791919790632,7369.4919941626285,7367.351299423781,7363.035277028885,7358.5992161083595,7357.598914428469,7357.196717395616,7354.927469362325,7353.2471375629175,7350.735806974062,7346.520129736771,7346.070450468782,7345.306031052996,7343.87257207507,7341.672714695094,7340.0580058179985,7336.370036790659,7335.541373333152,7334.743820861258,7331.682886446055,7331.5838535802395,7331.415910108706,7331.152338790831,7328.774500892432,7327.783740275252,7325.39147938721,7322.408061569709,7321.801610502969,7320.749872192562,7319.6534013731325,7319.583643824308,7319.244737636476,7319.104799806344,7318.9224199476685,7318.611790541183,7314.08711289362,7313.1454605993495,7312.831696225527,7310.7960215467665,7309.193370018958
main/cec2017_F09_D30/TFO/full/1,11330.77405291526,6226.36765488841,5459.680560210121,4292.117659116308,3415.269639489523,2306.5992684965404,1965.533798744249,1569.3704833591696,1325.8610756966455,1325.8610756966455,1301.795002962805,1300.5548505327874,1268.664660415775,1268.664660415775,1268.664660415775,1263.8111653067194,1258.991353644898,1258.991353644898,1257.1327940857573,1251.5937161684888,1238.9556441350037,1231.1071575435167,1231.1071575435167,1201.3330708209396,1192.961598833278,1127.8370481734287,1091.0564047166636,1037.1036593274252,1019.0191826402745,1005.322776123091,1005.322776123091,989.2773283494384,861.072314317465,857.952582550412,857.952582550412,857.952582550412,857.952582550412,857.4156020712089,823.7029799830789,806.080137014967,806.080137014967,806.080137014967,690.174989836742,656.7094586251524,593.767210513377,557.884269612432,486.35281840929906,476.7707956602919,449.49723887301434,432.9766994737338,397.1963207495287,397.1963207495287,258.37089706405004,258.37089706405004,242.2911741352998,223.65748491803606,218.3976277057268,165.9217756324913,164.54661239187044,160.1473759276539,157.12161312350872,157.12161312350872,152.70583007024766,152.294981372228,152.09644673554703,120.4506309877653,120.4506309877653,120.4506309877653,120.4506309877653,105.70432908672717,101.10293114627018,96.06817303860407,95.1925774892062,88.75319098909301,88.75319098909301,88.75319098909301,88.75319098909301,76.53917276191964,66.11903230731309,66.11903230731309,66.11903230731309,66.11903230731309,66.11903230731309,61.258166260299845,61.258166260299845,61.258166260299845,53.61309151654268,53.61309151654268,53.61309151654268,50.96957478866011,50.43970338761426,50.43970338761426,50.43970338761426,47.7337249249739,46.690833032209184,45.43366614942079,44.26961814387539,43.945194156110006,30.12882254371675,21.56403455666475
main/cec2017_F09_D30/GA/default/1,3945.681464283888,3453.6429549617615,2052.6035179657465,1709.111614855089,1690.8527807941173,1591.2483528856656,1504.4862683120077,1486.8652120679635,1475.3118519978207,1470.79875857536,967.8056899475503,956.1926249369694,880.8006108102318,868.8370719684599,867.3566566821687,820.6470027482717,807.3423573090313,806.3028151831882,803.7200247194819,801.1733562251238,800.0261001147601,799.0613477422419,759.5701389969108,731.6004437445301,728.6051552267008,727.9523335150384,726.5075143553499,724.3176914151677,568.9277416508835,532.3937203558885,526.6439504770256,520.890312438692,513.0513050715185,508.50961435757586,507.9483405492938,505.1866129443513,504.81537139635066,502.0144907378153,452.29188999904295,442.58670157980646,442.3882578041614,439.06531316036717,365.951884968443,359.60831095821754,359.039707518682,358.8423166827006,358.6571424697959,358.6198222048315,358.5279247147437,358.5166993668861,358.25797537899325,338.3556886408694,338.1713225258536,338.0384363245089,337.9984008256115,337.86079556681625,337.8274153617431,337.80533645341984,335.25784979119544,335.1971053263708,335.14906169367623,335.14409133670756,335.13559603995213,335.12904790805896,335.1256147244535,334.980133369859,334.9762174058926,334.9211636163784,334.90823383338693,334.89686001924156,334.893067390198,334.8899014802071,334.88680897223503,334.8767560152851,334.87375404273007,334.8724799620095,334.8723737463938,334.84064533912556,334.7482910426211,334.7231972702509,334.7137204349374,334.6890484507828,334.66356515089274,334.6592007345139,334.3485288212869,334.2387159553109,334.1926966771923,334.16146822084943,334.1463538242292,334.1421848151954,334.1402685647349,334.12721973620273,334.1187522235007,334.0849443547568,334.0741142088398,334.0715438130924,334.0703286467083,334.0609036956157,334.05952388873084,334.0453072779733
main/cec2017_F09_D30/PSO/default/1,3435.770912291073,2421.7190588784993,2191.221907300711,2191.221907300711,1624.2315084678112,1624.2315084678112,1624.2315084678112,1606.3495124144256,1473.6710320149305,1473.6710320149305,1473.6710320149305,1473.6710320149305,1395.3680318571896,1378.923507156322,1378.923507156322,1240.326479503361,1240.326479503361,1132.8408061399252,1132.8408061399252,867.643344863704,856.4212815183946,856.4212815183946,600.5513557417062,567.4816148636376,548.640945102165,547.3677849181654,547.3677845113393,547.367784511338,547.3677845113348,547.3677845113316,547.367784511328,547.367784511328,404.93092055767784,311.1803081885082,298.36837791003336,298.3683614373424,298.3683614373422,298.3683614373422,298.3683614373422,298.3683614373422,298.3683614373422,298.3683614373422,257.2041598691542,253.88838726810104,253.88692064227575,253.87828803916523,214.39675558763838,214.39674647336687,214.39674647336687,170.17773705738796,170.11682409346417,170.11682409346417,170.11682409346417,148.36232961484438,128.6464531857182,121.34405608839666,110.9073442808151,99.574063447198,96.06510650898895,89.2620240312724,87.0350156415899,82.60836098206289,81.42916690983475,76.93241531509716,71.66705875822277,69.78440728958151,69.56026327531538,58.242391653467166,57.98248444129797,57.6634268058574,56.906370351876944,36.80657270449069,35.39440005995232,34.87862062032468,34.79405683032826,34.69161138251491,28.536894190024555,28.088320029814554,27.95179989402527,27.92888358901837,27.529309501550415,26.303110853254566,26.190434055754736,26.184155381387654,26.179383171487302,26.178379439168793,26.177948939170506,26.177627194958404,26.177364828882446,26.17721970675734,26.177072292860203,26.17700658524359,26.176954462657136,26.176929869646756,26.176904203683762,26.176887753422875,26.176869151613346,26.176858161413975,26.17685227387574,26.17684903665213
main/cec2017_F09_D30/GWO/default/1,13017.725818464352,13017.725818464352,13017.725818464352,13017.725818464352,13017.725818464352,13017.725818464352,13017.725818464352,11625.09046865397,11625.09046865397,11625.09046865397,11625.09046865397,11625.09046865397,11625.09046865397,11625.09046865397,11625.09046865397,11625.09046865397,11625.09046865397,11625.09046865397,11625.09046865397,11625.09046865397,11625.09046865397,11625.09046865397,11625.09046865397,10839.557321435288,10839.557321435288,10839.557321435288,10839.557321435288,10839.557321435288,10839.557321435288,10839.557321435288,10839.557321435288,10827.530579907072,10827.530579907072,10301.177311241741,9581.034810340401,9581.034810340401,9581.034810340401,9581.034810340401,8852.433887295401,8147.452512267611,8147.452512267611,8147.452512267611,8147.452512267611,8147.452512267611,8147.452512267611,8147.452512267611,8147.452512267611,7927.033351939039,7927.033351939039,7927.033351939039,7927.033351939039,7927.033351939039,7927.033351939039,7927.033351939039,7927.033351939039,7927.033351939039,7927.033351939039,7927.033351939039,7927.033351939039,7927.033351939039,7501.381131679102,7501.381131679102,7501.381131679102,7501.381131679102,7501.381131679102,7501.381131679102,7501.381131679102,7501.381131679102,7501.381131679102,7501.381131679102,7501.381131679102,7365.85496933011,7365.85496933011,7365.85496933011,7365.85496933011,7365.85496933011,7365.85496933011,7365.85496933011,7365.85496933011,7365.85496933011,6627.637337466372,6627.637337466372,6627.637337466372,6627.637337466372,6627.637337466372,6627.637337466372,6627.637337466372,6627.637337466372,6627.637337466372,6627.637337466372,6627.637337466372,6627.637337466372,6534.307671348647,6534.307671348647,6534.307671348647,6534.307671348647,6466.453554470554,6232.956310601414,5159.872674111157,4575.400462564775
main/cec2017_F09_D30/CA/default/1,3603.221913169905,2730.9017244557567,2352.0927159891803,2145.055573808273,2098.111042293026,2073.374575576454,2064.344410301514,2057.629317198205,2055.2967468743564,2054.7305907392897,1996.3122872759036,1652.2953088725226,1630.5277165307048,1615.5978629534002,1603.402292863359,1592.274932393204,1579.4120094233167,1566.2746525118682,1560.3159457694464,1558.1987644462306,1557.3785775473443,1556.8177142654458,1556.2943666696865,1555.9198031321957,1555.646322357793,1555.3304115051833,1555.1261878417608,1554.8985080145658,1554.7762057087812,1554.688756591113,1554.5451856329137,1554.3967883827104,1554.2353573282303,1554.2072833603524,1554.1391530878354,1554.0391297354054,1434.579654815282,1372.4237306166551,1352.0426693601476,1348.4688710910905,1345.4221998470493,1344.8432960008768,1344.2798509059758,1343.5699645922487,1343.3004097378139,1343.098612051478,1342.8534597840235,1342.7692372420133,1342.664534096386,1342.5225115990215,1342.2682096904878,1342.0514217652394,1340.9987099805867,1340.8665669424427,1340.7298515301236,1340.6203562732785,1340.4986910338002,1340.465861206546,1324.9814222442978,1324.5328392138376,1324.451018981199,1324.406956084309,1324.3633542058496,1324.328308639435,1324.3136652302592,1324.2950814055603,1324.2849718289326,1324.2741669738389,1324.268254658913,1324.2578016207717,1324.2534694735186,1324.2463506392264,1324.2419712261176,1324.2361140690864,1324.2296070877287,1324.2193670548095,1324.215229571707,1324.21284384088,1324.2080330430067,1324.2033712159491,1324.1994590343188,1324.1962247245256,1324.1915883041902,1324.1880187389752,1324.1848133549042,1324.1815353089896,1324.179430580819,1324.1775813838685,1324.1755926399965,1324.168354186368,1324.1659624454905,1324.1638516716757,1324.1599496279296,1324.1570590321362,1324.1546794768356,1324.150121411606,1324.1457840223889,1324.1404024330586,1324.136278738214,1324.133021252384
main/cec2017_F09_D30/TFO-static/static/1,11330.77405291526,6226.36765488841,4690.913596990216,4001.675331362394,4001.675331362394,3013.905429378457,2232.9802406635035,2211.645894479424,2211.645894479424,2211.645894479424,1877.5715148161917,1792.882945743564,1666.8711514402426,1621.5738066631184,1607.0014916489363,1467.6084379873846,1453.889943038711,1453.4168079394399,1452.9711632930257,1298.9483413749795,1298.9483413749795,1165.860892438921,1079.8053695230756,1053.242032586411,1014.6528759021853,1012.499753287927,1012.499753287927,960.1341989710049,796.8233940348016,779.7742087722818,779.7742087722818,779.7742087722818,779.7742087722818,694.2476601975877,694.1040159722288,694.1040159722288,694.1040159722288,676.0437966788354,636.7530051866722,636.7530051866722,623.4959201237875,623.4959201237875,623.4959201237875,591.5194689612308,590.0770177402133,590.0770177402133,585.2171251610037,578.2055414870647,578.2055414870647,578.2055414870647,578.2055414870647,578.2055414870647,578.2055414870647,575.4028333895997,539.3834946312811,526.1249863430235,526.1249863430235,526.1249863430235,526.1249863430235,521.9359859705812,521.9359859705812,521.9359859705812,521.9359859705812,521.9359859705812,521.9359859705812,520.3276373242602,520.3276373242602,520.3276373242602,520.3276373242602,520.1688313356858,520.1688313356858,520.1688313356858,520.1688313356858,520.1146793106855,502.17774320762487,480.4266744879951,469.2554240720815,457.7491370970856,457.7491370970856,457.7491370970856,457.7491370970856,457.7491370970856,457.7491370970856,418.75177132982617,418.75177132982617,402.7910370854647,402.7910370854647,402.7910370854647,402.13251298367504,402.13251298367504,402.13251298367504,402.13251298367504,400.1488886994148,400.1488886994148,400.1488886994148,331.9941933609009,272.4981166620114,267.20762736304937,259.55395185297584,208.71881165905688
main/cec2017_F09_D30/L-SHADE/default/0,13739.22707563176,11388.121045413754,7195.444682352635,5853.180314324242,4529.806547164469,1961.7168237425903,1961.7168237425903,1473.8142707322913,1136.328337509942,579.2597666319425,328.89173988015614,213.72834654394296,102.00712747969874,42.11899014471862,35.52690496467267,21.402306098748568,11.73934365642333,5.372604989043907,3.5354074813577654,1.3521816122203063,0.9736217377070489,0.5293839487364949,0.277742676900516,0.11048538927343543,0.04248615057633742,0.01073923711749103,0.005040074832777464,0.0013273646936795558,0.0006797007979457703,0.00019214660142097273,5.036304912664491e-05,1.7715422245601076e-05,7.230802339108777e-06,1.7341491229672101e-06,7.579516250189045e-07,1.82622443389846e-07,5.749529918830376e-08,1.6998683349811472e-08,6.329287316475529e-09,1.8924311007140204e-09,3.7266545405145735e-10,1.0970779840135947e-10,3.035438567167148e-11,6.934897101018578e-12,1.5916157281026244e-12,4.547473508864641e-13,1.1368683772161603e-13,1.1368683772161603e-13,0.0,0.0,0.0,0.0,0.0,0.0,0.0,0.0,0.0,0.0,0.0,0.0,0.0,0.0,0.0,0.0,0.0,0.0,0.0,0.0,0.0,0.0,0.0,0.0,0.0,0.0,0.0,0.0,0.0,0.0,0.0,0.0,0.0,0.0,0.0,0.0,0.0,0.0,0.0,0.0,0.0,0.0,0.0,0.0,0.0,0.0,0.0,0.0,0.0,0.0,0.0,0.0
main/cec2017_F09_D30/CMA-ES (IPOP)/default/1,1.1567628997191832,0.4543243453546211,0.4543240185909099,0.4543240185909099,0.4543240185909099,0.004317729949889326,1.0877217846427811e-06,4.843059286940843e-11,1.1368683772161603e-13,1.1368683772161603e-13,1.1368683772161603e-13,1.1368683772161603e-13,1.1368683772161603e-13,1.1368683772161603e-13,1.1368683772161603e-13,1.1368683772161603e-13,1.1368683772161603e-13,1.1368683772161603e-13,1.1368683772161603e-13,1.1368683772161603e-13,1.1368683772161603e-13,1.1368683772161603e-13,1.1368683772161603e-13,1.1368683772161603e-13,1.1368683772161603e-13,1.1368683772161603e-13,1.1368683772161603e-13,1.1368683772161603e-13,1.1368683772161603e-13,1.1368683772161603e-13,1.1368683772161603e-13,1.1368683772161603e-13,1.1368683772161603e-13,1.1368683772161603e-13,1.1368683772161603e-13,1.1368683772161603e-13,1.1368683772161603e-13,1.1368683772161603e-13,1.1368683772161603e-13,1.1368683772161603e-13,1.1368683772161603e-13,1.1368683772161603e-13,1.1368683772161603e-13,1.1368683772161603e-13,1.1368683772161603e-13,1.1368683772161603e-13,1.1368683772161603e-13,1.1368683772161603e-13,1.1368683772161603e-13,1.1368683772161603e-13,1.1368683772161603e-13,1.1368683772161603e-13,1.1368683772161603e-13,1.1368683772161603e-13,1.1368683772161603e-13,1.1368683772161603e-13,1.1368683772161603e-13,1.1368683772161603e-13,1.1368683772161603e-13,1.1368683772161603e-13,1.1368683772161603e-13,1.1368683772161603e-13,1.1368683772161603e-13,1.1368683772161603e-13,1.1368683772161603e-13,1.1368683772161603e-13,1.1368683772161603e-13,1.1368683772161603e-13,1.1368683772161603e-13,1.1368683772161603e-13,1.1368683772161603e-13,1.1368683772161603e-13,1.1368683772161603e-13,1.1368683772161603e-13,1.1368683772161603e-13,1.1368683772161603e-13,1.1368683772161603e-13,1.1368683772161603e-13,1.1368683772161603e-13,1.1368683772161603e-13,1.1368683772161603e-13,1.1368683772161603e-13,1.1368683772161603e-13,1.1368683772161603e-13,1.1368683772161603e-13,1.1368683772161603e-13,1.1368683772161603e-13,1.1368683772161603e-13,1.1368683772161603e-13,1.1368683772161603e-13,1.1368683772161603e-13,1.1368683772161603e-13,1.1368683772161603e-13,1.1368683772161603e-13,1.1368683772161603e-13,1.1368683772161603e-13,1.1368683772161603e-13,1.1368683772161603e-13,1.1368683772161603e-13,1.1368683772161603e-13
main/cec2017_F09_D30/WOA/default/1,13233.54539340596,12225.543330350807,11712.721514871097,11208.91413864423,10812.179242519282,10206.703598009337,9878.260687426038,9243.145168578467,9142.152674142377,9108.711590571489,9082.331064529584,9067.945653469762,9061.974649590438,9044.759451613138,9003.791225797235,8964.44759431962,8937.443959009073,8914.74211144454,8906.275220058084,8850.077090308789,8822.507966342864,8793.413750223806,8776.46172210275,8766.411811646067,8749.052394998824,8738.368909061359,8557.958356169074,8535.285506693253,8527.948817814036,8510.683193789848,8500.298804399923,8493.989709652229,8490.271039595185,8487.546684905523,8485.712274840098,8482.844028024489,8478.168982601886,8476.979603851181,8475.374546738127,8472.500114066617,8470.601764039553,8466.719522257063,8463.145126732074,8459.175471766634,8447.829730262903,8445.343211639134,8442.723971747528,8441.38241482731,8440.743618423692,8440.229582924798,8439.39419686145,8437.87457812611,8436.833494430839,8432.96172568987,8428.064316180173,8426.600899681695,8425.405075201625,8424.551967349978,8423.843200895211,8423.219719255218,8420.760041259042,8420.060128296032,8419.268482740923,8417.970655075269,8416.952001699621,8416.861765414797,8415.762107574008,8411.131047790816,8405.337657911314,8401.889884812153,8401.23445177363,8400.631167316034,8400.029516994913,8378.828503010189,8369.926945444498,8369.112501918036,8364.793794823116,8361.751252059552,8357.193644640363,8355.035868091316,8354.075545698372,8352.714304154078,8352.076157960042,8351.668075700729,8349.64322029065,8346.974510360042,8346.079746965168,8344.855811714044,8344.516261007146,8344.145142389354,8343.010344554556,8342.718709328174,8342.649302195528,8342.35163874698,8341.965958612554,8335.957030378915,8333.414615415799,8332.583734932967,8332.016607489491,8331.719419603589
main/cec2017_F09_D30/TFO/full/2,7543.899208684921,6714.747258282535,5644.53359385214,5337.869003484593,4312.537733268839,2848.899513693448,2717.088535552396,2629.063818503425,2393.2803204686084,2298.5241696374087,2162.3273478229676,2135.151620106904,2063.4066248981126,2063.4066248981126,1807.0007910609875,1591.700418089716,1378.694728765291,1295.0053481148925,1179.713489607862,1124.6096387056914,1003.9638236283367,841.5297801400079,764.3620967489137,754.7953143132149,754.7953143132149,704.612398522509,704.612398522509,586.6018443963264,536.4821799695078,535.926757159179,530.4487821555604,399.04898586007016,399.04898586007016,392.12007322501427,359.16960869228546,333.71620811261914,299.76871423837156,299.76871423837156,299.76871423837156,299.76871423837156,299.76871423837156,261.6386356579319,190.14205408383714,190.14205408383714,176.86126421098493,150.3141533578946,133.06251560665555,132.7763432371528,132.53930898293243,130.28813506328925,113.35208462928631,90.31182452828011,83.2605551625361,81.5106993819279,80.59891404692473,80.59891404692473,78.18257275989345,68.43053588858788,52.90901875372322,49.79166910002846,49.79166910002846,49.79166910002846,48.629594191459546,48.629594191459546,48.629594191459546,48.629594191459546,48.629594191459546,48.531734244097834,47.086558046337814,38.5999253506825,38.33944934234023,38.33944934234023,38.04246647438913,32.824116471503544,30.790393208742785,30.46027056619505,30.26377924457995,30.26377924457995,30.26377924457995,30.16409554311781,30.16310354447171,29.999801208808094,29.999801208808094,29.703355585055306,29.489442110239565,29.390752101307726,29.389289206382273,29.356412722829873,29.356412722829873,29.356412722829873,29.356412722829873,29.356412722829873,29.356412722829873,29.356412722829873,29.356412722829873,29.356412722829873,29.356412722829873,29.356412722829873,29.356412722829873,29.356412722829873
main/cec2017_F09_D30/CA/default/2,4040.0568390398594,2514.3150121018753,1539.798036510127,1401.6933570311285,1365.4883930802139,1356.3308402641042,1342.542885783721,1331.8061601022173,1325.0985335847618,1005.8192050970808,909.3341518810253,866.7881429231359,841.3368598053346,824.795478098378,812.8237269622464,808.561705592218,805.6062778213025,803.6168227934259,803.6168227934259,803.6168227934259,803.6168227934259,803.6168227934259,803.6168227934259,803.6168227934259,803.6168227934259,803.6168227934259,803.6127693554688,801.6574395720957,801.6574395720957,801.6574395720957,797.4807614636431,797.4807614636431,797.4807614636431,797.4807614636431,795.825934019334,795.825934019334,795.825934019334,788.617113938978,788.4793294069082,786.2614621388823,782.618969835516,779.9410794408022,777.8036857720808,776.2582480407575,774.7661528218109,773.1375209883654,771.6314745061945,771.2743802091368,770.9883259793032,770.399781031681,770.0363403933638,769.6714731410771,769.2979093060162,768.9897002464704,768.7136068891145,768.5612260638918,768.3193605703927,768.1320229090074,767.9591210008805,767.8037716595118,767.5649312718078,767.3689699126289,767.3085683749509,767.2767023032843,767.2079899700132,767.1333173572034,767.0980685579489,767.0517653414149,767.0012662036631,766.8964732816028,766.875466469955,766.7963952326259,766.7570863394985,766.7104103174124,766.6715854708568,766.6285524921436,766.5688290892451,766.542863974217,766.521321997041,766.4868663466787,766.4698849796912,766.4429341907112,766.3788167027469,766.2759861181371,766.2150871316874,766.176506479344,766.1466211351064,766.1308938326715,766.1217382170594,766.1120973163299,766.1008553192537,766.0957349501919,766.0881622403626,766.0697522818209,766.0514360232357,766.0364227623443,766.0187090365096,765.9972550585976,765.9872421957898,765.9769808923975
main/cec2017_F09_D30/GA/default/2,4112.900598961832,2003.5056845687668,777.4363658873208,684.183101376175,662.2625398300684,654.768012879495,652.3059494261008,651.8252191930796,649.2673459909497,571.5084330373174,569.2086341700672,558.720192928803,558.2373256107885,544.5708301853344,488.2099808090445,454.40098142932356,403.4721426062017,382.9046191339985,376.717550804706,241.50179668044802,180.65732797357828,177.05860576178566,112.82617750883355,105.08725031972813,102.00151970800925,101.05953407434049,100.9311143432086,100.65647522668553,100.61264253794423,100.55626597129799,100.53219531873947,100.50593067122122,100.4925650620088,100.33300398000324,100.25554115416662,100.25425287618987,100.05248805676229,99.97071096677064,99.96990206262308,99.94481394607396,99.92680192783496,99.65799351997418,99.61982577535605,99.57898766858818,99.5725668132743,54.87343239112681,32.61653821768175,31.119598760649865,30.85150454765369,25.62288250306176,25.011396563370567,24.482001812517865,24.223366472545536,24.089572633391526,24.069966405196624,24.041948294905183,23.540565432225776,23.42362260026391,23.37676350062941,23.349576454808243,23.207970719606237,23.140088443536456,23.11318281886622,23.07073962759398,23.037774936056394,23.023527555680744,23.022840243746714,22.94766099149365,22.927670288662284,22.907963772481708,22.89415339491859,22.88663377371404,22.87796759585524,22.869160821534024,22.867972791675697,22.86791315595599,22.860699321004745,22.847931639305443,22.838234156721455,22.829767162447638,22.81711122989725,22.79802322977548,22.79463217244688,22.790074532327253,22.759033681151777,22.744705631882084,22.73780959781675,22.729374772299593,22.719330287378625,22.718269763623198,22.716362179563816,22.71636207673714,22.71625952554598,22.714503404691982,22.681146627152543,22.679694053094067,22.677092877962423,22.666410452914306,22.63172651184925,22.628278903436353
main/cec2017_F09_D30/PSO/default/2,3089.63898072935,3089.63898072935,2905.674935111757,2905.674935111757,2905.674935111757,2492.123792081128,2378.1731748461066,2378.1731748461066,2323.447049418282,2216.39195770254,2216.39195770254,2118.8310761543744,1566.1868707906488,1566.1868707906488,1566.1868707906488,1566.1868707906488,1566.1868707906488,1566.1868707906488,1250.9200319895826,1250.9200319895826,1250.9200319895826,1250.9200319895826,1250.9200319895826,1250.9200319895826,1250.9200319895826,1213.602726633139,1182.2149981970601,1182.1581670630085,1182.1473894538685,1182.147389160632,1182.1473891400233,1182.1473891398205,1182.14738913982,1182.14738913982,1182.14738913982,1182.14738913982,1182.14738913982,1182.14738913982,1182.14738913982,1182.14738913982,1182.14738913982,1182.14738913982,1182.14738913982,1182.14738913982,1182.14738913982,1182.14738913982,1182.14738913982,1182.14738913982,1182.14738913982,1182.14738913982,1182.14738913982,1182.14738913982,1182.14738913982,1182.14738913982,1182.14738913982,995.7755126258021,993.7275165692026,993.7275165692026,993.7275165692026,756.328973190417,748.1210437657342,748.1210437657342,748.1210437657342,614.5963237032583,567.8342965959544,500.0577100687003,460.522641835729,436.6464385929546,423.230593099162,406.70794106656194,401.9754256620947,396.96622182768715,388.5699317576077,385.7234644969735,384.1008353415127,383.27508152438077,321.29002908018356,317.58282346527767,316.4014693578249,315.82304804657815,315.6446752836555,260.06238613555865,259.3038156007219,258.6908933975892,258.19934255211024,257.74600893046477,257.3961474930045,257.2457178743266,257.1665013495299,257.0815761159424,256.9510575996005,256.88817822299234,254.62543142860977,254.04512697945574,253.93426666372443,253.87620310616717,253.85401725364568,253.83266215760318,253.81905818248083,253.80492360440667
main/cec2017_F09_D30/GWO/default/2,11535.79391909833,10888.654064249577,9898.814010623357,9333.398535725168,9008.434384848944,9008.434384848944,9008.434384848944,9008.434384848944,8216.460151769093,8216.460151769093,8216.460151769093,8216.460151769093,8216.460151769093,8003.203840553899,8003.203840553899,8003.203840553899,7937.077046612656,7937.077046612656,6253.30284194839,6253.30284194839,6253.30284194839,6253.30284194839,4380.470218517017,4380.470218517017,4380.470218517017,4380.470218517017,4380.470218517017,4380.470218517017,4380.470218517017,4380.470218517017,4380.470218517017,4380.470218517017,4380.470218517017,4380.470218517017,4380.470218517017,4380.470218517017,4380.470218517017,4380.470218517017,4380.470218517017,4380.470218517017,4380.470218517017,4380.470218517017,4380.470218517017,4380.470218517017,4005.578886794983,4005.578886794983,4005.578886794983,4005.578886794983,4005.578886794983,3807.739828813188,3807.739828813188,3118.4787042904536,2816.4393908539214,2816.4393908539214,2816.4393908539214,2816.4393908539214,2816.4393908539214,2816.4393908539214,2816.4393908539214,2816.4393908539214,2783.5436995951695,2301.1926260302816,2301.1926260302816,2229.867218186806,2081.8039020935034,2081.8039020935034,2081.8039020935034,2081.8039020935034,2081.8039020935034,2081.8039020935034,2081.8039020935034,2081.8039020935034,1996.5513856804073,1996.5513856804073,1996.5513856804073,1641.6537465619376,1557.9181669891086,1557.9181669891086,1557.9181669891086,1544.3332837365715,1430.9746409458448,1009.326982274134,1009.326982274134,1009.326982274134,986.1277071295203,986.1277071295203,986.1277071295203,986.1277071295203,973.8523015153523,973.8523015153523,911.3921168956279,911.3921168956279,856.5002432201964,825.2528288812846,722.5676015049112,683.9043727125127,683.9043727125127,625.4252836364449,554.0221630742267,530.5899101171972
main/cec2017_F09_D30/L-SHADE/default/1,9725.225010739638,9725.225010739638,5765.845917214118,4433.501428383181,4433.501428383181,3419.3437178978475,2565.97164426782,1110.680281906629,776.2784677070754,570.1443004159555,364.6670406226722,190.1987549134492,81.12671608985306,60.46015712715746,35.64816502835595,13.599056851216233,8.169663053409522,4.720053134441059,2.892579635185598,1.1900933537490346,0.7856291064516654,0.4017519324411296,0.21045243108221712,0.03189108033473076,0.020951173424123226,0.005570602086550025,0.0021950828827357327,0.0007820682262718037,0.00031843791668961785,9.685214604360226e-05,2.238963111267367e-05,8.330552873303532e-06,2.9210119691924774e-06,8.683051646585227e-07,2.3491554657084635e-07,9.28038161873701e-08,2.4259520614577923e-08,6.046661837899592e-09,1.7239472072105855e-09,4.739604264614172e-10,1.333546606474556e-10,3.7061909097246826e-11,8.29913915367797e-12,3.183231456205249e-12,6.821210263296962e-13,2.2737367544323206e-13,1.1368683772161603e-13,0.0,0.0,0.0,0.0,0.0,0.0,0.0,0.0,0.0,0.0,0.0,0.0,0.0,0.0,0.0,0.0,0.0,0.0,0.0,0.0,0.0,0.0,0.0,0.0,0.0,0.0,0.0,0.0,0.0,0.0,0.0,0.0,0.0,0.0,0.0,0.0,0.0,0.0,0.0,0.0,0.0,0.0,0.0,0.0,0.0,0.0,0.0,0.0,0.0,0.0,0.0,0.0,0.0
main/cec2017_F09_D30/TFO-static/static/2,7543.899208684921,6714.747258282535,6714.747258282535,6398.759173104674,6184.695600555333,5864.3693171964915,3793.223388330138,3793.223388330138,3388.8835538896537,2658.096470643389,2434.14829877742,2219.6920236818296,2206.0861733913716,1921.1915775617304,1897.3220180816388,1775.7407313600584,1757.835428482852,1757.835428482852,1734.1867505220002,1734.1867505220002,1734.1867505220002,1734.1867505220002,1670.189432863216,1273.4739983851277,1260.618485682909,1223.6778588619727,1200.1339361331711,1196.385595267252,1196.385595267252,1196.385595267252,1126.0451329065086,1106.091213518791,1054.878160406562,1006.2339625653669,971.9416066487429,962.2561894606679,924.5491886483978,924.5491886483978,896.4841330051527,893.4740920869874,844.330981148076,838.9491078818492,826.5983838302445,826.5983838302445,826.5983838302445,826.5983838302445,824.8569675849137,816.1900671536973,816.1900671536973,748.0932309390564,748.0932309390564,719.0851268044391,683.1087284805274,683.1087284805274,683.1087284805274,683.1087284805274,673.733767323811,669.9641824074779,669.9641824074779,669.9641824074779,669.9641824074779,659.0924169338502,659.0924169338502,659.0924169338502,648.2359566040573,643.9857962501878,596.1538303510313,596.1538303510313,596.1538303510313,596.1538303510313,596.1538303510313,596.1538303510313,590.4452976927823,590.4452976927823,590.4452976927823,590.4452976927823,586.8213924470151,564.1014462745447,564.1014462745447,563.340933320801,563.340933320801,316.59412256243195,316.59412256243195,292.0144111174884,250.85994693635666,237.62281115731116,237.62281115731116,230.21894776799968,172.26664012066794,172.26664012066794,138.47795426987,106.00468454083102,106.00468454083102,85.15447957908941,69.09274804183929,67.67730880455451,39.573407337035746,23.656937602834205,13.539528579773673,8.185127783672897
main/cec2017_F09_D30/CMA-ES (IPOP)/default/2,6.870673454479402,1.1772508304960638,1.1772327884312972,1.1772327884309561,1.1772327884309561,0.001249197190418272,3.255953515690635e-07,1.0334133548894897e-10,0.0,0.0,0.0,0.0,0.0,0.0,0.0,0.0,0.0,0.0,0.0,0.0,0.0,0.0,0.0,0.0,0.0,0.0,0.0,0.0,0.0,0.0,0.0,0.0,0.0,0.0,0.0,0.0,0.0,0.0,0.0,0.0,0.0,0.0,0.0,0.0,0.0,0.0,0.0,0.0,0.0,0.0,0.0,0.0,0.0,0.0,0.0,0.0,0.0,0.0,0.0,0.0,0.0,0.0,0.0,0.0,0.0,0.0,0.0,0.0,0.0,0.0,0.0,0.0,0.0,0.0,0.0,0.0,0.0,0.0,0.0,0.0,0.0,0.0,0.0,0.0,0.0,0.0,0.0,0.0,0.0,0.0,0.0,0.0,0.0,0.0,0.0,0.0,0.0,0.0,0.0,0.0
main/cec2017_F09_D30/TFO/full/3,7500.856318054086,6336.415150378282,5538.916947295669,5538.916947295669,4636.65005743224,4271.854645451175,3334.758438409718,3319.002721613342,3319.002721613342,3171.682561635465,3159.28943981422,3128.147487050021,2992.6709885041932,2863.159433405271,2828.8861242055964,2737.6872280112398,2001.7263419357269,1688.4389326084438,1487.0283726882926,1402.2953292848488,971.1461751499548,814.1268884377791,787.1427312936371,777.2318350364185,760.948991587102,433.3851849835439,401.0576005198386,392.99232745081395,383.0573547806257,333.03886714558485,324.22754361809234,322.4539877189095,322.4539877189095,322.4539877189095,322.4539877189095,297.1165958091433,273.82095317342964,253.86810485201704,253.86810485201704,247.1832618172923,247.1832618172923,247.1832618172923,239.65338430817792,239.65338430817792,233.87800315106642,233.87800315106642,233.87800315106642,233.87800315106642,233.87800315106642,232.6199940982749,205.9964172444029,196.91825121506258,189.7918330544012,184.08828471268157,180.1084517696529,178.7905158402882,172.3223699628786,156.1759565629759,154.902960358133,152.5407438497425,149.8850971864406,145.17278946708734,145.17278946708734,145.17278946708734,140.48448610471291,140.48448610471291,140.48448610471291,137.23031474317668,137.23031474317668,137.23031474317668,137.23031474317668,136.66214101892706,134.59304744201268,134.59304744201268,127.19628902061413,126.5517534336775,125.99599933554123,124.3121115235017,119.22477686256752,117.8450562864972,117.8450562864972,117.8450562864972,117.8450562864972,117.8450562864972,117.8450562864972,117.5909610656065,116.87078223830349,116.87078223830349,116.87078223830349,116.87078223830349,116.50314004566883,116.38427679823155,116.38427679823155,115.57721073473658,115.57721073473658,115.57721073473658,115.40767070761649,115.40767070761649,115.40767070761649,114.62141123590709
main/cec2017_F09_D30/WOA/default/2,10108.658455623621,9058.479550091291,8626.376153764646,8326.52740813095,8215.208722713412,8118.486267613331,8009.832418418864,7949.651030728981,7885.608760606727,7753.940680715305,7716.330339280907,7693.128910560568,7579.214175792924,7555.26977821097,7542.783348262725,7507.529609820023,7483.915736128714,7447.817385671176,7393.424864378067,7364.667942189877,7346.56140949437,7343.092214420634,7340.583930202856,7338.013063695338,7333.778171399759,7145.951022373651,7082.628614025839,7039.250590744934,6958.578106670454,6921.526605201729,6905.042551402889,6871.22266740203,6823.864140703355,6770.4014491313965,6763.161205802245,6758.8257979000155,6752.730449553195,6749.828176609024,6732.444771868941,6662.032643457778,6644.043162902853,6627.596016956635,6618.395445404518,6614.511484076211,6612.529531061351,6611.080070506567,6610.238939840654,6557.414926662393,6540.807758054921,6536.468844439186,6531.42373052538,6528.676490496568,6525.786648795896,6513.235423987645,6509.546134548346,6503.387575553672,6501.873891978808,6500.695142430855,6498.521816821682,6497.747710187068,6495.421300888211,6494.964976919654,6494.565466682526,6491.759700270449,6489.992571160647,6488.778868746026,6488.4347671835285,6487.118837929511,6486.650967525167,6486.173774591062,6484.819103377988,6484.62180909343,6484.52799857268,6484.410597017103,6484.331794755285,6484.104045454943,6483.672875541247,6483.488251794599,6482.666608742024,6482.470395965929,6482.330851948738,6482.156362629224,6481.78231732893,6481.627911522871,6481.222152490722,6478.170513085785,6477.277779848928,6477.112490459587,6476.776803692647,6476.684967381512,6476.457557120492,6476.315374242527,6476.233272531391,6476.206312559508,6476.139153876825,6476.00434334066,6475.957116785113,6475.8921814467985,6475.85744047864,6475.820724333238
main/cec2017_F09_D30/GA/default/3,1124.881687238903,912.5720529102655,666.1986145767867,568.74512449656,421.2897700259616,392.8833441531219,325.50224687969785,310.99440362274254,305.51015637890873,236.63711236098334,233.047160903164,221.91640909948228,209.8792365723316,203.69418804067982,196.83158954620922,193.047040865069,191.53511306338623,139.6393104756603,132.48403008430682,122.85393224267568,109.06241430369073,107.60080309802947,107.46684419427947,107.21902918082492,98.78560157728441,98.0882725004659,97.45379710845634,96.77839403919359,95.687489335814,93.90330136339298,93.65283373585362,93.37937868689119,83.47815805995549,83.23912096926495,82.3711792443853,82.3242985973776,82.24435782063995,82.2209003258763,82.17412142048602,77.08488276158141,76.60133635165766,76.48559482673477,76.09462256827021,75.92190058493418,75.67025085902083,75.53152083482405,75.53029681787325,75.52561403682114,75.44878860623453,75.41135019269143,75.23189317753327,75.14190759798873,75.09363895235606,75.07239074072879,75.0687947291575,75.01485675697074,74.9354245731322,74.89626487114765,74.88464577409354,73.50568524241407,73.33645305413518,73.15662923861578,73.1329301598671,72.88853912822788,72.86428238498456,72.8598710599423,72.8368686959401,72.83236684662484,72.83107130789244,72.82663324914961,72.82317523035942,72.81968235569104,72.77561802280059,72.75112714168722,72.72854774480493,72.72252880613689,72.71312992787841,72.70083120408083,72.69443908724281,72.6922373401029,72.69204870984402,72.68843557985304,72.68836836731907,72.57913667834907,72.52371650405632,72.51336972717661,69.09237377154318,66.21244927403427,63.30722071034745,62.88789577950854,62.79929819162203,62.77774772390853,62.75620202277162,62.71671735984012,62.71238504275709,62.699373394192776,62.622359840622494,62.502281574623794,62.493343052705995,62.49255781179079
main/cec2017_F09_D30/PSO/default/3,3821.188721850338,3080.274559547269,2694.9031658942054,2177.57019840362,1654.4136090432512,1654.4136090432512,1654.4136090432512,1654.4136090432512,1654.4136090432512,1622.0961911378918,1602.9044247033453,1342.1928917787618,1234.0676570557507,1234.0676570557507,1234.0676570557507,1144.2373167300982,968.611740814611,968.611740814611,760.0805048122797,738.8850674486828,738.4997451213903,738.49973933102,738.49973933102,738.49973933102,738.49973933102,738.49973933102,738.49973933102,738.49973933102,738.49973933102,738.49973933102,732.8874797856615,702.3258300389807,553.7196108641122,553.7161946247375,553.7161946247343,553.7161946247343,553.7161946247343,553.7161946247343,553.7161946247343,553.7161946247343,553.7161946247343,403.998615435268,386.44671753643206,321.5718703549776,271.19733785132485,223.61168060725186,207.51011062269617,205.6423290285236,200.99426440335947,199.42947051480746,197.8038120159581,197.29138426622671,195.85349477312343,193.35282285067615,189.0591830326091,187.2288888870453,186.77666221186473,186.63156637395878,186.51906199036853,184.4795443023445,184.32957719513183,183.90801886887152,183.74337619742573,183.2279487723074,183.09646136592528,182.97563568654073,182.89451855430707,182.86694636948914,161.09353809082086,156.23296226247203,154.59960240487885,154.4093331892425,154.34497290174477,154.2458580277389,152.17183080299105,149.73766949760056,149.71764454954473,140.96969078325742,139.32903166132428,139.29965579569557,139.29499674631074,139.29259773328636,139.29124622841118,139.29059019900387,139.29006730286528,139.2896555292475,139.28927925967514,139.28914304649743,139.28897190091038,139.28887789401347,139.28881762209267,139.2887835409117,139.28872093504447,139.28867258279206,139.28651615493254,139.25250725139654,139.24244371405143,139.24147173474148,139.24064997689743,139.2405262074849
main/cec2017_F09_D30/CA/default/3,2837.090223214694,1340.4086428911069,1035.4349197807355,961.5534558830132,947.708416573741,942.7678235077276,942.5926598749377,942.5926598749377,942.5926598749377,942.4122311296562,823.4158188302608,780.6836835797676,769.1900364142073,768.2777492495238,767.1055554799218,766.4458603933485,765.9496696285589,764.8794958109031,763.7642229455869,763.2844228687447,752.8374200204507,744.5766176696663,743.4360371682583,737.4871106710307,735.0790376377431,728.1384426989878,727.5625729394721,726.9903516632507,726.6602159556271,726.2887215475685,725.6251083609586,725.3722478843906,725.1991106630833,724.9932121600516,724.6875977183461,724.4360533619924,724.1502425012304,723.753284373922,671.9159512680328,670.9595767275082,667.2400980818907,659.9109692744057,657.4989225535573,653.6954710734944,650.1648397862773,648.4382955497922,648.0634370976145,647.9374371806462,647.789827006432,647.7287105136106,647.6273406124701,647.5548327906524,647.5204086753083,647.497474417565,647.4728630649211,647.4501740826395,647.4247116902229,647.4107925661574,647.3937603179313,647.3819420426662,647.3693302607321,647.3594647501168,647.3497862508289,647.3396702148189,647.3334749027517,647.3257754269475,647.3163644274573,647.3084158590912,647.3045965607721,647.2976487602584,647.2839836735102,647.2753788423756,647.2723600291586,647.2662361604921,647.2623996848934,647.2605583625368,647.2594957518781,647.2586911182132,647.2568447650074,647.2552084978622,647.2544300694171,647.2525372106663,647.2481643691422,647.2466396220484,647.2456420451381,647.245082163075,647.2442024612492,647.2434376732731,647.2426089841838,647.241497625495,647.2388866881777,647.2360808954622,647.2349278593051,647.2337914497512,647.2330141455891,647.2323952345264,647.2315457792974,647.2294296018583,647.2280707045597,647.2276557278328
main/cec2017_F09_D30/GWO/default/3,10271.99696204936,9817.860824818128,9817.860824818128,9817.860824818128,8960.668083152223,8960.668083152223,8960.668083152223,8960.668083152223,8960.668083152223,8960.668083152223,8960.668083152223,8960.668083152223,8960.668083152223,8174.232221480148,7716.835005804034,7716.835005804034,7716.835005804034,7716.835005804034,7716.835005804034,7716.835005804034,7716.835005804034,7716.835005804034,7716.835005804034,7716.835005804034,7265.29166395263,7265.29166395263,7265.29166395263,7265.29166395263,7265.29166395263,7265.29166395263,7265.29166395263,7136.371182569198,7136.371182569198,7136.371182569198,7136.371182569198,7136.371182569198,7136.371182569198,7136.371182569198,7136.371182569198,6840.294339857551,6840.294339857551,6634.834558558621,6506.085028597474,5911.388032743151,5911.388032743151,5911.388032743151,5911.388032743151,5911.388032743151,5911.388032743151,5863.9397474263005,5863.9397474263005,5863.9397474263005,5863.9397474263005,5731.427106309279,5731.427106309279,5731.427106309279,5731.427106309279,5731.427106309279,5731.427106309279,5731.427106309279,4780.981818667596,4780.981818667596,4780.981818667596,4780.981818667596,4780.981818667596,4780.981818667596,4780.981818667596,4780.981818667596,4780.981818667596,4780.981818667596,4483.420419218025,4483.420419218025,4483.420419218025,4483.420419218025,4483.420419218025,4314.647374584356,4314.647374584356,4028.1723542646405,4028.1723542646405,4028.1723542646405,4028.1723542646405,4028.1723542646405,4028.1723542646405,4028.1723542646405,3837.425632673494,3826.0561106629884,3826.0561106629884,3826.0561106629884,3826.0561106629884,3826.0561106629884,3826.0561106629884,3826.0561106629884,3826.0561106629884,3826.0561106629884,3826.0561106629884,3679.0386675141053,3679.0386675141053,2954.2650870313023,2394.3684300178834,2002.018661687323
main/cec2017_F09_D30/L-SHADE/default/2,12476.183460347194,9144.529609092708,6512.546077213774,4849.679391130928,4814.951188060017,3559.053600819334,1963.4189180325848,1193.0207264402698,1017.0097720063832,655.4198889663603,348.43060937460837,260.48683748971166,127.28050147529007,56.785861586976694,36.793864780967056,18.166720663907427,7.901210591648464,5.057026770299672,2.015852222577564,1.2994498280988864,0.840273297554063,0.4832485802795645,0.22583303867008908,0.07245662531522612,0.023059129212242624,0.009516232675650826,0.003212132948647195,0.001076716307238712,0.0003984009485975548,0.00015894147145445459,5.138809262916766e-05,1.2443191508282325e-05,5.220187176746549e-06,1.3337786413103458e-06,4.616784963218379e-07,1.3681074051419273e-07,4.010428256151499e-08,8.249116945080459e-09,4.3356749301892705e-09,1.0529674909776077e-09,2.625029082992114e-10,6.502887117676437e-11,2.4215296434704214e-11,4.774847184307873e-12,1.2505552149377763e-12,3.410605131648481e-13,1.1368683772161603e-13,0.0,0.0,0.0,0.0,0.0,0.0,0.0,0.0,0.0,0.0,0.0,0.0,0.0,0.0,0.0,0.0,0.0,0.0,0.0,0.0,0.0,0.0,0.0,0.0,0.0,0.0,0.0,0.0,0.0,0.0,0.0,0.0,0.0,0.0,0.0,0.0,0.0,0.0,0.0,0.0,0.0,0.0,0.0,0.0,0.0,0.0,0.0,0.0,0.0,0.0,0.0,0.0,0.0
main/cec2017_F09_D30/TFO-static/static/3,7500.856318054086,6774.593857996712,6725.326525304623,6506.129618842799,6434.195020887653,5268.170072719983,4758.747408453331,4712.027906414932,4712.027906414932,4712.027906414932,4606.806761290938,4417.228073636508,4410.984473020869,3671.0154301035727,3479.1540967080446,3108.368967386298,2598.9393671544403,2571.456178716121,2558.733141059346,2551.8962400006158,2507.651544790445,2493.5609400335798,2493.5609400335798,2493.5609400335798,2491.745014328458,2491.745014328458,2490.044871277792,2044.448338388513,2044.448338388513,1946.7554223713678,1820.0264035104865,1382.2663612799702,1333.4143400918483,1333.4143400918483,1333.4143400918483,1333.4143400918483,1186.1125717806476,1151.6683298018938,1103.8975846653539,1096.4938232123443,1096.4938232123443,1095.463735190537,1095.463735190537,1095.463735190537,926.8611953898017,856.3594272844334,727.8300861061302,553.8777219261392,544.6273079967441,497.8445611965665,431.09377844365963,419.7749636146866,412.4318284209537,397.74024876098247,389.28813824574536,388.7854944741912,388.7854944741912,387.63096778600675,387.63096778600675,355.804014794508,344.5071545690771,344.5071545690771,344.5071545690771,344.5071545690771,335.70137928180156,335.70137928180156,335.70137928180156,329.06062940442416,329.06062940442416,327.16588742467593,326.99072285150055,326.41870497634545,326.41870497634545,323.28136939024967,323.28136939024967,316.20620803074326,316.20620803074326,314.4196402526986,314.4196402526986,314.4196402526986,314.4196402526986,314.4196402526986,314.38950719429477,314.38950719429477,314.38950719429477,314.38950719429477,314.38950719429477,314.38950719429477,314.38950719429477,314.38950719429477,314.38950719429477,314.38950719429477,314.38950719429477,232.73163081524422,232.05677090036988,197.56986046532302,127.55601782444569,79.65092874395725,52.83445359836014,25.424314555171804
main/cec2017_F09_D30/CMA-ES (IPOP)/default/3,7.632086688047366,1.5175799701803498,1.5175638645873732,1.51756386458419,1.51756386458419,0.0023972119773816303,3.3220976547454484e-07,6.969003152335063e-11,1.1368683772161603e-13,1.1368683772161603e-13,1.1368683772161603e-13,1.1368683772161603e-13,1.1368683772161603e-13,1.1368683772161603e-13,1.1368683772161603e-13,1.1368683772161603e-13,1.1368683772161603e-13,1.1368683772161603e-13,1.1368683772161603e-13,1.1368683772161603e-13,1.1368683772161603e-13,1.1368683772161603e-13,1.1368683772161603e-13,1.1368683772161603e-13,1.1368683772161603e-13,1.1368683772161603e-13,1.1368683772161603e-13,1.1368683772161603e-13,1.1368683772161603e-13,1.1368683772161603e-13,1.1368683772161603e-13,1.1368683772161603e-13,1.1368683772161603e-13,1.1368683772161603e-13,1.1368683772161603e-13,1.1368683772161603e-13,1.1368683772161603e-13,1.1368683772161603e-13,1.1368683772161603e-13,1.1368683772161603e-13,1.1368683772161603e-13,1.1368683772161603e-13,1.1368683772161603e-13,1.1368683772161603e-13,1.1368683772161603e-13,1.1368683772161603e-13,1.1368683772161603e-13,1.1368683772161603e-13,1.1368683772161603e-13,1.1368683772161603e-13,1.1368683772161603e-13,1.1368683772161603e-13,1.1368683772161603e-13,1.1368683772161603e-13,1.1368683772161603e-13,1.1368683772161603e-13,1.1368683772161603e-13,1.1368683772161603e-13,1.1368683772161603e-13,1.1368683772161603e-13,1.1368683772161603e-13,1.1368683772161603e-13,1.1368683772161603e-13,1.1368683772161603e-13,1.1368683772161603e-13,1.1368683772161603e-13,1.1368683772161603e-13,1.1368683772161603e-13,1.1368683772161603e-13,1.1368683772161603e-13,1.1368683772161603e-13,1.1368683772161603e-13,1.1368683772161603e-13,1.1368683772161603e-13,1.1368683772161603e-13,1.1368683772161603e-13,1.1368683772161603e-13,1.1368683772161603e-13,1.1368683772161603e-13,1.1368683772161603e-13,1.1368683772161603e-13,1.1368683772161603e-13,1.1368683772161603e-13,1.1368683772161603e-13,1.1368683772161603e-13,1.1368683772161603e-13,1.1368683772161603e-13,1.1368683772161603e-13,1.1368683772161603e-13,1.1368683772161603e-13,1.1368683772161603e-13,1.1368683772161603e-13,1.1368683772161603e-13,1.1368683772161603e-13,1.1368683772161603e-13,1.1368683772161603e-13,1.1368683772161603e-13,1.1368683772161603e-13,1.1368683772161603e-13,1.1368683772161603e-13
main/cec2017_F09_D30/WOA/default/3,13539.461352931108,11411.35965669011,10426.542320101635,10097.576769667327,9952.94751706097,9815.645903680386,9641.081013720794,9457.918892482136,9417.0116397911,8896.921118261474,8812.96321925068,8797.232512483066,8754.390740729339,8709.943262150306,8685.858927596819,8679.942887287305,8669.068610815839,8662.102421834388,8657.599938843634,8656.329439571831,8655.844893764475,8647.82358162541,8645.877669616371,8641.422304332638,8640.420486649242,8639.766853426154,8638.432886256742,8637.235049539126,8636.501828240464,8636.180380109972,8636.101489310215,8635.600896107479,8635.14122230146,8634.80508174162,8634.067617248413,8633.74266232794,8633.605574696441,8633.24557863864,8633.03432891438,8632.856987586056,8632.804194157994,8632.714774732829,8632.525917743049,8632.358736621154,8632.295375324891,8632.206003010151,8632.152057553509,8632.093469504029,8631.997890463255,8631.921794280259,8631.821809349494,8631.718970346243,8631.606512336162,8631.550225763063,8631.387791551851,8631.347763608928,8631.29591061525,8631.262488371754,8631.23697379458,8631.19663215547,8631.156494590736,8631.1265829619,8631.033460767288,8631.023990964457,8630.992583901752,8630.988512180893,8630.961244930413,8630.954571259783,8630.884530802554,8630.872958414746,8630.77731864565,8630.609523634668,8630.45429190797,8630.3684271815,8630.277142955158,8630.235800962331,8630.178625720047,8630.13749496466,8630.108527705537,8630.082943305586,8630.080840817103,8630.053354589536,8630.023367368773,8630.000008318068,8629.953299957777,8629.899618150419,8629.890943744342,8629.88248725566,8629.871876659477,8629.836503371364,8629.810834412801,8629.791407121595,8629.773029497885,8629.75080683403,8629.687921983532,8629.613327182598,8629.581335689778,8629.560632658118,8629.52471341221,8629.506642916029
main/cec2017_F09_D30/CA/default/4,4570.994848542737,3305.8799455185745,2868.350397442514,2628.2965544332046,2553.4664813143777,2514.502768792466,2486.7255736345387,1769.3709528564086,1337.014797088349,1221.3244637032535,1164.5199642824537,1131.0703697420424,800.5790972968098,701.5970058839182,663.673757409591,644.4472282727279,636.8133514143015,635.8993275899952,635.8993275899952,635.8993275899952,635.8993275899952,635.8993275899952,635.8993275899952,635.3060039950915,633.8356319320033,633.40531135231,632.7018015184751,631.9825355675605,630.2734595667839,628.3844140020979,626.7668271694579,611.6163108329151,610.154783987105,609.5596968535142,609.2754181089704,609.037085403851,608.838504058434,608.7908897044067,608.7137256493193,608.6522852482683,608.5566362698144,608.506973725081,608.4462738259404,608.3954745755232,608.3668899600057,608.3228872916884,608.2714270621132,608.2041933812789,608.1521387731405,608.125605993494,608.024178974865,607.9510673657255,607.888828621723,607.8420851448659,607.8066529006046,607.7889510805066,607.7746738921055,560.4708356400138,558.0333418856453,552.8477151750271,550.7882923417137,549.2658975346378,544.5789216970477,538.8316256169983,536.8310206718756,445.54306260325166,443.1950791609361,442.72987056037573,442.64884013917117,442.57702334014925,442.516067333368,442.4724374557113,442.4144056000987,442.38294328106394,442.3108849494249,442.2798209764412,442.24234021149846,442.1731133699809,442.13516365196347,442.0844875325388,442.05761832963344,441.9993556118493,441.97963633225777,441.9510725335829,441.91760674651255,441.88755913858404,441.8585546592308,441.84142721323497,441.819340762617,441.79742783284723,441.78034960757395,441.7690833799959,441.751560815399,441.73406331629235,441.7027441123896,441.6840630623276,441.66309140982594,441.6433781491278,441.62991648169236,441.60727954539834
main/cec2017_F09_D30/TFO/full/4,9598.597596483365,5337.958154968992,5267.935099341132,5087.23580605103,4630.901233817103,4630.848277218428,3427.445975015231,2672.828086571764,1960.1940543617889,1792.6746544120415,1210.3255155711363,1182.7273171293245,1150.2113725098889,979.022918682901,927.5206948410364,851.5247951673023,794.7661868858465,716.429665872605,699.9163514105107,699.9163514105107,683.5266799191863,683.5266799191863,683.5266799191863,683.5266799191863,589.0630582666631,497.6047066937165,447.03381751367283,396.8841138661601,378.2158590856475,378.2158590856475,376.76858955167563,376.76858955167563,376.76858955167563,376.76858955167563,372.48011514818677,324.53679136579876,292.06677842562044,292.06677842562044,289.55320681633157,283.8705317383037,274.8598513542054,249.74206047989287,248.43925902431852,248.20522897809246,244.6250093959004,243.42117322283252,237.90149188538248,237.90149188538248,237.90149188538248,236.8074706487596,236.8074706487596,236.21656681244053,236.21656681244053,236.20301491599912,236.20301491599912,236.20301491599912,229.0863924646235,229.0863924646235,229.0863924646235,229.0863924646235,229.0863924646235,229.0863924646235,229.0863924646235,226.98126919402966,226.98126919402966,226.98126919402966,226.98126919402966,226.98126919402966,226.98126919402966,226.98126919402966,226.98126919402966,226.98126919402966,226.98126919402966,226.98126919402966,226.98126919402966,226.8161310413641,226.8161310413641,226.8161310413641,226.8161310413641,226.8161310413641,226.30134253474898,226.30134253474898,226.30134253474898,226.30134253474898,226.30134253474898,226.30134253474898,226.30134253474898,226.30134253474898,226.30134253474898,226.30134253474898,226.30134253474898,226.30134253474898,225.66953188089838,225.66953188089838,225.66953188089838,225.66953188089838,225.66953188089838,225.66953188089838,225.62363627425952,223.83089806583962
main/cec2017_F09_D30/GA/default/4,1941.9277764868898,1004.5818148052185,727.0882570607087,657.9260753512817,651.2414447598846,616.5654559816735,593.5515979822771,564.424401801866,559.8440574861811,559.0202928019316,550.3596004194226,546.1730886431576,545.8761747085541,543.1551958016371,542.9907366096345,542.7953838932754,542.3165056066327,542.282166002653,540.8464365567825,540.3805274135068,540.1755926231983,539.5795322978875,539.4913557187615,539.4462254522384,539.3454999353037,539.3097640385145,539.3040508616805,539.2966208430012,539.2935196648602,539.1588159453779,539.1133739124159,539.1016908592619,539.0887137328566,538.97300944057,538.9699119232637,538.9699119232637,538.9678800726313,538.8939405917513,538.8928636753606,538.8837241701613,538.8685201939547,538.8479740333089,538.767402896216,538.7673227629612,538.7646050615826,521.508856951891,515.5184391759649,514.4430465420567,514.2985668210306,513.8217934677855,513.5830813733983,513.3294422789775,513.0857593074688,512.9573231478485,512.762400125948,512.4600376950825,512.3849062252091,512.361927234567,512.2351103811147,512.1195484264972,512.0374327525114,512.0030992423842,511.9120229109915,511.7538627694489,511.75364896940846,511.7470745656508,511.7017707122718,511.68095839742364,511.66056320854454,511.5731656549167,511.55008702050145,511.51672437313846,511.4876661252549,511.4757299263058,511.46320632045877,511.4151484963486,511.2797736011794,511.27751297646887,511.26085661023467,511.23901069278554,511.23645425417544,511.1966470145155,511.180127829693,511.1060899011268,511.0760992688024,511.0560271500608,510.9157933312256,510.8941740482585,510.89161686103307,510.87760924459144,510.8699300480216,510.8337581739577,510.80788938739715,510.7983414574387,510.79421637197674,510.7145609329991,510.70219110362655,510.6705649197313,510.62848193998775,510.6134993760811
main/cec2017_F09_D30/PSO/default/4,2405.573141086178,2360.7522170304974,2360.7522170304974,2360.7522170304974,1458.0334511912688,1076.9831414883568,1076.9831414883568,1076.9831414883568,1076.9831414883568,1076.9831414883568,888.8767328102599,472.94984883957045,472.94984883957045,472.94984883957045,472.94984883957045,472.94984883957045,472.94984883957045,472.94984883957045,472.94984883957045,450.4758073540145,450.4758073540145,398.70460630316256,394.2264394910767,390.67476676530055,390.6438933726049,390.6438933726049,390.63872190706206,390.6385540678755,390.6385537651572,390.6385537631545,390.6385537631545,390.6385537631545,390.6385537631545,390.6385537631545,390.6385537631545,390.6385537631545,390.6385537631545,390.6385537631545,390.6385537631545,390.6385537631545,390.6385537631545,390.6385537631545,390.6385537631545,390.6385537631545,390.6385537631545,390.6385537631545,311.09694767609494,258.64040852266544,184.17982555982508,137.82365375775453,121.40436779296249,112.65012884185285,111.03803065385239,109.18664989484432,102.34476252914658,96.62466046176439,93.90716016021031,91.04750232977358,89.13081157994077,88.31487663294615,87.8999491148461,87.71778912399554,87.50488578624788,87.42156861890612,87.36351050837868,87.32061947833904,87.28900549780849,87.25979661429471,87.22155374564488,87.20225109005548,83.77564886085258,77.32835224617054,76.8411170171072,76.80209584104841,76.74642110124819,76.73371820529633,76.72789741512838,76.72378468882721,76.7205943963445,76.71938292098912,76.71890260264206,76.71879364112567,76.71870345980926,76.71866256675071,76.71864688998585,76.71863474098643,76.71863096665106,76.71862770295377,76.71862121362915,76.71861350359165,76.7186100994586,76.71860817648462,76.71860625490194,76.71860578800101,76.71860557540072,76.71860533246718,76.7186047782277,76.71860436478187,76.71860414382445,76.71860400905007
main/cec2017_F09_D30/GWO/default/4,10143.231001313326,8130.97308515483,8130.97308515483,8130.97308515483,8130.97308515483,8130.97308515483,8130.97308515483,8130.97308515483,8130.97308515483,7999.593792451493,7296.546618655695,6457.26149093043,6457.26149093043,6457.26149093043,6457.26149093043,6457.26149093043,6063.637833884977,5188.821418480068,5188.821418480068,5188.821418480068,5188.821418480068,5188.821418480068,5188.821418480068,5188.821418480068,5188.821418480068,5188.821418480068,5188.821418480068,5188.821418480068,5188.821418480068,5188.821418480068,5188.821418480068,5188.821418480068,5188.821418480068,5188.821418480068,4595.783301887244,4595.783301887244,4595.783301887244,4437.784444750976,4437.784444750976,4308.394287821221,4147.064412041859,4147.064412041859,4147.064412041859,2345.512973922001,2345.512973922001,2345.512973922001,2345.512973922001,2345.512973922001,1929.0806873829638,1587.5471495305092,1587.5471495305092,1587.5471495305092,1587.5471495305092,1521.360437927351,1521.360437927351,1521.360437927351,1521.360437927351,1521.360437927351,1521.360437927351,1362.5056145145195,1362.5056145145195,1102.0675481597107,1102.0675481597107,1102.0675481597107,1102.0675481597107,1102.0675481597107,1102.0675481597107,996.3709523079556,996.3709523079556,987.6869264958614,987.6869264958614,840.0370728915887,840.0370728915887,701.4371178837296,701.4371178837296,701.4371178837296,701.4371178837296,636.5823351115555,550.0455628033553,550.0455628033553,514.2960462100159,514.2960462100159,514.2960462100159,458.2247324894279,458.2247324894279,375.5113997768299,375.5113997768299,319.46832498935373,319.46832498935373,263.5647632776602,263.5647632776602,231.06829176661267,226.41525637657514,193.97690361152968,178.54426662481933,170.62826473874793,147.07365672533842,145.41761813496714,134.00571759233685,126.63855217591981
main/cec2017_F09_D30/L-SHADE/default/3,15923.355917687157,7678.5768177238515,5343.405729382333,5343.405729382333,3976.1202414295794,3309.1893169859795,2472.127798154364,1499.8715022033193,1043.3434482293342,307.68583106977485,295.2880330133976,143.64215885100384,113.29386116517344,51.31517317166754,29.631220038478546,16.806326922511857,7.310171980411042,2.701069458045481,1.148071055888181,1.010265286006188,0.7441864365163156,0.3868818620675256,0.13956441226548577,0.044606507581761434,0.013486007246797271,0.006145130668301135,0.0017391999887195198,0.0008222557075896475,0.0002914639297841859,8.513488614880771e-05,3.483963234884868e-05,8.411660360252426e-06,3.2204507078859024e-06,8.30329668133345e-07,3.2167690733331256e-07,8.431572950939881e-08,3.307604856672697e-08,8.738311407796573e-09,2.7965825211140327e-09,6.614300218643621e-10,2.0258994481991976e-10,4.638422979041934e-11,1.2846612662542611e-11,3.751665644813329e-12,7.958078640513122e-13,2.2737367544323206e-13,1.1368683772161603e-13,0.0,0.0,0.0,0.0,0.0,0.0,0.0,0.0,0.0,0.0,0.0,0.0,0.0,0.0,0.0,0.0,0.0,0.0,0.0,0.0,0.0,0.0,0.0,0.0,0.0,0.0,0.0,0.0,0.0,0.0,0.0,0.0,0.0,0.0,0.0,0.0,0.0,0.0,0.0,0.0,0.0,0.0,0.0,0.0,0.0,0.0,0.0,0.0,0.0,0.0,0.0,0.0,0.0
main/cec2017_F09_D30/TFO-static/static/4,9598.597596483365,7320.538978333665,6570.42070548282,6389.738734244164,6039.479083634498,3647.520603045905,3647.520603045905,3647.520603045905,3632.8454037578285,3481.8591966844815,3389.6105719726866,3049.0014948271314,3046.5704793992622,2386.4573612094746,2343.1351977981326,2164.12411527433,2031.3991882011242,2031.3991882011242,2031.3991882011242,2031.3991882011242,1902.7965584803387,1902.7965584803387,1902.7965584803387,1756.29772817103,1688.9144342617356,1688.9144342617356,1602.9227496217436,1497.2254152774785,1497.2254152774785,1497.2254152774785,1497.2254152774785,1413.5794232791677,1407.9945842894967,1405.6400517181796,1379.1967673914805,1379.1967673914805,1379.1967673914805,1352.0068535887012,1352.0068535887012,1352.0068535887012,1352.0068535887012,1352.0068535887012,1352.0068535887012,1352.0068535887012,1303.265996397652,1302.2103555424,1302.2103555424,1302.2103555424,1299.5137319251821,1292.4761079937562,1292.4761079937562,1279.8929442549488,1279.8929442549488,1279.8929442549488,1257.2760523598909,1257.2760523598909,1257.2760523598909,1257.2760523598909,1238.819303906248,1212.9736887926856,1206.6596244645234,1206.6596244645234,1206.6596244645234,1206.6596244645234,1206.6596244645234,1167.1430899222105,1167.1430899222105,1153.8813413060852,1153.8813413060852,1153.8813413060852,1153.8813413060852,1153.8813413060852,1153.8813413060852,1153.8813413060852,1153.8813413060852,748.6228173704703,616.6412733314842,564.8560782926386,541.4386369942572,449.03988124592115,382.31634448369505,328.0328285877845,306.8267637469828,296.8782906105978,296.8782906105978,275.46207821971757,271.5550793291036,268.7987702551211,216.42583556559748,174.34015885931922,140.70515511081453,113.07784081373939,113.07784081373939,99.261419382143,86.18936459732504,75.95104693398832,59.11365310913038,52.906647683343294,45.2766949923448,24.332435185447025
main/cec2017_F09_D30/CMA-ES (IPOP)/default/4,1.398434117548959,0.4543267564445159,0.45432401859102356,0.4543240185909099,0.4543240185909099,0.0018420534383949416,5.05483058077516e-07,9.310952009400353e-11,1.1368683772161603e-13,1.1368683772161603e-13,1.1368683772161603e-13,1.1368683772161603e-13,1.1368683772161603e-13,1.1368683772161603e-13,1.1368683772161603e-13,1.1368683772161603e-13,1.1368683772161603e-13,1.1368683772161603e-13,1.1368683772161603e-13,1.1368683772161603e-13,1.1368683772161603e-13,1.1368683772161603e-13,1.1368683772161603e-13,1.1368683772161603e-13,1.1368683772161603e-13,1.1368683772161603e-13,1.1368683772161603e-13,1.1368683772161603e-13,1.1368683772161603e-13,1.1368683772161603e-13,1.1368683772161603e-13,1.1368683772161603e-13,1.1368683772161603e-13,1.1368683772161603e-13,1.1368683772161603e-13,1.1368683772161603e-13,1.1368683772161603e-13,1.1368683772161603e-13,1.1368683772161603e-13,1.1368683772161603e-13,1.1368683772161603e-13,1.1368683772161603e-13,1.1368683772161603e-13,1.1368683772161603e-13,1.1368683772161603e-13,1.1368683772161603e-13,1.1368683772161603e-13,1.1368683772161603e-13,1.1368683772161603e-13,1.1368683772161603e-13,1.1368683772161603e-13,1.1368683772161603e-13,1.1368683772161603e-13,1.1368683772161603e-13,1.1368683772161603e-13,1.1368683772161603e-13,1.1368683772161603e-13,1.1368683772161603e-13,1.1368683772161603e-13,1.1368683772161603e-13,1.1368683772161603e-13,1.1368683772161603e-13,1.1368683772161603e-13,1.1368683772161603e-13,1.1368683772161603e-13,1.1368683772161603e-13,1.1368683772161603e-13,1.1368683772161603e-13,1.1368683772161603e-13,1.1368683772161603e-13,1.1368683772161603e-13,1.1368683772161603e-13,1.1368683772161603e-13,1.1368683772161603e-13,1.1368683772161603e-13,1.1368683772161603e-13,1.1368683772161603e-13,1.1368683772161603e-13,1.1368683772161603e-13,1.1368683772161603e-13,1.1368683772161603e-13,1.1368683772161603e-13,1.1368683772161603e-13,1.1368683772161603e-13,1.1368683772161603e-13,1.1368683772161603e-13,1.1368683772161603e-13,1.1368683772161603e-13,1.1368683772161603e-13,1.1368683772161603e-13,1.1368683772161603e-13,1.1368683772161603e-13,1.1368683772161603e-13,1.1368683772161603e-13,1.1368683772161603e-13,1.1368683772161603e-13,1.1368683772161603e-13,1.1368683772161603e-13,1.1368683772161603e-13,1.1368683772161603e-13
main/cec2017_F09_D30/WOA/default/4,15332.601781937206,11712.199359762679,10447.676793284809,9809.694732285134,9415.95982110022,9288.951455721533,8924.100787193924,8771.019961890841,8657.834739835644,8573.79418874333,8561.588392265276,8485.902539028873,8333.916453072054,8263.364370007934,8065.805557282394,7882.539147653701,7822.302113523896,7804.169312689819,7784.257734593666,7771.028244708439,7767.768691709343,7765.234457772038,7745.104944519491,7728.794353185631,7714.603385350056,7707.9965749850635,7692.653420071489,7690.068936262684,7683.400211657743,7677.804634578397,7674.631821524272,7672.516579068932,7672.2768998437205,7660.362218397044,7620.47508452166,7611.553148500356,7607.599873712972,7590.854605716097,7579.374636414872,7573.837211936312,7565.033159344086,7562.638724685534,7560.687884000454,7555.672214223136,7544.785689037526,7536.741708920783,7526.486810834876,7522.289050340196,7520.642856600238,7519.853290772018,7519.483283132215,7518.214320679377,7515.478359127661,7512.570276278375,7510.698673334806,7504.014033487731,7500.983174784564,7499.862958316142,7494.233554894017,7493.217060635616,7492.395640971743,7491.508076416936,7489.60463095987,7485.3292869327415,7483.474670187961,7481.094096385041,7478.254329857493,7475.486717731888,7473.486878991822,7465.829048512107,7461.759334655799,7455.3602948141015,7454.108724642476,7453.921056883015,7452.834949758249,7447.064320754402,7444.591135136798,7443.13689832883,7439.451734624705,7425.698503449397,7374.186463629281,7345.022712925147,7341.589945432612,7338.983448308616,7337.180824668914,7335.486043898552,7334.680796221524,7334.574829293668,7334.130912341019,7332.698015516837,7332.239003929139,7332.016652309732,7331.440164756175,7331.256832639905,7319.927740964571,7316.223970500865,7312.601756238733,7310.034954688639,7304.7845997222685,7303.45605373471
main/cec2017_F23_D30/CA/default/0,548.3240653108019,468.00170483500096,462.96442232980644,462.0200241226971,461.6130682922062,461.4694902689844,461.36508493063,461.330072219469,461.3182342009695,461.3089529230756,461.30493939284315,461.30326318201605,461.3020651141528,461.301600396675,461.30131043862457,461.3011946477168,461.30110700228124,461.30107097912787,461.3010493004799,461.3010347161835,461.3010257810679,461.30102105797414,461.3010154212134,461.30101222861185,461.3010083115305,461.3010052019713,461.301003039478,461.3010017804063,461.3010011130291,461.30100039957097,461.30100013557376,461.3009998992784,461.3009998102016,461.30099972724247,461.30099964956753,461.3009995860548,461.30099954048865,461.30099951151624,461.3009994961885,461.3009994873046,461.3009994791687,461.3009994635836,461.30099945379015,461.30099944898893,461.3009994470217,461.30099944585754,461.3009994441868,461.3009994432341,461.3009994426866,461.3009994413733,461.300999440532,461.30099943989717,461.3009994393892,461.3009994391973,461.3009994389972,461.3009994388367,461.300999438653,461.30099943863024,461.30099943861387,461.3009994385993,461.3009994385948,461.3009994385934,461.3009994385925,461.30099943859113,461.30099943859113,461.30099943859113,461.30099943859113,461.30099943859113,461.30099943859113,461.30099943859113,461.30099943859113,461.30099943859113,461.30099943859113,461.30099943859113,461.30099943858704,461.3009994385857,461.3009994385857,461.3009994385857,461.3009994385843,461.30099943858386,461.30099943858386,461.30099943858386,461.30099943858386,461.30099943858386,461.30099943858386,461.30099943858295,461.30099943858295,461.30099943858295,461.30099943858295,461.30099943858295,461.3009994385825,461.3009994385825,461.3009994385825,461.3009994385825,461.3009994385825,461.3009994385825,461.3009994385825,461.3009994385825,461.3009994385825,461.3009994385825
main/cec2017_F23_D30/GA/default/0,509.3605791119626,495.3348791626204,491.5566702411197,490.9666198552768,490.77461360280313,490.6596072025054,490.6103866660046,490.57249449093615,490.55447465682664,490.5454199035935,490.5434689734416,490.54312709598616,490.54238669594224,490.5423192023136,490.5406227053918,490.5406161402798,490.53939552587735,490.5390822131567,490.53904926038285,490.53898545812217,490.53888117078577,490.53880973525565,490.5387344570777,490.538689485903,490.53867781410963,490.5385745350409,490.5385397883688,490.53853968633666,490.5385246761193,490.53851634666216,490.53850616016143,490.5385003049969,490.538473284495,490.5384351708112,490.53840373594494,490.53840299578405,490.53840299578405,490.53840144618607,490.5384009796053,490.5383929182208,490.53838901627296,490.5383886544232,490.5383886544232,490.53837233248896,490.5383487773406,490.5383476692491,490.5383336050627,490.5383317135056,490.53832779018194,490.53831769746694,490.53831769746694,490.5383146134445,490.53831421456744,490.5382969967386,490.53829691367673,490.53829691367673,490.53829502841836,490.53829502841836,490.53829502841836,490.53829395389903,490.53829395389903,490.5382926991215,490.5382926991215,490.5382926991215,490.5382926991215,490.53829261682995,490.53828896476534,490.53828896476534,490.53828896476534,490.53828896476534,490.5382877272682,490.5382865904944,490.5382865904944,490.5382865904944,490.5382860972204,490.53828577836657,490.53828577836657,490.53828577836657,490.53828577836657,490.53828549072614,490.53828549072614,490.53828549072614,490.5382824479284,490.5382813239871,490.53828087728516,490.53828030181467,490.53828030181467,490.53828030181467,490.5382802611425,490.5382797788002,490.5382797788002,490.5382797788002,490.5382797788002,490.5382797788002,490.53827973407397,490.53827973407397,490.53827932347804,490.5382791622087,490.5382791622087,490.53827848605806
main/cec2017_F23_D30/PSO/default/0,839.5564003987683,818.6651084812092,798.7907039165589,775.1843692822163,767.4637897600442,752.4663418340119,752.4663418340119,735.1815270421689,730.0414586798588,730.0414586798588,730.0414586798588,730.0414586798588,730.0414586798588,725.7702932395455,725.7702932395455,725.1006084152277,696.4127654330309,696.2137376927467,689.7289217794473,689.4461745748013,689.2591626645371,688.8843180576514,688.883575356052,688.8835512055348,688.8835512055348,688.8835512055348,688.8835512055348,679.4335117572582,679.1421827840427,679.1411777659987,679.1411777659987,669.732669080383,664.1085700958124,662.9990381944999,660.9627366107579,659.5457058788597,658.9145109178171,658.5690327797147,658.4376549122926,658.2742873033799,658.2263556953744,658.1818343187115,658.1595199186786,658.1506697374261,658.1497522533764,658.1496777772363,658.1496490263721,658.1496472172048,658.1496464698585,658.1496462598443,658.1496461311826,658.1496461271136,658.1496461261404,658.1496461259017,658.1496461258776,658.1496461258757,658.1496461258757,658.1496461258757,658.1496461258757,658.1496461258757,658.1496461258757,658.1496461258757,658.1496461258757,658.1496461258757,658.1496461258757,658.1496461258757,658.1496461258757,658.1496461258757,658.1496461258757,658.1496461258757,658.1496461258757,658.1496461258757,658.1496461258757,658.1496461258757,658.1496461258757,658.1496461258757,658.1496461258757,658.1496461258757,658.1496461258757,658.1496461258757,658.1496461258757,658.1496461258757,658.1496461258757,658.1496461258757,658.1496461258757,658.1496461258757,658.1496461258757,658.1496461258757,658.1496461258757,658.1496461258757,658.1496461258757,658.1496461258757,658.1496461258757,658.1496461258757,658.1496461258757,658.1496461258757,658.1496461258757,658.1496461258757,658.1496461258757,658.1496461258757
main/cec2017_F09_D30/L-SHADE/default/4,10577.437556648858,9012.466226797607,7247.322391185389,3556.9011189776456,3556.9011189776456,3556.9011189776456,2411.727886733479,1311.187398539445,1064.3039196872128,652.5444971466627,406.65212705694194,231.34203044864012,116.66005127255539,42.49800196016133,32.857625164973456,20.421100942060207,7.258200441697454,4.613213857691676,2.0831274161558895,1.1554167105833812,0.8112877944429329,0.48711902296247445,0.23438411245979296,0.06710588823546004,0.02687693015354853,0.012922678651420938,0.0037427617342018493,0.0013428808171056517,0.0005085123182198004,0.00014551369190485275,4.349248854396137e-05,1.6135806276906806e-05,3.91302478419675e-06,1.3080651797281462e-06,4.7195885599649046e-07,1.2688951755990274e-07,4.529158559307689e-08,1.3926182873547077e-08,3.475179255474359e-09,7.928520062705502e-10,2.657998265931383e-10,6.332356861094013e-11,1.1709744285326451e-11,4.433786671143025e-12,7.958078640513122e-13,3.410605131648481e-13,1.1368683772161603e-13,0.0,0.0,0.0,0.0,0.0,0.0,0.0,0.0,0.0,0.0,0.0,0.0,0.0,0.0,0.0,0.0,0.0,0.0,0.0,0.0,0.0,0.0,0.0,0.0,0.0,0.0,0.0,0.0,0.0,0.0,0.0,0.0,0.0,0.0,0.0,0.0,0.0,0.0,0.0,0.0,0.0,0.0,0.0,0.0,0.0,0.0,0.0,0.0,0.0,0.0,0.0,0.0,0.0
main/cec2017_F23_D30/GWO/default/0,696.0558985674397,608.6603715300535,608.6603715300535,608.6603715300535,608.6603715300535,608.6603715300535,608.6603715300535,608.6603715300535,608.6603715300535,608.6603715300535,608.6603715300535,608.6603715300535,608.6603715300535,608.6603715300535,608.6603715300535,608.6603715300535,608.6603715300535,608.6603715300535,608.6603715300535,608.6603715300535,608.6603715300535,608.6603715300535,607.6072167143002,599.0856608671902,599.0856608671902,599.0856608671902,599.0856608671902,599.0856608671902,599.0856608671902,599.0856608671902,599.0856608671902,599.0856608671902,596.4857409305114,596.4857409305114,596.4857409305114,596.4857409305114,596.4857409305114,596.4857409305114,596.4857409305114,596.4857409305114,594.7844637428793,594.7844637428793,590.2483515223071,589.2878080115629,587.5170273772328,587.5170273772328,584.8719479009842,584.8719479009842,584.8719479009842,584.8719479009842,581.2607769922342,581.2607769922342,574.4045895313893,574.4045895313893,574.4045895313893,574.4045895313893,574.4045895313893,574.4045895313893,569.1437097332478,561.9399801074246,543.6328356257172,543.6328356257172,543.6328356257172,543.6328356257172,543.6328356257172,543.6328356257172,543.6328356257172,543.6328356257172,543.6328356257172,543.6328356257172,543.6328356257172,536.691341510641,536.691341510641,536.691341510641,536.691341510641,535.4349599082789,534.845379600124,534.845379600124,489.6829987226697,489.6829987226697,489.6829987226697,489.6829987226697,489.6829987226697,489.6829987226697,489.6829987226697,489.6829987226697,489.6829987226697,489.6829987226697,489.6829987226697,489.6829987226697,489.6829987226697,489.6829987226697,484.61514834828495,466.7074178058683,455.5492879525618,451.93080177883485,440.95318659183613,430.6847538660927,422.66485565446374,417.6908357488878
main/cec2017_F23_D30/TFO/full/0,721.0461968551963,598.097104877329,573.2432479292302,547.6250201629382,537.065906363669,523.1920228888748,506.5926476951254,501.8699797581976,499.49446135087874,479.5448918519787,456.66636198846754,456.4957924823243,455.85731506671436,454.80978236332703,453.87677751433284,449.8414605790158,443.3377601748348,441.80034677753747,440.9623120924325,438.64038299172626,438.25980214729543,437.66638415247235,432.389463318807,426.6308998685281,424.96083669458903,424.73219628572906,423.31714943186716,423.31714943186716,421.06607018258865,420.7478662260696,418.72954804306846,418.3899593325218,418.3899593325218,417.8326617093576,416.83904934657403,416.59154920123547,416.48009456441196,416.4794815005862,415.7314480252094,415.3187438312689,414.47916050301865,413.4439910170049,413.4139425228509,412.33777825177594,412.32505819120115,412.24642287884353,411.55737218646937,411.55737218646937,411.19328336309445,410.8248775458351,409.94467775677913,409.94467775677913,409.89033878166856,409.8835284272168,409.8835284272168,409.6615032840177,409.53530685326723,409.53530685326723,409.4854701533577,409.4810702957693,409.43145552747,409.43145552747,409.43145552747,409.083884334123,408.9960949887445,408.70589084019,408.70589084019,408.56596028560443,408.11309060359963,408.08346553271804,407.9271492112098,407.9271492112098,407.8016967715894,407.77450796605353,407.77450796605353,407.71033164867595,407.64091049371837,407.6325695502942,407.6325695502942,407.6325695502942,407.6319568452336,407.631261666339,407.631261666339,407.631261666339,406.7000433117296,406.55664045398134,405.5516720995374,405.5516720995374,405.5516720995374,405.3575556314436,405.1520679144951,404.7837107912269,404.68357193807014,404.6681404645178,404.3906927742232,404.38925264827594,404.37264483758554,404.37264483758554,404.34765874873665,401.0152397466418
main/cec2017_F23_D30/TFO-static/static/0,721.0461968551963,598.097104877329,573.2432479292302,547.6250201629382,537.065906363669,523.1920228888748,506.5926476951254,501.8699797581976,499.49446135087874,486.5401429078993,481.1887454558655,479.9351289227525,475.16629095536246,467.20629708121896,467.20629708121896,463.48377288721304,463.48377288721304,450.883040187975,450.8242581530435,449.7881386010208,449.6580961993777,446.29068075701844,444.7166351782457,443.2543473757287,442.0040709826958,439.5120431315545,439.5120431315545,435.25977422016877,435.25977422016877,435.25864176692403,433.1687480321348,432.85139009995373,431.6109899771968,430.7543580253018,429.57427403706197,428.94675012732705,427.69598621368596,426.34014234096094,425.45518417517087,425.3176801187633,425.3176801187633,425.2815379518179,424.7417746308374,423.56244510682563,421.8054635362014,421.69203598542845,421.2007459477145,421.1973443143456,420.7990105051849,419.39983447048826,419.3168633463165,418.89586436259424,418.7853183573229,417.53745301108074,416.76199639702827,416.2880429796546,416.25842951552386,415.9158233292974,415.8465336938548,415.67794287817287,412.8360375593943,412.7586923381705,411.86493832402857,411.6807986451863,411.5881513285599,411.3407463780072,411.2352696045832,411.2352696045832,410.1687691302841,408.8017741312474,408.5087967999957,408.49663266761627,407.0284180456256,406.90438139214575,406.90438139214575,406.803106059152,406.61218822271394,406.61218822271394,405.75380054628886,405.34694247715333,405.2706115052374,405.00258698080825,405.0023844363968,405.0023844363968,404.73099638542953,404.47905216072104,404.3867607611228,404.3867607611228,404.34918678751364,404.288006771284,403.5043372586342,403.5043372586342,403.3163645402651,403.0069181435806,402.6102467990959,402.3990660233562,402.2337426406384,402.13257687933947,401.937203545554,401.34497692466357
main/cec2017_F23_D30/CMA-ES (IPOP)/default/0,454.57777707328387,376.8443544477218,376.7985614014824,376.7985593851413,376.7985593851413,376.7985593851413,376.7985593851413,376.7985593851413,376.7985593851413,376.7985593851413,376.7985593851413,376.7985593851413,376.7985593851413,376.7985593851413,376.7985593851413,376.7985593851413,376.7985593851413,376.7985593851413,376.7985593851413,376.7985593851413,376.7985593851413,376.7985593851413,376.7985593851413,376.7985593851413,376.7985593851413,376.7985593851413,370.64634125540624,365.94069815257944,365.6990891053233,365.6941868722397,365.69403213769465,365.6940290852108,365.6940290497837,365.69402904852495,365.69402904849767,365.69402904849767,365.69402904849767,365.69402904849767,365.69402904849767,365.69402904849767,365.69402904849767,365.69402904849767,365.69402904849767,365.69402904849767,365.69402904849767,365.69402904849767,365.69402904849767,365.69402904849767,365.69402904849767,359.7945769816688,355.89371131484404,355.43866245138224,355.3342302856322,355.3125496747816,355.3082839759418,355.30766402509016,355.30757241804895,355.30755693539777,355.3075549023556,355.30755449464687,355.3075544276603,355.30755441602014,355.30755441452084,355.3075544142698,355.3075544142166,355.3075544142066,355.3075544142066,355.3075544142066,355.3075544142066,355.3075544142066,355.3075544142066,355.3075544142066,355.3075544142066,355.3075544142066,355.3075544142066,355.3075544142066,355.3075544142066,355.3075544142066,355.3075544142066,355.3075544142066,355.3075544142066,355.3075544142066,355.3075544142066,355.3075544142066,355.3075544142066,355.3075544142066,355.3075544142066,355.3075544142066,355.3075544142066,355.3075544142066,355.3075544142066,355.3075544142066,355.3075544142066,355.3075544142066,355.3075544142066,355.3075544142066,355.3075544142066,355.3075544142066,355.3075544142066,355.3075544142066
main/cec2017_F23_D30/WOA/default/0,1361.9095458924794,1301.777227629574,1293.0093558818335,1290.2751435991236,1052.4321755572032,1046.5985762993241,1046.5985762993187,1046.5985762993187,1046.5985762993187,1046.5985762993187,1046.5985762993187,1046.5985762993187,1046.5985762993187,1046.5985762993187,1046.5985762993187,1046.5985762993187,1046.5985762993187,1046.5985762993187,1046.5985762993187,1046.5985762993187,1046.5985762993187,1046.5985762993187,1046.5985762993187,1046.5985762993187,1046.5985762993187,1046.5985762993187,1046.5985762993187,1046.5985762993187,1046.5985762993187,1046.5985762993187,1046.5985762993187,1046.5985762993187,1046.5985762993187,1046.5985762993187,1046.5985762993187,1046.5985762993187,1046.5985762993187,1046.5985762993187,1046.5985762993187,1046.5985762993187,1046.5985762993187,1046.5985762993187,1046.5985762993187,1046.5985762993187,1046.5985762993187,1046.5985762993187,1046.5985762993187,1046.5985762993187,1046.5985762993187,1046.5985762993187,1046.5985762993187,1046.5985762993187,1046.5985762993187,1046.5985762993187,1046.5985762993187,1046.5985762993187,1046.5985762993187,1046.5985762993187,1046.5985762993187,1046.5985762993187,1046.5985762993187,1046.5985762993187,1046.5985762993187,1046.5985762993187,1046.5985762993187,1046.5985762993187,1046.5985762993187,1046.5985762993187,1046.5985762993187,1046.5985762993187,1046.5985762993187,1046.5985762993187,1046.5985762993187,1046.5985762993187,1046.5985762993187,1046.5985762993187,1046.5985762993187,1046.5985762993187,1046.5985762993187,1046.5985762993187,1046.5985762993187,1046.5985762993187,1046.5985762993187,1046.5985762993187,1046.5985762993187,1046.5985762993187,1046.5985762993187,1046.5985762993187,1046.5985762993187,1046.5985762993187,1046.5985762993187,1046.5985762993187,1046.5985762993187,1046.5985762993187,1046.5985762993187,1046.5985762993187,1046.5985762993187,1046.5985762993187,1046.5985762993187,1046.5985762993187
main/cec2017_F23_D30/CA/default/1,631.4318326978118,529.6002890707241,512.8412410049159,508.4233024222617,506.94122409791316,506.5588071713255,506.47835761258557,506.41494262474134,506.3623793380307,506.3393369144728,506.324657290309,506.3117258974821,506.2982285503185,506.2918165024039,506.28880539791226,506.28658290062185,506.2854309885365,506.2837631293319,506.28318361873335,506.28292732658656,506.28277847828303,506.2826608595519,506.2825808114935,506.2822325274924,506.27758513463505,506.27619789940036,506.2745134912643,506.27368924272514,506.2720178137047,506.27088375421727,506.2703964287639,506.2698483314498,506.26931293572034,506.2690929236405,506.26871898556055,506.26856320190154,506.26840745427216,506.2677932673723,506.26714981033956,506.26671328588054,506.2664245699766,506.26598537347354,506.26550278528975,506.26542060035536,506.2652948238265,506.2652397426127,506.2650873528196,506.2649529167038,506.26439997450643,506.26429492227044,506.2641245784657,506.2639541844628,506.26384746884287,506.26377172542743,506.2637106200814,506.26368404302457,506.2636641197805,506.26365424731193,506.26363963995937,506.2636355877685,506.26363416666754,506.2636302247265,506.2636261851353,506.2636190937851,506.26357865813225,506.2635728447044,476.3059979338459,475.47300450339526,475.39601830896936,475.3676243998457,475.3642310332966,475.3610697735512,475.3598925227179,475.359362066481,475.35820760207525,475.3571102161577,475.3564594058721,475.3561633903919,475.35593510414037,475.35546186300917,475.35524367807784,475.3551669304534,475.35457020460217,475.3542024381168,475.3539513334231,475.35382101823006,475.3536731287104,475.353417359137,475.35283282899127,475.3523442627975,475.35211939600913,475.35200741528706,475.3518780300333,475.35183683681043,475.3518107437476,475.3517989818206,475.3517873183155,475.351779598504,475.35152599578214,475.3511845665462
main/cec2017_F23_D30/GA/default/1,517.5759466546865,497.7225667862299,493.9452296110235,492.29477309266304,492.0745406612509,491.99268093054707,491.9355948343691,491.9142269707104,491.89905003182866,491.89730013584403,491.8845313422066,491.883939873293,491.8831772373078,491.8800104331367,491.8777562854566,471.5316964100084,468.4867340272126,468.2213016324595,468.0064540679091,467.97263933709155,467.9295093290234,467.9217300593373,467.90802829988024,467.90645244199595,467.8988376364664,467.8988376364664,467.8986648807013,467.89768912991076,467.89768912991076,467.896830861554,467.8964261027354,467.89617738167135,467.8955129461292,467.8948263610487,467.89481782789835,467.89412396032594,467.8940513859934,467.8939636398072,467.89377378015433,467.89365387114003,467.89365387114003,467.89365387114003,467.8936208940918,467.8935548084569,467.8935496130798,467.893537861964,467.89351142974056,467.89350696712563,467.89350696712563,467.8935018868765,467.8935018868765,467.8934797073007,467.89347967608364,467.8934381174786,467.89338476098465,467.8933393976913,467.89331217096606,467.89331092739667,467.8933050778078,467.8933050778078,467.8933021786934,467.8933021786934,467.8932219053213,467.8931836329898,467.8931818795686,467.89318187521394,467.893180022018,467.89317983990804,467.8931797548521,467.89317887611014,467.89317702973494,467.89317589080474,467.8931699402442,467.8931672201388,467.8931645899247,467.8931635575077,467.8931635575077,467.89316140544133,467.89316140544133,467.8931592611957,467.8931591273622,467.8931591019282,467.8931557612859,467.8931557612859,467.89315509281096,467.89315509281096,467.89315509281096,467.89315496781865,467.89315111445467,467.89315111445467,467.8931510115135,467.8931509639624,467.8931509639624,467.89315072630643,467.8931488525627,467.893148117475,467.893148117475,467.8931479446569,467.89314787939657,467.89314787939657
main/cec2017_F23_D30/PSO/default/1,747.587855894612,747.587855894612,747.587855894612,747.587855894612,747.587855894612,747.587855894612,747.587855894612,734.7077112740576,734.7077112740576,734.7077112740576,734.7077112740576,724.1180422217617,721.7782252860829,721.7782252860829,721.7782252860829,719.4925348643364,719.4925348643364,698.3561692798658,698.3561692798658,692.983636324997,692.7098484066496,692.559163166326,692.4904165334783,692.4519771668033,692.4497733316921,687.1779397939094,683.4498768372159,676.8495065129646,672.7250498628064,667.5207979517295,665.6006234435972,665.5311365894895,665.5310008261627,665.5309988012291,665.3357270104239,665.2355420559875,665.1977786593388,665.0195941330721,664.9268068603087,664.9260966026873,664.9120335549683,664.905845394766,664.9056220468747,664.90515689933,664.9051253296802,664.9050780605576,664.9050704689621,664.9050666174453,664.9050658407814,664.905065669624,664.9050654570633,664.9050653291342,664.9050652985734,664.905065290413,664.9050652678952,664.9050652641681,664.9050652640572,664.9050652566048,664.9050652565397,664.9050652561687,664.9050652561255,664.9050652560941,664.9050652560868,664.905065256005,664.9050652546562,664.9050652536807,664.9050652536807,664.9050652536807,664.9050652535557,664.9050652534506,664.9050652534165,664.9050652534124,664.9050652534124,664.9050652533883,664.9050652533883,664.9050652533883,664.9050652533883,664.9050652533319,664.9050652533051,664.9050652532974,664.9050652532951,664.9050652532951,664.9050652532942,664.9050652532937,664.9050652532937,664.9050652532937,664.9050652532937,664.9050652532937,664.9050652532933,664.9050652532851,664.9050652532851,664.9050652532851,664.9050652532851,664.9050652532851,664.9050652532851,664.9050652532715,664.9050652532615,664.9050652532615,664.9050652532615,664.9050652532255
main/cec2017_F23_D30/L-SHADE/default/0,884.3677898110827,744.7648388807802,670.439304699345,605.8443467792022,605.8443467792022,579.7584170970413,579.7584170970413,579.7584170970413,579.7584170970413,576.5266635065141,574.1492580141162,566.5908736332449,563.3627452900073,563.3627452900073,563.3627452900073,563.3627452900073,563.3627452900073,541.4808277311226,529.8594850262589,529.8594850262589,519.2375554403179,519.2375554403179,519.2375554403179,519.2375554403179,519.2375554403179,519.2375554403179,519.2375554403179,518.610348096594,518.610348096594,502.76641224778314,489.18186605172923,489.18186605172923,489.18186605172923,487.6397487287686,487.6397487287686,487.6397487287686,485.2596578825287,482.23548478591465,479.5561627993243,479.5561627993243,470.79795646781713,465.6226865906983,465.6226865906983,465.6226865906983,464.3229568617621,462.8744844002258,462.8744844002258,462.8744844002258,460.2125731701599,447.327142975656,447.327142975656,447.327142975656,447.327142975656,443.11318173646487,436.46338993435575,412.47611826348657,404.5467834925198,402.4372876402831,402.4372876402831,399.6252770953083,399.2661576822611,399.15202815691737,399.15202815691737,397.54054003078727,397.16829682973275,397.16829682973275,395.14466860078073,394.75097727035245,393.43106651841435,392.3153538490815,392.3153538490815,383.014496766943,382.1650282716387,382.1650282716387,378.747833872475,378.747833872475,378.261216553296,377.313467709032,376.9839581639485,373.72760276207964,371.6411982781169,371.5727620453281,370.5895262862646,370.3856813513744,368.67664937023073,367.1594892344856,366.58813833488875,365.3078820935707,363.5166105911012,363.5166105911012,363.4174980830612,362.59299179883965,361.4641597644645,358.53725369205586,358.17779856445577,357.7877606170332,356.9896792077152,356.26985757652574,355.99873647017876,355.40783380157427
main/cec2017_F23_D30/GWO/default/1,675.3138217694327,657.2929870457142,626.9586293839388,626.9586293839388,626.9586293839388,626.9586293839388,626.9586293839388,622.5290949489927,622.5290949489927,622.5290949489927,622.5290949489927,622.5290949489927,622.5290949489927,622.5290949489927,622.5290949489927,620.8372473791414,620.8372473791414,613.4040514672024,613.4040514672024,607.8942987954033,602.5414515925959,602.5414515925959,602.5414515925959,602.5414515925959,602.5414515925959,602.5414515925959,602.5414515925959,602.5414515925959,602.5414515925959,602.5414515925959,602.5414515925959,602.5414515925959,602.5414515925959,602.5414515925959,602.5414515925959,602.5414515925959,602.5414515925959,602.5414515925959,602.5414515925959,602.5414515925959,602.5414515925959,602.5414515925959,602.5414515925959,602.5414515925959,602.5414515925959,602.5414515925959,591.4222915331507,591.4222915331507,588.8071596427558,588.8071596427558,577.9034773209964,577.9034773209964,577.9034773209964,575.7126771428775,575.7126771428775,575.7126771428775,575.7126771428775,575.7126771428775,575.7126771428775,575.7126771428775,575.7126771428775,575.7126771428775,575.7126771428775,575.7126771428775,575.7126771428775,575.7126771428775,551.8760110322173,551.8760110322173,551.8760110322173,551.8760110322173,551.8760110322173,551.8760110322173,551.8760110322173,551.8760110322173,551.8760110322173,551.8760110322173,551.8760110322173,549.2850903566296,539.8216513124239,539.8216513124239,539.8216513124239,539.8216513124239,539.8216513124239,539.8216513124239,539.8216513124239,539.8216513124239,539.8216513124239,533.2359975670074,530.8593462798676,513.3537232001477,503.3955396372462,484.15178186807134,476.46969293274105,465.25431112340584,465.25431112340584,458.31000355460446,455.5803212824403,447.210788629498,442.2610553356644,438.7003491643454
main/cec2017_F23_D30/TFO/full/1,794.9574927715025,688.4411439557457,596.6010995451625,568.2841741953362,556.7668068161579,552.0943534809967,520.3195183941771,494.44430457075805,487.88085944350996,482.05193061595037,480.4200544768787,478.93518868563115,459.68620192458957,457.8423501886614,453.3434420284707,435.58288425507044,433.79961579211204,429.2416767294221,403.13473836006733,402.2786786941206,402.19226243241883,399.7435358651119,399.7294170033997,399.4788143478145,399.41048240736745,397.34866204336686,397.34866204336686,397.05594197764094,397.05594197764094,396.2377218093079,395.7872173855699,394.3620416506574,392.87931749641893,392.74724022231703,392.5299598993947,392.45243555138404,392.43890452689266,392.42017669248435,392.2707356092087,392.26887474221303,392.0023207473323,391.98706590901065,391.9291500113982,391.9291500113982,391.37501073321164,391.2795434155205,391.1700046925389,391.0918061213911,391.0918061213911,391.0918061213911,391.07709358194415,391.07709358194415,391.06415064888506,391.06039792826004,391.0575061472973,391.0317360963895,391.00468549059815,390.97218895390415,390.97218895390415,390.961226331724,390.93162814188554,390.85964088116,390.8015816673692,390.78016726129545,390.78016726129545,390.78016726129545,390.6447486975185,390.6447486975185,390.6151066928687,390.6151066928687,390.61171257470096,390.61171257470096,390.5900056566343,390.572384110847,390.5458858568927,390.5375600836437,390.5274813117949,390.5230700569805,390.5230700569805,390.4631796875369,389.36554020781386,388.67416867977363,388.67231739947374,388.41498401236095,388.27498986033925,388.23167971004386,388.1888546842092,388.1888546842092,388.0149298833571,387.6754604837183,387.5922511252429,387.58911135899143,387.56895438340644,387.5458251393079,387.30795662295805,387.30795662295805,387.05250384355804,386.8692206738874,386.80676406257317,386.6777236365151
main/cec2017_F23_D30/TFO-static/static/1,794.9574927715025,688.4411439557457,596.6010995451625,568.2841741953362,546.1065327928436,543.8034950820556,525.8388688132554,516.8902929298433,516.801883042911,510.60720706053144,509.75599317084925,502.2565901314247,500.96737757676146,500.2566664520373,497.19806251955197,495.4972131999866,495.4972131999866,491.50018902578813,488.33610574966997,486.2856134614617,484.2496421211922,484.15518293332843,478.8403620038057,478.81728752330855,478.1291877029357,473.57106196166615,468.3963051611381,468.3588416577645,465.0838114352259,464.3006241418452,463.79398557871264,462.2789025334778,462.0681948862648,461.3191688860543,460.4083472911084,458.8129395703654,458.7244547969199,457.10759822076807,457.10759822076807,454.7196236850832,454.7196236850832,454.0962780558957,454.0234655769855,453.46159064224685,453.45973177165934,451.3754001777861,451.372776841476,450.336902249112,448.43673197936414,448.41535821473826,447.2765110732412,447.2251287799695,447.212167403437,446.4442113582536,445.2884512027699,445.2884512027699,445.09709151239167,445.09709151239167,445.0630992131114,445.0211160124122,445.0211160124122,444.9285035899675,443.59556075850605,443.5466324512695,443.37574335754425,443.05504265057743,442.543851237745,442.5097667446098,441.3843820497964,441.06434420162395,441.06434420162395,440.7938320899516,440.5535155014959,438.9225238997251,438.9225238997251,438.89947819346116,438.89947819346116,438.58712811659916,438.3701601850644,437.9667191363669,437.4412720667151,437.4412720667151,437.3048057242577,437.30396556969436,437.30396556969436,437.25383797833274,437.2234577549593,437.2234367672345,437.0651597324254,437.0651597324254,437.0651597324254,436.9121972088101,436.9121972088101,436.9121972088101,436.8041866201711,436.7925409590457,436.7925409590457,436.72702091804877,436.5092101086889,435.2867443686614
main/cec2017_F23_D30/CMA-ES (IPOP)/default/1,415.0578926528724,396.57430345418334,396.5664538048436,396.5640744543175,396.56347604353596,396.56347060216467,396.5634701964982,396.56347008714056,396.5634700782207,396.5634700774026,396.5634700773571,396.5634700773512,396.5634700773512,383.12381797735,382.3693193118452,382.36786797937293,382.36786781355113,382.3678678135134,382.3678678135134,382.3678678135134,382.3678678135134,382.3678678135134,382.3678678135134,369.4980061687029,366.9971654470801,366.9238328253841,366.9201394855745,366.9195341556174,366.91950049491516,366.91949978323873,366.9194997609229,366.91949976047135,366.9194997604618,366.9194997604618,366.9194997604618,366.9194997604618,366.9194997604618,366.9194997604618,366.9194997604618,366.9194997604618,366.9194997604618,366.9194997604618,366.9194997604618,366.9194997604618,366.9194997604618,366.9194997604618,366.9194997604618,361.9539842587992,360.96601186288444,360.7252105409175,360.66942757368633,360.6528159175059,360.65045372487475,360.6494585717428,360.6492341825192,360.6491653052626,360.6491496452363,360.6491467235928,360.6491455331334,360.6491452356104,360.64914517203124,360.6491451561483,360.6491451506881,360.6491451496422,360.64914514929615,360.6491451492252,360.6491451492084,360.64914514920383,360.64914514920383,360.64914514920383,360.64914514920383,360.64914514920383,360.64914514920383,360.64914514920383,360.64914514920383,360.64914514920383,360.64914514920383,360.64914514920383,360.64914514920383,360.64914514920383,360.64914514920383,360.64914514920383,360.64914514920383,360.64914514920383,360.64914514920383,360.64914514920383,360.64914514920383,360.64914514920383,360.64914514920383,360.64914514920383,360.64914514920383,360.64914514920383,360.64914514920383,360.64914514920383,360.64914514920383,360.64914514920383,360.64914514920383,360.64914514920383,360.64914514920383,360.64914514920383
main/cec2017_F23_D30/WOA/default/1,1144.7225089059034,1123.9405328000776,1119.876547974969,1113.4722678040753,1098.2125582576637,1091.800472391712,1086.8209334035764,1076.1651899023364,1071.5859451280553,1071.1590702566846,1070.687036810457,1069.8826249217823,1069.3128862135936,1067.804817344581,1066.035482176993,1062.727056580913,1062.4327731353337,1062.2122160559775,1061.6266716846203,1061.5306213315644,1061.4156187241033,1061.3597455016106,1061.0673834268346,1061.0471455627749,1061.0311914773292,1058.5603238293643,1058.5239054933277,1054.0311587650122,1053.4814812173909,1053.3540161087476,1053.329391581763,1053.2069098835768,1053.190690779108,1053.182464777492,1052.6439609996241,1052.5652853303973,1052.5423906141941,1052.5141836854436,1052.5062512249565,1052.5040016515768,1052.4956739075014,1052.4270187749753,1052.4032206054467,1052.356150071455,1052.3466276369272,1052.31952576905,1051.9199805220987,1051.9023035976215,1051.892820250198,1051.890283977893,1051.876930757643,1051.8716826088498,1051.8698831226138,1051.0311910072646,1050.8297494519002,1050.6843868588426,1049.6979147722918,1049.053129327007,1036.132752038463,1035.1660141129032,1034.9507693861433,1034.1766370829578,1033.8856420681514,1033.8046157920598,1033.7740512232172,1033.7241480958128,1033.699578159427,1032.6526372390213,1025.6071470444344,1024.88321082545,1024.3119121303762,1024.1884933054253,1024.0037351887413,1023.6247173283473,1021.860769287603,1021.7957172282831,1021.7511077290137,1021.303067093409,1021.2374729270509,1020.4092713197651,1019.5663758962346,1019.4372039353743,1019.394846008182,1019.367290849219,1019.362594850476,1019.3608173760595,1019.2782197675447,1018.7051097905423,1018.6656569785741,1018.6557537339272,1018.650071874878,1018.6482922190917,1018.6476017535065,1018.6468509170982,1018.6462115894979,1018.645437527387,1018.4122047751812,1018.3879451644189,1018.3719495867499,1018.3690879108058
main/cec2017_F23_D30/CA/default/2,609.8270269333052,456.07251322523007,446.43926314694954,444.19425671754243,443.9326773595267,443.81114368718545,443.75714857616686,443.74291101922245,443.7340713039516,443.72645722847756,443.7227992992548,443.7212868596712,443.7196468672564,443.7192512637521,443.718924816219,443.71860212720776,443.7184425406854,443.7183688908726,443.7183048797842,443.7182762592556,443.718254820973,443.7182362817721,443.7182201998435,443.71820954609484,443.71820465820065,443.71820273160256,443.7182010706829,443.7181997336611,443.71819875079564,443.71819829170363,443.7181976159768,443.7181973544116,443.71819723404724,443.7181971127725,443.71819695699287,443.71819685698665,443.7181968046025,443.7181967808747,443.71819674061317,443.71819672879565,443.7181967196616,443.71819670030527,443.718196672904,443.7181966658509,443.7181966610383,443.7181966578396,443.7181966561684,443.71819665514977,443.71819665399653,443.71819665151315,443.71819664999794,443.71819664896884,443.71819664824716,443.7181966478174,443.7181966476596,443.7181966474827,443.71819664731674,443.71819664720124,443.7181966471476,443.71819664708846,443.71819664706845,443.7181966470198,443.71819664697705,443.7181966469698,443.7181966469625,443.7181966469584,443.71819664695795,443.71819664695704,443.71819664695704,443.7181966469566,443.7181966469566,443.7181966469566,443.7181966469566,443.7181966469566,443.7181966469557,443.7181966469557,443.7181966469557,443.7181966469557,443.7181966469557,443.7181966469552,443.7181966469552,443.7181966469543,443.7181966469543,443.7181966469543,443.7181966469543,443.7181966469543,443.7181966469543,443.7181966469543,443.7181966469543,443.7181966469543,443.7181966469543,443.71819664695386,443.71819664695386,443.71819664695386,443.71819664695386,443.71819664695386,443.71819664695386,443.71819664695386,443.71819664695386,443.71819664695386
main/cec2017_F23_D30/TFO/full/2,759.2466825653555,649.6987051523811,636.0364378464351,593.8662896274768,564.0954618723777,533.4325847960454,488.7849331947964,484.8754173181942,483.46785496044777,472.5197621471343,464.5890629033315,464.5859582513167,454.07671629553215,451.0894984562228,447.85143605733265,446.45306604302004,446.0006787364737,442.95382329490394,439.3731046783669,436.2492077841289,436.11141382693313,428.6309069854806,427.27360746743307,425.36612966987104,424.2630560383077,424.2630560383077,422.71632026315365,422.6738828287989,422.3746982334728,422.36612424293344,420.25838336954075,420.2358248557998,419.83529184940653,419.7448318512497,419.45871840130667,419.4121038386493,418.38926684737226,418.2401750696454,417.85603228001946,417.85603228001946,417.54190739253545,416.8673749303771,416.7628663743835,416.7215567417884,416.429300069346,416.429300069346,416.3843730485469,416.3843730485469,415.6528185117554,415.58310291961516,414.5818195380434,414.5683861235907,414.5683861235907,414.43554826785885,414.35706991790994,413.6200705390429,413.5956140036178,413.4613850912374,413.1848518100014,413.1821162131873,412.2708604306481,411.87009400965417,411.7550698783416,411.6130731187586,411.5795971971679,411.2974554389498,411.2974554389498,411.28301341869656,410.7779911442185,410.7779911442185,410.4109055957056,410.23042397290465,410.1813585661371,410.1744605640638,410.1465242237987,410.1407930552973,410.11145313331053,410.11145313331053,410.11145313331053,410.06397338705756,409.9627231331133,409.820400350266,409.8158720779297,409.81103168446225,409.45693695992986,409.45693695992986,409.4474660287674,409.39086278802097,409.39086278802097,409.3793240351524,409.3518943533363,409.20133613877215,409.08424814525324,408.82778155787855,408.7742513576636,408.7233006312731,408.7229717792666,408.7031948080935,408.6632674938396,408.66242678126264
main/cec2017_F23_D30/GA/default/2,528.7321964895582,512.2282840135804,505.97212726636644,496.6522938874027,492.96374393611086,491.9668771796901,491.78984110747524,491.6900282823626,491.59547421459956,491.5559745655105,491.5403051761514,491.51491324714107,491.50857285558186,491.50204277254124,491.49842274990533,491.4842288090081,491.48037457312057,491.47895286471066,491.47868448281406,491.47868448281406,491.47707728910746,491.4737352477773,491.4732795767013,491.47010393396386,491.46891261499695,491.4687909833683,491.46841450660395,491.468304607994,491.4680896442246,491.4672794047542,491.4667043531158,491.46619299187387,491.46586658141496,491.46586658141496,491.4658127266821,491.4658127266821,491.4658086232248,491.46551242954,491.4654294378952,491.465418430927,491.4653661046709,491.46535463594864,491.46526232949145,491.46523254318345,491.4652245900488,491.4652245900488,491.46520096003724,491.4651867246125,491.46515544530394,491.46510729684906,491.46510729684906,491.46495730066545,491.46491667652754,491.46491667652754,491.46482487890626,491.46480126333336,491.4646846745359,491.4646846745359,491.4646846745359,491.4646846745359,491.46468388492895,491.46468388492895,491.46468388492895,491.4646795438057,491.4646795438057,491.4646357257684,491.46463510292233,491.46462573833696,491.464611956043,491.464611956043,491.46458325819094,491.46458325819094,491.4645667037721,491.4645667037721,491.46456057995374,491.46456057995374,491.46451120184156,491.46449579610317,491.46449579610317,491.46449579610317,491.4644898412125,491.4644898412125,491.46448224635196,491.46448216662657,491.46448216662657,491.46448216662657,491.46447883094106,491.4644783378235,491.4644783378235,491.46447802491093,491.46447802491093,491.4644771599055,491.4644768656458,491.4644687504733,491.4644687504733,491.4644687504733,491.4644687504733,491.4644666012009,491.46446520922836,491.46446066222734
main/cec2017_F23_D30/PSO/default/2,797.996211164681,779.7701660883909,765.6720106824409,749.3035831962638,749.3035831962638,749.3035831962638,741.3234104989042,741.3234104989042,741.3234104989042,741.3234104989042,727.7294606831447,724.8371971916813,708.162073159941,703.1926202172808,703.1926202172808,674.5518805923675,670.9373346227189,667.3916158285274,658.9475637492396,655.264207500421,655.0643755905326,655.0630691088327,655.0571258724995,655.0571258724976,655.0571258724976,655.0571258724976,655.0571258724976,643.7186527656222,633.6268203952859,633.5916164685245,626.8731901679948,626.5221307371617,626.432857419572,626.4328574193046,623.032623418856,619.9908056297231,619.619615887656,619.2969899238251,619.0382736498714,618.9916691919912,618.989521140747,618.9778640493723,618.9771290836247,618.9740944837858,618.9735498608266,615.0405752314737,613.9651511748534,613.8365831928063,613.8283233881098,613.8273944579987,613.8272410211794,613.8271824638632,613.8271791595407,613.8271790295066,613.8271790249532,613.8271790245421,613.8271790245062,613.8271790245026,613.8271790245026,613.8271790245026,613.8271790245026,613.8271790245026,613.8271790245026,613.8271790245026,613.8271790245026,613.8271790245026,613.8271790245026,613.8271790245026,613.8271790245026,613.8271790245026,613.8271790245026,613.8271790245026,613.8271790245026,613.8271790245026,613.8271790245026,613.8271790245026,613.8271790245026,613.8271790245026,613.8271790245026,613.8271790245026,613.8271790245026,613.8271790245026,613.8271790245026,613.8271790245026,613.8271790245026,613.8271790245026,613.8271790245026,613.8271790245026,613.8271790245026,613.8271790245026,613.8271790245026,613.8271790245026,613.8271790245026,613.8271790245026,613.8271790245026,613.8271790245026,613.8271790245026,613.8271790245026,613.8271790245026,613.8271790245026
main/cec2017_F23_D30/GWO/default/2,671.9431721874189,671.9431721874189,654.8159187021197,635.9563810244467,635.9563810244467,635.9563810244467,620.5660287357841,620.5660287357841,620.5660287357841,620.5660287357841,620.5660287357841,620.5660287357841,620.5660287357841,620.5660287357841,620.5660287357841,620.5660287357841,620.5660287357841,620.5660287357841,620.5660287357841,617.5064940489233,617.5064940489233,617.5064940489233,612.0041540059415,612.0041540059415,612.0041540059415,612.0041540059415,602.7647522581751,602.7647522581751,602.7647522581751,602.7647522581751,602.7647522581751,602.7647522581751,602.7647522581751,602.7647522581751,602.7647522581751,602.7647522581751,602.7647522581751,602.7647522581751,602.7647522581751,602.7647522581751,602.7647522581751,602.7647522581751,602.7647522581751,574.294422553734,574.294422553734,574.294422553734,574.294422553734,574.294422553734,574.294422553734,574.294422553734,574.294422553734,574.294422553734,574.294422553734,574.294422553734,574.294422553734,574.294422553734,574.294422553734,574.294422553734,574.294422553734,574.294422553734,574.294422553734,572.6922632602241,572.6922632602241,572.6922632602241,572.6922632602241,572.6922632602241,572.6922632602241,572.6922632602241,572.6922632602241,572.6922632602241,572.6922632602241,572.6922632602241,572.6922632602241,572.6922632602241,572.6922632602241,572.6922632602241,572.6922632602241,572.6922632602241,572.6922632602241,572.6922632602241,572.6922632602241,572.6922632602241,572.6922632602241,572.6922632602241,572.6922632602241,572.6922632602241,572.6922632602241,572.6922632602241,572.6922632602241,572.6922632602241,572.6922632602241,572.6922632602241,572.6922632602241,572.6922632602241,572.6922632602241,572.6922632602241,572.6922632602241,572.6922632602241,572.6922632602241,572.6922632602241
main/cec2017_F23_D30/L-SHADE/default/1,886.766807031986,747.860301403703,664.2812772597495,631.8429696401126,579.0454385551766,579.0454385551766,579.0454385551766,579.0454385551766,578.4610928820548,578.4610928820548,573.5099331928473,573.5099331928473,561.3178915524409,560.5150591139491,532.5201499668683,532.5201499668683,532.5201499668683,532.5201499668683,517.8526137195445,517.8526137195445,517.8526137195445,517.8526137195445,517.8526137195445,517.8526137195445,517.5726054978804,517.5630905814642,517.5630905814642,506.2250039980818,502.2889114414884,497.91101371312925,497.91101371312925,488.66468124469657,488.66468124469657,488.32558043395375,488.32558043395375,484.8077495922885,484.8077495922885,483.7845199462058,479.32319189577447,473.0798055054993,468.0367572736527,459.8122053095749,455.3796654142998,455.3796654142998,455.3796654142998,453.09358587709266,444.13450516997045,444.13450516997045,444.13450516997045,441.563060846182,435.1173739795672,435.1173739795672,435.1173739795672,435.1173739795672,435.1173739795672,431.8666789777694,431.8666789777694,431.8666789777694,425.47042654360075,425.47042654360075,425.47042654360075,418.454472213381,415.8950561120514,415.8198546179251,415.8198546179251,406.1932930567373,403.9765489268666,399.682673420034,395.25862882782985,395.25862882782985,395.25862882782985,394.1687267626321,388.7560667290318,387.6851036031185,380.3640795978631,378.19701759057625,378.19701759057625,377.92771784293745,374.26979846870927,373.81952118090476,370.83871821361527,369.3436477908249,366.9116597514676,365.2637335740319,363.06370862367567,361.1986775630321,356.7553158917217,356.7553158917217,355.8983689636507,354.16921951848144,354.0155795847086,353.5113837615313,353.13005208910636,352.89484386910226,352.5862815980231,351.8587634951464,351.2916390122509,350.89123221484124,350.694126924966,350.66234634213833
main/cec2017_F23_D30/TFO-static/static/2,759.2466825653555,649.6987051523811,636.0364378464351,593.8662896274768,593.8604235715366,583.9815881449194,563.943788887213,554.1007151299063,550.4806449064017,539.7871770428787,537.9935579891994,537.2823103865585,530.3079163193679,530.2255439552691,519.899486215364,514.9406995282402,513.5240839249991,513.2561915487095,513.0058342409029,512.9794734986172,511.97040881225666,509.924961279547,506.1999034065716,506.0451386658847,505.28050186550627,505.2464521511565,505.0961644788308,504.0825048868742,502.96938400142926,496.3135725302641,496.3135725302641,493.4400346141065,492.90852170952803,483.62944995490625,483.623798762932,483.4802506122219,483.45810541695664,483.4526598598486,483.4526598598486,483.22078712845587,483.0297132887131,482.6489605839879,481.2887772097147,481.2887772097147,481.1233285196545,481.1233285196545,480.11506092992795,480.11506092992795,480.11067471757633,479.7754944699659,479.7079388914299,479.51157915513113,478.720908135881,478.55729541431083,478.55729541431083,478.22132110970824,478.22132110970824,475.5443996258832,475.5443996258832,475.5415854013522,475.06025934036734,475.024379184621,474.52151100764286,474.52151100764286,474.3839926754463,474.3677887867484,474.3003400238731,473.94319436408387,473.8737735730333,473.5631768752669,473.46294841199324,472.6954714748754,472.64595569164976,472.54489917727096,472.54489917727096,472.473745185644,472.473745185644,472.39770497378686,472.38394211782133,472.27471319906954,471.9047409597447,471.84632529544797,471.82445074092993,471.4647371114729,471.4449817706304,471.4425340467774,471.2600348927681,471.2600348927681,470.6689275758381,470.62743267269025,470.35128122618426,470.2245188401239,470.1308689251996,470.1308689251996,470.1308689251996,470.1308689251996,469.7924604138043,469.7911428562211,469.4984979436663,467.0961793809752
main/cec2017_F23_D30/CMA-ES (IPOP)/default/2,530.2255462253693,403.98937880803805,403.8346178576253,403.8272303110757,403.827229308652,403.827229308652,403.827229308652,383.52054778023466,383.44796583451443,383.44794404688537,383.4479440342261,383.4479440342243,383.4479440342243,383.4479440342243,383.4479440342243,383.4479440342243,383.4479440342243,379.0926902194269,370.86775500700605,370.3616688879183,370.3387991550576,370.33764069438166,370.3375648546562,370.3375498300493,370.3375484324338,370.337548148254,370.3375481173912,370.33754811270546,370.33754811223025,370.33754811215204,370.3375481121334,370.3375481121325,370.3375481121325,370.3375481121325,370.3375481121325,370.3375481121325,370.3375481121325,370.3375481121325,370.3375481121325,370.3375481121325,370.3375481121325,370.3375481121325,370.3375481121325,370.3375481121325,370.12179156300454,368.65968136784795,368.4592155151281,368.4258351753547,368.4220197387326,368.42129358902275,368.4211439241967,368.42111301125396,368.42110853249415,368.42110792610583,368.4211078326107,368.421107820815,368.4211078182998,368.42110781800784,368.4211078179105,368.42110781790143,368.42110781790143,368.42110781790143,368.42110781790143,368.42110781790143,368.42110781790143,368.42110781790143,368.42110781790143,368.42110781790143,368.42110781790143,368.42110781790143,368.42110781790143,368.42110781790143,368.42110781790143,368.42110781790143,368.42110781790143,368.42110781790143,368.42110781790143,368.42110781790143,368.42110781790143,368.42110781790143,368.42110781790143,368.42110781790143,368.42110781790143,368.42110781790143,368.42110781790143,368.42110781790143,368.42110781790143,367.70147599279153,367.1972427253763,367.001140052786,366.8918286646922,366.8466747616453,366.8301123924034,366.8224238965945,366.81935729342695,366.81833060438066,366.81787085112865,366.8175466683897,366.81747252212244,366.81743926820536
main/cec2017_F23_D30/WOA/default/2,1115.3304231041875,1085.5874279980594,1085.1801091407378,1084.8325830090262,1084.831896640259,1084.8318966402585,1084.8318966402585,1084.8318966402585,1084.8318966402585,1084.8318966402585,1084.8318966402585,1084.8318966402585,1084.8318966402585,1084.8318966402585,1084.8318966402585,1084.8318966402585,1084.8318966402585,1084.8318966402585,1084.8318966402585,1084.8318966402585,1084.8318966402585,1084.8318966402585,1084.8318966402585,1084.8318966402585,1084.8318966402585,1084.8318966402585,1084.8318966402585,1084.8318966402585,1084.8318966402585,1084.8318966402585,1084.8318966402585,1084.8318966402585,1084.8318966402585,1084.8318966402585,1084.8318966402585,1084.8318966402585,1084.8318966402585,1084.8318966402585,1084.8318966402585,1084.8318966402585,1084.8318966402585,1084.8318966402585,1084.8318966402585,1084.8318966402585,1084.8318966402585,1084.8318966402585,1084.8318966402585,1084.8318966402585,1084.8318966402585,1084.8318966402585,1084.8318966402585,1084.8318966402585,1084.8318966402585,1084.8318966402585,1084.8318966402585,1084.8318966402585,1084.8318966402585,1084.8318966402585,1084.8318966402585,1084.8318966402585,1084.8318966402585,1084.8318966402585,1084.8318966402585,1084.8318966402585,1084.8318966402585,1084.8318966402585,1084.8318966402585,1084.8318966402585,1084.8318966402585,1084.8318966402585,1084.8318966402585,1084.8318966402585,1084.8318966402585,1084.8318966402585,1084.8318966402585,1084.8318966402585,1084.8318966402585,1084.8318966402585,1084.8318966402585,1084.8318966402585,1084.8318966402585,1084.8318966402585,1084.8318966402585,1084.8318966402585,1084.8318966402585,1084.8318966402585,1084.8318966402585,1084.8318966402585,1084.8318966402585,1084.8318966402585,1084.8318966402585,1084.8318966402585,1084.8318966402585,1084.8318966402585,1084.8318966402585,1084.8318966402585,1084.8318966402585,1084.8318966402585,1084.8318966402585,1084.8318966402585
main/cec2017_F23_D30/TFO/full/3,720.2909945788929,674.620868590086,667.6567040224709,646.9266797637256,626.2622728012157,618.7724984748284,565.7107841314414,547.811862147792,531.4398153818797,506.1194308692693,498.1110596913586,493.2835267566402,492.70261771008063,489.13740389081477,483.0423903355527,479.49223717019913,458.1363741694313,451.4213737780301,445.6697571800064,434.4269034684271,427.9004350621135,423.8601402517984,421.49288010909186,418.36414672981846,416.83518507516374,415.47900945473157,415.19151649292417,413.79393415746745,412.4352005207452,411.5269906790222,411.5269906790222,411.4409612755858,411.4409612755858,411.4283651054261,411.1084727528032,411.10422675979135,410.8754056821881,410.78483382545755,410.75395820597396,409.49609576138573,409.43061529281067,409.34291302552674,409.33714534362116,409.33714534362116,409.33714534362116,409.3357538783366,409.26288109779944,409.22953309663126,409.22953309663126,409.22953309663126,409.2294689166256,409.2264585008679,409.2264585008679,409.2238880481091,409.22260211610774,409.22260211610774,409.22260211610774,409.22260211610774,409.22045200680986,409.21057331610245,409.2105172850638,409.20933723969074,409.20702777676433,409.20702777676433,409.20702777676433,409.20702777676433,409.20702777676433,409.20702777676433,409.20702777676433,409.20702777676433,409.20702777676433,409.20702777676433,409.20702777676433,409.20646430957913,409.20646430957913,409.20646430957913,409.20646430957913,409.20646430957913,409.20646430957913,409.20646430957913,409.20536060460154,409.20536060460154,409.20536060460154,409.20536060460154,409.20528368079067,409.20528368079067,409.20517728725736,409.20517728725736,409.20517728725736,409.20517728725736,409.2051352948906,409.2051352948906,409.2051352948906,409.2051352948906,409.20471926853315,409.20471926853315,409.20471926853315,409.20469401724995,409.20432396526166,409.20432396526166
main/cec2017_F23_D30/CA/default/3,597.7418411229446,548.2839197884291,542.1906280597996,540.688657471117,540.5425591847734,523.8776444065707,501.82178498871235,500.16772512812895,500.10038946622217,500.0740157193936,500.05647053161374,500.05192701570377,500.048473763703,500.04599907553984,500.04473854195294,500.044025606031,500.0435952093053,500.0432269240082,500.0429546017949,500.0428069988511,500.0427674681505,500.0427214027809,500.0426749478388,500.0426572241695,500.04263890630455,500.04263235954886,500.0426283028155,500.04262271422704,500.042619624739,500.0426152008122,500.04261284721497,500.0426105059214,500.0426087271444,500.0426074731163,500.04260698281405,500.0426063203827,500.0426060474515,500.04260580498567,500.0426055698508,500.0426054244931,500.0426053078022,500.04260515367014,500.0426050477722,500.0426049169523,500.0426048638801,500.0426048379354,500.04260481377423,500.0426047953142,500.04260477158596,500.0426047497349,500.04260462332286,500.0426046076859,500.0426045847289,500.04260456753764,500.0426045634249,500.0426045530444,500.0426045481677,500.04260454514997,500.04260454211726,500.04260453891084,500.0426045366057,500.0426045341078,500.0426045336221,500.04260453342204,500.04260453332745,500.0426045331287,500.0426045329682,500.0426045325539,500.0426045324675,500.04260453242296,500.04260453237794,500.04260453235383,500.04260453230427,500.04260453229153,500.0426045322838,500.04260453228017,500.04260453228017,500.04260453228017,500.04260453227425,500.0426045322738,500.04260453225424,500.04260453225197,500.04260453225015,500.04260453224924,500.04260453224924,500.04260453224833,500.04260453224833,500.04260453224833,500.04260453224833,500.04260453224833,500.04260453224833,500.04260453224833,500.04260453224833,500.04260453224833,500.04260453224833,500.04260453224833,500.04260453224833,500.04260453224833,500.04260453224833,500.04260453224833
main/cec2017_F23_D30/GA/default/3,534.3012586126124,476.95906248743995,476.12086075846946,474.5867365369895,473.7256488595458,473.54750142732973,473.4779565687186,473.4248972571895,473.40920612905165,473.3899119443977,452.95214123793085,438.1866308358449,435.0996410835555,434.6394233111978,433.4495251355379,433.43784565254646,433.4020730692773,433.34875637285495,433.29548487361944,433.2462959333043,433.2462959333043,433.2429857352504,433.222652385984,433.222652385984,433.2189471994825,433.2009904762431,433.1790520756899,433.17453462057574,433.1718280622963,433.1669982695025,433.1668847121441,433.16686845989534,433.16668844926744,433.16568708005934,433.16568708005934,433.1647270294029,433.1647270294029,433.16314027544286,433.16107951078857,433.16107951078857,433.16107951078857,433.1610675939546,433.1610675939546,433.1610648169126,433.16106443481567,433.16058997103846,433.160454189534,433.1595741053061,433.15906269252173,433.15901779379783,433.15901779379783,433.15901779379783,433.15870454935293,433.15870454935293,433.1586120929319,433.1586120929319,433.1586077244483,433.1586063449063,433.1582604590999,433.15824900043754,433.1578427321383,433.15777750613233,433.15777750613233,433.15777750613233,433.15777750613233,433.15777750613233,433.15774075863374,433.15773883480006,433.1576676808668,433.1567537091287,433.1567537091287,433.1556912130677,433.15566762551816,433.1556048869593,433.1554100321646,433.15535179343306,433.15535179343306,433.15534111554143,433.15533558313246,433.15533558313246,433.15528070011624,433.1552790379469,433.15526704771946,433.15526704771946,433.1552458415308,433.15523934326484,433.1552071002111,433.1551899159349,433.1551889159323,433.1551001855264,433.1550485516759,433.1550485516759,433.15480026643127,433.1540954995103,433.1540689049457,433.1536542227923,433.15359553308144,433.15359101221384,433.1535372584144,433.1535219559305
main/cec2017_F23_D30/PSO/default/3,847.1740811173686,825.8797061356368,825.8797061356368,825.8797061356368,825.8797061356368,825.8797061356368,825.8797061356368,821.6744302670377,821.6744302670377,804.4522288435128,804.4522288435128,804.4522288435128,795.98867611374,790.679885534285,790.6749127317707,790.6749127317271,790.6749127317271,790.6749127317271,790.6749127317271,790.6749127317148,790.6749127317144,790.6749127317007,784.771703110353,758.9025923667114,755.4973395793459,755.40905823808,755.3875427289286,755.387416192757,748.7154786681431,741.3118211245819,741.0063306430147,739.8998201384411,738.425228754129,737.2071817501319,737.1359190063818,736.6602025951202,736.5146201139842,736.4651004885509,736.447537943865,736.4434206610217,736.4390697688536,736.4362489571113,736.4359370183092,736.4356538594711,736.4352905943347,736.4352431497282,736.4352363258995,736.4352243333565,736.4352144074819,736.4352057055662,736.4351946278475,736.4351934026909,736.4351921028756,736.4351917204299,736.4351916088599,736.435191505092,736.4351913766604,736.4351913181958,736.4351911049334,736.4351907912087,736.4351906058328,736.4351905586782,736.43519053809,736.435190532336,736.4351905280264,736.4351905265512,736.4351905190897,736.4351904563632,736.4351904130363,736.4351904130363,736.4351904074701,736.4351904037248,736.4351904026134,736.4351904021364,736.4351904021364,736.4351904021364,736.4351904018049,736.4351904015684,736.4351904012656,736.4351904011828,736.4351904011828,736.4351904011828,736.4351903995152,736.4351903993088,736.4351903993088,736.4351903993088,736.4351903942757,736.4351903942634,736.435190386931,736.4351903869051,736.4351903869051,736.4351903869051,736.4351903869051,736.4351903869051,736.4351903869051,736.4351903869051,736.4351903819488,736.4351903816887,736.4351903812112,736.4351903812112
main/cec2017_F23_D30/GWO/default/3,713.6645003685917,675.0328391355533,675.0328391355533,675.0328391355533,675.0328391355533,675.0328391355533,675.0328391355533,673.8897279905232,673.8897279905232,673.8897279905232,649.0593127330708,649.0593127330708,649.0593127330708,649.0593127330708,649.0593127330708,649.0593127330708,649.0593127330708,649.0593127330708,649.0593127330708,649.0593127330708,649.0593127330708,647.6730800772825,630.9709275642645,630.9709275642645,630.9709275642645,630.6502438971866,630.6502438971866,630.6502438971866,630.6502438971866,630.6502438971866,630.6502438971866,630.6502438971866,630.6502438971866,607.1494693740665,607.1494693740665,607.1494693740665,607.1494693740665,607.1494693740665,607.1494693740665,607.1494693740665,607.1494693740665,607.1494693740665,607.1494693740665,607.1494693740665,607.1494693740665,607.1494693740665,607.1494693740665,607.1494693740665,607.1494693740665,607.1494693740665,607.1494693740665,607.1494693740665,607.1494693740665,607.1494693740665,607.1494693740665,607.1494693740665,607.1494693740665,600.1348977592547,600.1348977592547,600.1348977592547,600.1348977592547,591.2751422027873,591.2751422027873,578.7783437127496,578.7783437127496,578.7783437127496,578.7783437127496,578.7783437127496,578.7783437127496,578.7783437127496,578.7783437127496,578.7783437127496,578.7783437127496,578.7783437127496,578.7783437127496,578.7783437127496,578.7783437127496,578.7783437127496,578.7783437127496,565.6307771270531,565.6307771270531,562.2945136281692,562.2945136281692,556.6446747212754,540.9703145680819,532.788599951692,532.788599951692,532.788599951692,527.3310639153433,505.84797617217237,505.84797617217237,505.84797617217237,492.1379249876459,482.0741371204026,478.02746023085774,477.8891700729332,471.5309048375957,465.8413112695084,463.1589295200779,460.0531865379544
main/cec2017_F23_D30/L-SHADE/default/2,1002.1801263893035,748.0917505885918,650.9098322031255,619.1965414848919,619.1965414848919,597.0734292195989,580.6168044797951,580.6168044797951,569.7612389889623,569.7612389889623,566.7533469310538,566.7533469310538,566.7533469310538,561.7673021712835,561.7673021712835,548.2921706018706,543.4633331837554,533.1140252692485,533.1140252692485,533.1140252692485,533.1140252692485,533.1140252692485,526.6949585656066,526.6949585656066,522.1438045270806,522.1438045270806,515.0242807781497,511.87885208345324,503.22551541589473,501.3837112321462,501.3837112321462,498.04736761526283,496.16515980526765,496.16515980526765,481.6866920137877,481.6866920137877,481.6866920137877,481.6866920137877,479.55113600649383,478.8601135645963,478.8601135645963,476.1736073103825,461.36768790938777,454.3288719673842,454.3288719673842,454.3288719673842,453.2757796532601,453.2757796532601,453.2757796532601,453.2757796532601,451.459522384107,450.64377059969684,446.0392498062688,439.5066733778258,436.22898426425263,436.22898426425263,436.22898426425263,436.22898426425263,434.4159699224915,430.6579222224559,430.6579222224559,429.87813062452824,429.87813062452824,423.5401563159817,422.0078509357677,421.1771003598442,410.39599921430727,398.4126187175775,398.1351216518301,398.1351216518301,398.1310906806325,395.7487436920892,392.48423088136406,390.3917464694341,390.10174449352144,387.72070679090257,382.29959538166895,381.34904785703566,378.93077836166003,378.93077836166003,376.24252164538666,372.0429511550774,369.41978905281394,368.97597799304367,367.29308034691667,366.998497109103,364.19489637053675,363.0871538798988,362.6793358018008,362.56376691405467,360.85889381390825,359.80948969093834,358.0174282806761,357.8004959576433,357.3680483088142,357.123176234471,356.60872177428837,356.051464562147,355.79766937224076,355.5365837120762
main/cec2017_F23_D30/TFO-static/static/3,720.2909945788929,674.620868590086,667.6567040224709,646.9266797637256,626.2622728012157,618.7724984748284,565.7107841314414,547.811862147792,522.9567679751594,516.2273287224734,502.49541517784246,502.47214752730315,500.7761155645794,499.445334140109,498.66041203781424,496.701163872146,493.87560532036014,493.87560532036014,493.6006150235153,491.36638436868225,490.72260503400594,486.2144951369264,485.846064387365,485.846064387365,484.8956064049353,475.774627065015,472.59929376199716,470.70222656928536,460.5061473114788,459.967423695065,458.0030524344693,457.84650224597726,454.9240817629907,454.0485997548067,453.1685259262799,452.8727332490221,452.8727332490221,449.75080496936425,449.0747864186915,446.21183513274445,441.8005792017566,440.4427284449371,439.9732639590634,439.65648876107207,439.30069307200347,437.26071588443347,436.695707344672,436.695707344672,436.62298348984905,435.7183074253985,435.2456504873189,434.06940836797185,431.7654209012885,430.23884386652526,429.2513770601495,429.03601534557174,428.1143960795566,428.09794844359476,427.9806035580559,425.51832085721526,425.51832085721526,425.31637068378177,422.2655289400859,421.0447689033804,420.5435556564653,420.18457367134806,419.27367754088664,418.0599951099107,417.1796355090273,415.3492036943294,415.3374095969216,415.1805444260158,414.9426889134875,414.3289535832332,412.45733468917115,412.0441040958772,411.91428401481426,411.4176908835534,410.92718565335326,409.76237068792307,409.63339526913023,409.63339526913023,409.2983128452297,408.74293630691136,408.7053383333323,408.45182989152363,408.31088651089567,408.17187768031135,407.3525645333816,407.1984735407127,407.1788388501377,407.09821502929935,406.95816592884967,406.39855487669365,406.1935189219935,405.7076101337466,405.58892731276137,405.5714868797804,405.07268143104466,402.80622701805623
main/cec2017_F23_D30/CMA-ES (IPOP)/default/3,424.07785200105627,415.95499875141104,415.95426719137686,415.95426715436315,415.95426715436315,415.95426715436315,397.83169629942313,397.10455304087236,397.0872668498914,397.0867911579571,397.08676821322706,397.08676546068,397.08676501315995,397.0867649203624,397.08676489573463,397.08676489460095,397.0867648944063,397.0867648943836,397.0867648943804,397.0867648943804,397.0867648943804,397.0867648943804,397.0867648943804,397.0867648943804,380.4270489988244,377.1709705156645,377.0450416931776,377.0402891750864,377.040165602109,377.0401623513244,377.04016229826993,377.04016229720173,377.0401622971808,377.0401622971808,377.0401622971808,377.0401622971808,377.0401622971808,377.0401622971808,377.0401622971808,377.0401622971808,377.0401622971808,377.0401622971808,377.0401622971808,377.0401622971808,377.0401622971808,377.0401622971808,372.29429029064204,362.61323460183894,359.6765399436117,359.1611000860853,359.05588517050137,359.037821753755,359.03499572285,359.03450203229295,359.03443210979185,359.0344195155217,359.03441816808436,359.0344178417836,359.03441777993066,359.03441776932686,359.03441776770705,359.0344177674797,359.0344177674274,359.0344177674201,359.0344177674201,359.0344177674201,359.0344177674201,359.0344177674201,359.0344177674201,359.0344177674201,359.0344177674201,359.0344177674201,359.0344177674201,359.0344177674201,359.0344177674201,359.0344177674201,359.0344177674201,359.0344177674201,359.0344177674201,359.0344177674201,359.0344177674201,359.0344177674201,359.0344177674201,359.0344177674201,359.0344177674201,359.0344177674201,359.0344177674201,359.0344177674201,359.0344177674201,359.0344177674201,359.0344177674201,359.0344177674201,359.0344177674201,359.0344177674201,359.0344177674201,359.0344177674201,359.0344177674201,359.0344177674201,359.0344177674201,359.0344177674201
main/cec2017_F23_D30/TFO/full/4,755.9968230618042,654.9922514927812,645.5556016725236,626.0129644692161,593.46024916844,589.883842906494,570.9471360173352,566.221195151938,565.8012153279024,565.144776651463,542.2987540556769,538.6897908722822,527.138299160209,525.6142464956438,512.703156352618,512.0969506524698,506.8376817390772,505.7463388702363,500.5884645136389,495.040020004054,494.120042640835,488.66787567607525,488.44123366425765,486.09475787998326,485.71154997522854,472.86023650303105,465.78917294421626,465.17860614276515,463.9468793838655,460.7062567398866,459.9317268612481,459.4125817904064,453.7882595002784,453.25287086851904,452.5604495306616,451.2312865159338,449.5821460686907,447.6831962402066,437.9254455928294,436.59804842107087,436.2686972368956,433.5073044225287,431.6490699872006,431.14170222524126,429.743740748389,427.98281086930774,427.48135560295304,426.1931411892806,425.5982482827749,425.40159446226517,425.1300776023927,424.9265220959155,424.9214415450506,424.9214415450506,424.1928675018994,423.7505682894953,423.61885454862113,423.2581030696342,423.2581030696342,423.2581030696342,423.2581030696342,423.2581030696342,423.2581030696342,423.2515131187911,423.2515131187911,423.2515131187911,423.2515131187911,423.2515131187911,423.2515131187911,423.24550954919096,423.24550954919096,423.24550954919096,423.24550954919096,423.22315504939206,423.22315504939206,423.20086584074306,423.1965137727748,423.1965137727748,423.1402210700603,423.1372457048801,423.13713970578647,423.124544150608,423.12357357328574,423.12357357328574,423.052682348045,423.0208393039311,423.019526296393,422.97364852026476,422.97162689933975,422.9437697316389,422.82590003072573,422.82165224489563,422.82153120439716,422.82153120439716,422.82153120439716,422.7886394870138,422.7886394870138,422.7804524157814,422.75318927659873,422.74721789110527
main/cec2017_F23_D30/WOA/default/3,1367.6415832264074,1337.3979155120423,1322.8922386301424,1310.2935119089789,1304.7672864441438,1294.927224111561,1291.4375167801027,1284.8825983726047,1283.0540280424948,1281.05343568224,1278.3246966579895,1275.995567079598,1274.2824662271346,1272.030707957877,1268.8843661870433,1260.9665476224473,1256.0057600946575,1253.990517091066,1251.3851037707873,1238.5878243138827,1236.1706543594883,1233.8572452833992,1233.0088934648697,1232.714837342668,1232.5439485424104,1232.4891464134616,1232.399109198188,1232.3066186814503,1232.2398516731027,1232.0702242572688,1231.9212461044526,1231.6868661348049,1231.620368469903,1231.42136005852,1231.303440506198,1230.947062014885,1230.7812212482718,1230.6696543412481,1230.4792292331117,1230.4312847549477,1230.37826866863,1230.2683470167576,1230.201345460653,1230.149398527591,1230.0894671373271,1230.0562137960478,1229.7194459947086,1228.8442280041254,1228.828773913613,1228.7931062930766,1228.6449902796276,1228.6253827738742,1228.6106703537557,1228.5757546663745,1228.5670695679182,1228.561515470913,1228.5591609874054,1228.5564633458089,1228.5539193728273,1228.5524407036187,1228.552109637615,1228.5516577634608,1228.5490005748193,1228.5482467406246,1228.5475697040756,1228.547026490438,1228.5468740149154,1228.546730328609,1228.54644691473,1228.5463945153138,1228.5463668028033,1228.5463522838354,1228.5463341445966,1228.5461362119954,1228.5461287339986,1228.546114040967,1228.5460999050629,1228.5460939228306,1228.5460918225936,1228.546090199222,1228.5460891598927,1228.5460881280706,1228.5460772106007,1228.5460171883142,1228.5460140255427,1228.5460099769812,1228.5460075668047,1228.54600650376,1228.5460054799978,1228.5460054363684,1228.5460053364568,1228.5460050585652,1228.5460049216526,1228.5460047795978,1228.5460044476285,1228.5460039062214,1228.546003813428,1228.5460037970788,1228.5460037309308,1228.5460036933619
main/cec2017_F23_D30/GA/default/4,524.3288508615374,507.6207822949491,505.6264129467181,504.92972582713446,504.635242704695,504.48473221888526,504.4409823851065,504.4254332876335,504.4155776106395,504.4091699459518,504.3654924391849,504.35695740146,504.3550000234841,504.3378036324061,504.33664823614663,504.3363067453056,504.3360310845933,504.3255972825764,504.32351039696096,476.63295007419947,456.8854316179759,454.4446037767575,453.92982954483205,453.74667081132384,453.5371151356321,453.4949064308221,453.4629776888537,453.4398668581539,453.4370837999586,453.4332729865014,453.43290146208574,453.43290146208574,453.43217616701077,453.4288039489279,453.4285098828582,453.42742549062405,453.4268242417902,453.42674661788897,453.4263430739975,453.42580193488584,453.4257448126855,453.4256807536308,453.4253774588137,453.4253774588137,453.4251865816841,453.42477492095395,453.42438128562526,453.4242205847754,453.42415631729955,453.42415631729955,453.4236012574315,453.4235955829108,453.42358680807047,453.4234990287091,453.4234838508628,453.4234762693318,453.4234737256147,453.4234167806694,453.4233104061618,453.4233104061618,453.4233104061618,453.42329226579886,453.42329226579886,453.4232640264654,453.4232588590967,453.4232268234596,453.4232190279422,453.4232154950214,453.4232154950214,453.4232154950214,453.42321191510564,453.4232117861884,453.423202549046,453.423202549046,453.42320100574125,453.4232006561024,453.42317461447965,453.4231720025027,453.4231720025027,453.4231720025027,453.42313730579144,453.42313730579144,453.42310788489885,453.42310788489885,453.4230947160222,453.4230947160222,453.4230947160222,453.42307634442477,453.42307551140857,453.4230683394785,453.42306553762955,453.42306553762955,453.42305961133616,453.4230388830356,453.42303745903655,453.42303745903655,453.42303684864237,453.423033986408,453.4230327335008,453.4230312750551
main/cec2017_F23_D30/CA/default/4,629.1717495236626,502.0446220618669,494.5854498478893,493.0154685294101,492.50881888907406,492.1908378232947,492.0347193796151,491.9657066253203,491.9334695625166,491.92360310467666,491.91753256351603,491.91175894799017,491.9090436744418,491.90709304834127,491.9063655511536,491.9053597802913,491.904893217697,491.9046914104256,491.9044479651975,491.9043067641983,491.9041890115459,491.90415261619546,491.90412971221485,491.90411657294635,491.9041060551667,491.90410144259704,491.904097415882,491.90409627019653,491.9040938307203,491.9040930244623,491.9040922705417,491.904091837896,491.9040913257336,491.9040910563558,491.9040908961333,491.9040907409362,491.9040906651994,491.90409057984243,491.90409054247766,491.9040905067841,491.90409047780986,491.9040904659687,491.90409045980823,491.90409045357137,491.90409044969783,491.9040904447729,491.90409044193984,491.9040904409353,491.9040904402191,491.90409043995214,491.9040904396511,491.9040904393646,491.90409043915406,491.90409043906357,491.9040904390122,491.9040904389826,491.9040904389508,491.9040904389399,491.90409043893123,491.90409043892487,491.90409043892305,491.9040904389203,491.9040904389176,491.9040904389167,491.9040904389167,491.9040904389167,491.9040904389162,491.9040904389162,491.9040904389158,491.9040904389158,491.9040904389158,491.9040904389158,491.9040904389158,491.9040904389158,491.9040904389158,491.9040904389158,491.9040904389153,491.9040904389153,491.9040904389153,491.90409043891486,491.90409043891486,491.90409043891486,491.90409043891486,491.90409043891486,491.90409043891486,491.90409043891486,491.90409043891486,491.90409043891486,491.90409043891486,491.90409043891486,491.90409043891486,491.90409043891486,491.90409043891486,491.90409043891395,491.90409043891395,491.90409043891304,491.90409043891304,491.90409043891304,491.90409043891304,491.90409043891304
main/cec2017_F23_D30/PSO/default/4,747.668766602003,721.0615737838098,699.8842608832483,699.8842608832483,663.0232764924881,663.0232764924881,663.0232764924881,663.0232764924881,663.0232764924881,663.0232764924881,663.0232764924881,663.0232764924881,656.3869800229554,656.3869800229554,656.3869800229554,656.3869800229554,656.3869800229554,651.9496582916836,644.0124493478456,640.6816366190264,639.3143894262148,639.2807654150411,639.2807124622664,639.2807124622655,639.2807124622632,613.4937583838378,613.3765893077766,613.3737444782937,613.3737444433173,613.3737444433173,605.086169594148,593.2987680964698,584.9401168547511,584.9384074526797,582.7323134892322,573.0901273621457,569.1619715129473,568.1802268198712,567.4524593419696,566.8401148812682,566.7502275751804,566.7241012682966,566.7177689964105,566.7065812256242,566.7054629949644,566.7052316210775,566.7051296636564,566.7051143297986,566.7051131570879,566.7051130252939,566.7051130123782,566.7051130115779,566.705113011451,566.7051130114401,566.7051130114396,566.7051130114396,566.7051130114396,566.7051130114392,566.7051130114392,566.7051130114392,566.7051130114392,566.7051130114392,566.7051130114392,566.7051130114392,566.7051130114392,566.7051130114392,566.7051130114392,566.7051130114392,566.7051130114392,566.7051130114392,566.7051130114392,566.7051130114392,566.7051130114392,566.7051130114392,566.7051130114392,566.7051130114392,566.7051130114392,566.7051130114392,566.7051130114392,566.7051130114392,566.7051130114392,566.7051130114387,566.7051130114387,566.7051130114387,566.7051130114387,566.7051130114387,566.7051130114387,566.7051130114387,566.7051130114387,566.7051130114387,566.7051130114387,566.7051130114387,566.7051130114387,566.7051130114387,566.7051130114387,566.7051130114387,566.7051130114387,566.7051130114387,566.7051130114387,566.7051130114387
main/cec2017_F23_D30/GWO/default/4,688.9322284438267,649.5256906138411,649.5256906138411,649.5256906138411,649.5256906138411,649.5256906138411,649.5256906138411,649.5256906138411,649.5256906138411,649.5256906138411,649.5256906138411,649.5256906138411,649.5256906138411,639.6932282502507,639.6932282502507,639.6932282502507,639.6932282502507,639.6932282502507,639.6932282502507,639.6932282502507,639.6932282502507,639.6932282502507,639.6932282502507,639.6932282502507,639.6932282502507,639.6932282502507,639.6932282502507,639.6932282502507,639.6932282502507,639.6932282502507,639.6932282502507,639.6932282502507,639.6932282502507,630.941435792251,630.941435792251,630.941435792251,630.941435792251,630.941435792251,630.941435792251,630.941435792251,630.941435792251,630.941435792251,630.941435792251,630.941435792251,630.941435792251,630.941435792251,630.941435792251,630.941435792251,630.941435792251,630.941435792251,630.941435792251,630.941435792251,629.6459767922574,629.6459767922574,629.6459767922574,629.6459767922574,625.1375444840987,625.1375444840987,590.0670456342027,590.0670456342027,590.0670456342027,590.0670456342027,590.0670456342027,590.0670456342027,590.0670456342027,590.0670456342027,590.0670456342027,590.0670456342027,590.0670456342027,590.0670456342027,590.0670456342027,590.0670456342027,590.0670456342027,565.7970371019546,565.7970371019546,565.7970371019546,565.7970371019546,565.7970371019546,565.7970371019546,565.7970371019546,565.7970371019546,565.7970371019546,565.7970371019546,561.1512740636581,561.1512740636581,561.1512740636581,528.9723573008705,528.9723573008705,522.8818110791053,522.8818110791053,522.8818110791053,522.8818110791053,519.9182331949164,518.6017108327787,507.51621188474337,500.71637443533064,492.71291787197197,487.9228614065064,485.3566866363303,482.8327444478459
main/cec2017_F23_D30/L-SHADE/default/3,929.7287065672162,729.6505049712478,663.9255616409218,640.7366222255496,616.447297365813,612.348582255584,595.1508574532008,584.4145399320055,574.8367842873645,574.8367842873645,559.4203623194003,559.4203623194003,559.4203623194003,557.1706106336933,557.1706106336933,542.8076220999192,542.8076220999192,542.8076220999192,537.9085044875819,537.9085044875819,537.9085044875819,537.9085044875819,537.1711630195769,532.5518834406571,509.1598913970515,509.1598913970515,509.1598913970515,502.95036788624975,502.95036788624975,502.95036788624975,496.9462623388722,496.9462623388722,496.9462623388722,496.9462623388722,493.5449797358028,493.5449797358028,490.9476920269435,490.9476920269435,489.29608395963123,487.9945320040615,464.1976103388006,464.1976103388006,464.1976103388006,463.84308172703004,459.9102667330917,459.9102667330917,456.27414815702605,454.6840268138021,454.6840268138021,454.6840268138021,454.6840268138021,454.6840268138021,437.848163716269,435.1085791155797,434.9436245439083,434.9436245439083,434.9436245439083,434.9436245439083,434.9436245439083,434.9436245439083,432.3482483860671,431.0211968320914,426.9185051442828,426.9185051442828,422.2029154623938,421.6074996799348,421.6074996799348,420.7479004656884,417.9490954025973,416.142959263344,409.82146196885014,402.4216878896782,400.070404619722,400.070404619722,387.95334372916614,385.20568365640156,385.20568365640156,385.20568365640156,385.20568365640156,385.20568365640156,382.19873665192426,381.10090176680114,380.18300410496613,377.94779321842407,377.2727439937398,376.24140936368394,373.37197514941727,371.6667447247446,369.1865167093847,365.3995125997758,363.9562724200023,363.8783686371971,361.6012504837845,357.3386173664985,355.56248730088373,354.08864520047246,353.2542783916674,352.753564534401,352.42399312408907,352.2466899531464
main/cec2017_F23_D30/TFO-static/static/4,755.9968230618042,654.9922514927812,645.5556016725236,626.0129644692161,593.46024916844,566.7264848418104,559.8877453923169,553.8903206079144,553.8463473200109,549.7624560542154,549.3938162665186,545.3852676964111,542.089010003715,538.0694904055104,537.5970850918607,535.9987839261689,535.1843743917639,534.9123905736174,534.8516342426819,532.957117623203,525.903513678591,525.2891674248099,525.2783253146017,520.8924060602271,520.8436731609736,506.5859614278538,506.4001274287516,502.11369970217675,496.3218526367673,496.2319091061154,496.0656377844707,495.9338407627365,495.22848613426277,495.22442493378185,493.85637955451966,492.81150514595674,491.97109908235234,491.4151179221126,491.14527566175093,487.8952918563018,487.81644111129754,487.58484518218074,486.744008353759,485.46399460439625,485.46399460439625,484.16758701937624,484.00781560814676,483.8176375666153,483.7923441211469,481.3926525344946,481.39179064224254,480.85144901450394,480.1778182111607,479.9440788114425,479.9440788114425,479.9440788114425,479.5886481677435,479.2242364642357,479.07081006852195,479.07081006852195,478.5248724826911,477.30226311946944,477.30226311946944,477.30226311946944,477.285825645773,476.1758901229373,476.1758901229373,475.9088871153035,475.9088871153035,475.5877694899614,474.8940040108214,474.8391177392368,474.67265514282644,474.67265514282644,474.67265514282644,474.67265514282644,474.51070237051545,474.48161046672385,473.8634369226884,473.8634369226884,473.8084819716628,473.6881065753573,473.4494606785138,473.44419319727604,472.21616133413454,471.5626377891517,471.39623702859444,470.32696555176153,470.1341399244998,470.08242750303316,469.4955370812959,469.4955370812959,469.4955370812959,469.48464476558183,469.48464476558183,469.4389261968513,468.6434206343679,468.6353825397109,468.2727302971957,448.06535910054026
main/cec2017_F23_D30/CMA-ES (IPOP)/default/4,565.2198056471893,407.28797136980575,407.2758558508817,407.27584573043714,407.27584573042895,407.27584573042895,381.0749067198026,376.8201289044059,376.7941076669931,376.79408541092926,376.79408540758095,376.7940854075805,376.7940854075805,376.7940854075805,376.7940854075805,376.7940854075805,376.7940854075805,376.7940854075805,376.2052262159805,375.1297883207103,375.10589557301364,375.1055836434216,375.10557810356386,375.105578018105,375.1055780168499,375.1055780168226,375.1055780168226,375.1055780168226,375.1055780168226,375.1055780168226,375.1055780168226,375.1055780168226,375.1055780168226,375.1055780168226,375.1055780168226,375.1055780168226,375.1055780168226,375.1055780168226,375.1055780168226,368.4181632181185,364.852320997737,364.05082932981213,363.8449962259624,363.8091424632735,363.8048872579752,363.80419701733035,363.8040804734069,363.8040673046221,363.80406427259277,363.80406391325414,363.8040638488901,363.8040638354764,363.8040638331777,363.8040638327475,363.8040638327002,363.8040638326893,363.8040638326893,363.8040638326893,363.8040638326893,363.8040638326893,363.8040638326893,363.8040638326893,363.8040638326893,363.8040638326893,363.8040638326893,363.8040638326893,363.8040638326893,363.8040638326893,363.8040638326893,363.8040638326893,363.8040638326893,363.8040638326893,363.8040638326893,363.8040638326893,363.8040638326893,363.8040638326893,363.8040638326893,363.8040638326893,363.8040638326893,363.8040638326893,363.8040638326893,363.8040638326893,363.8040638326893,363.8040638326893,363.48599982167025,362.87423786569707,362.6932338008837,362.5473139918854,362.4545048398709,362.4228576278456,362.40997458012,362.40247652720245,362.3985887691083,362.3975990981603,362.3967940802495,362.3964041514173,362.3961912152781,362.39612716914644,362.3960716255724,362.3960524952495
main/cec2017_F23_D30/WOA/default/4,1391.7969238698324,1353.9220058513229,1325.5918458459555,1309.0474814201962,1308.6937330219457,1306.6271315455342,1305.8418226981962,1305.8418226978965,1305.8418226978965,1305.8418226978965,1305.8418226978965,1305.8418226978965,1305.8418226978965,1305.8418226978965,1305.8418226978965,1305.8418226978965,1305.8418226978965,1305.8418226978965,1305.8418226978965,1305.8418226978965,1305.8418226978965,1305.8418226978965,1305.8418226978965,1305.8418226978965,1305.8418226978965,1305.8418226978965,1305.8418226978965,1305.8418226978965,1305.8418226978965,1305.8418226978965,1305.8418226978965,1305.8418226978965,1305.8418226978965,1305.8418226978965,1305.8418226978965,1305.8418226978965,1305.8418226978965,1305.8418226978965,1305.8418226978965,1305.8418226978965,1305.8418226978965,1305.8418226978965,1305.8418226978965,1305.8418226978965,1305.8418226978965,1305.8418226978965,1305.8418226978965,1305.8418226978965,1305.8418226978965,1305.8418226978965,1305.8418226978965,1305.8418226978965,1305.8418226978965,1305.8418226978965,1305.8418226978965,1305.8418226978965,1305.8418226978965,1305.8418226978965,1305.8418226978965,1305.8418226978965,1305.8418226978965,1305.8418226978965,1305.8418226978965,1305.8418226978965,1305.8418226978965,1305.8418226978965,1305.8418226978965,1305.8418226978965,1305.8418226978965,1305.8418226978965,1305.8418226978965,1305.8418226978965,1305.8418226978965,1305.8418226978965,1305.8418226978965,1305.8418226978965,1305.8418226978965,1305.8418226978965,1305.8418226978965,1305.8418226978965,1305.8418226978965,1305.8418226978965,1305.8418226978965,1305.8418226978965,1305.8418226978965,1305.8418226978965,1305.8418226978965,1305.8418226978965,1305.8418226978965,1305.8418226978965,1305.8418226978965,1305.8418226978965,1305.8418226978965,1305.8418226978965,1305.8418226978965,1305.8418226978965,1305.8418226978965,1305.8418226978965,1305.8418226978965,1305.8418226978965
main/cec2017_F23_D30/L-SHADE/default/4,955.6418554631323,738.113350507545,670.771240201263,619.9706890439497,610.0675873351888,598.1339450691644,598.1339450691644,581.6124629584665,561.0129278353224,561.0129278353224,561.0129278353224,561.0129278353224,522.5795718373961,522.5795718373961,522.5795718373961,522.5795718373961,520.3166523873742,520.3166523873742,520.3166523873742,520.3166523873742,520.3166523873742,520.3166523873742,517.6102262202403,517.6102262202403,512.5785270601405,505.95061437215554,504.6796328220066,503.25463917927163,503.25463917927163,503.25463917927163,503.25463917927163,498.42969885322464,489.93808100063825,489.93808100063825,486.1534722660458,484.4271698192838,484.4271698192838,480.8433023340285,480.5680145456554,480.5680145456554,476.59013165905117,468.348960244261,468.348960244261,468.348960244261,452.11929969618905,452.11929969618905,450.04367364995096,450.04367364995096,450.04367364995096,445.97258229865884,440.77552705007656,440.77552705007656,439.78099943696,439.78099943696,438.03058536065055,436.985009663706,435.7915701536904,433.2067275198797,425.47733607830787,425.47733607830787,419.24021564930536,419.24021564930536,416.0546409420631,415.6872391197103,401.0250941878485,399.5546797545521,399.5546797545521,397.4814346008052,397.1729215424939,393.09993753177696,387.82741491175557,386.68668020284304,382.1021997858402,380.0171374203496,379.74488165324374,379.5967542480312,376.67325802384084,375.8882662907404,374.3138141961599,374.3138141961599,372.58906919680203,372.2881141118701,369.98076324578733,368.80633605393086,367.5419260724334,364.77145780601177,362.4927316462631,361.78129358645856,360.5705362731278,358.8854453898998,358.0349310971569,357.2144628131441,356.6627831556002,355.41990311340805,354.75188529514617,353.3157346512098,353.2791712213275,352.1957802117463,352.0180152297198,351.9191526163786
main/cec2017_F01_D30/GA/default/5,1309293691.7546046,190448157.3379704,59551109.466858625,13697999.25487543,10748777.68064478,5033273.314578736,4612071.407558757,3343051.5769818993,2508798.018324685,1529192.0520013627,853822.3957395781,740052.7516573332,504279.14892532525,397595.57001590537,340049.2061295607,318289.4773651237,199305.98933289933,156107.684351885,128798.19119773497,128798.19119773497,99074.40850690381,81364.14153037236,58555.49659905027,57046.97075000128,47059.11073624037,46201.516466487956,45839.46088553095,40393.036188277336,39895.006042647765,39895.006042647765,38465.07196821895,38465.07196821895,38224.81586932637,38224.81586932637,37418.53789504922,37418.53789504922,36991.46520993579,36991.46520993579,34212.696398859014,34212.696398859014,34212.696398859014,34212.696398859014,33105.46136646959,31701.726609697092,29811.749245107872,29811.749245107872,28918.967372408744,28840.51477029048,28840.51477029048,28067.934372697797,28067.933035504655,27536.358654606956,27264.487768530842,27264.487768530842,26958.305672584618,26626.235137470445,26626.235137470445,26298.57161267948,26298.57161267948,26222.831894441115,25733.262818029194,25436.21602008689,25436.21602008689,25436.21602008689,25424.905299907874,23872.359569649743,23694.21822559667,23679.00660647301,23277.353818261327,23226.09798600446,22889.519636505855,22784.891676333416,22714.5300170851,22713.965160323856,22497.954518851064,22377.837281383927,22374.653185537234,22373.639111160737,22203.29996144431,22109.67592567411,22109.67592567411,21968.447338509923,21891.117116768146,21807.65191777458,21698.072313267243,21661.48747544603,21602.82807428347,21498.33369104481,21487.81679010997,21487.81679010997,21475.623951464462,21471.406888095575,21315.774505303867,21315.26898754478,21315.26898754478,21315.26898754478,21315.26898754478,21302.577197756564,21287.30310587894,21141.923065426905
main/cec2017_F01_D30/PSO/default/5,64965628378.09654,64965628378.09654,53150682658.53293,31827975792.095493,31827975792.095493,31827975792.095493,31827975792.095493,31827975792.095493,29020909914.349087,29020909914.349087,29020909914.349087,29020909914.349087,29020909914.349087,28474784608.85679,23450466115.26334,20276908112.556942,16343653576.984821,16292939674.509663,16292939673.857368,16292939673.857365,16292939673.857355,16292939673.857355,11399909056.799604,10011270588.816944,9797016366.683435,9797016362.679028,9797016362.679028,6408828730.072443,6068921869.324551,5442085817.594012,4933882908.361896,4681685262.008197,4681685262.008111,3377314370.855766,3316327589.750519,3064746748.69,2447655343.692562,1674820272.0741267,1429958877.0923548,1089365439.7576199,637693116.3860843,421221619.928932,337804878.5961756,150532437.01996595,94398501.35727252,41171815.2245254,18870644.381826058,6971135.230704767,3595306.1261267625,1128391.1354363826,316490.62109605275,102478.89206530835,41010.12640433486,18177.314824077657,9522.741417478828,6452.230271340713,5860.3407478849085,5561.000642508942,5507.473712858593,5493.73292072566,5491.180052121127,5490.48902849171,5490.402726184916,5490.38077975272,5490.378230562378,5490.377536233297,5490.37749944826,5490.377489682004,5490.377487721338,5490.377487458641,5490.377487443001,5490.3774874420205,5490.377487441927,5490.377487441924,5490.377487441921,5490.3774874419205,5490.3774874419205,5490.3774874419205,5490.3774874419205,5490.3774874419205,5490.3774874419205,5490.3774874419205,5490.3774874419205,5490.3774874419205,5490.3774874419205,5490.3774874419205,5490.3774874419205,5490.3774874419205,5490.3774874419205,5490.3774874419205,5490.3774874419205,5490.3774874419205,5490.3774874419205,5490.3774874419205,5490.3774874419205,5490.3774874419205,5490.3774874419205,5490.37748744192,5490.37748744192,5490.37748744192
main/cec2017_F01_D30/GWO/default/5,328769632909.5459,328769632909.5459,308682928165.3456,236782396517.39655,236782396517.39655,225348800407.49353,225348800407.49353,212176490004.39404,209424731532.244,203195524116.91687,203195524116.91687,199798659214.88544,199798659214.88544,197631261931.12408,197631261931.12408,197631261931.12408,194815856040.55936,194815856040.55936,194815856040.55936,194815856040.55936,147154718854.16183,141677720185.53192,141677720185.53192,138486640858.37665,138486640858.37665,131953874050.25087,130500040643.50859,130500040643.50859,124636080750.37617,124636080750.37617,124636080750.37617,119883789665.86989,119883789665.86989,119883789665.86989,114789152808.4565,80250390553.8947,80250390553.8947,80250390553.8947,80250390553.8947,80250390553.8947,79019873470.61868,79019873470.61868,77006224974.58179,53604261756.89353,53604261756.89353,53604261756.89353,53604261756.89353,53604261756.89353,53604261756.89353,53604261756.89353,53604261756.89353,53604261756.89353,53604261756.89353,53604261756.89353,53604261756.89353,53604261756.89353,47592142778.2628,47592142778.2628,47592142778.2628,47592142778.2628,40055193193.17907,40055193193.17907,40055193193.17907,33667691940.185524,30510252980.207275,27285887027.57522,23768918208.908054,21566869269.112213,21566869269.112213,21566869269.112213,19562286329.948208,17955028054.519424,17955028054.519424,17955028054.519424,17955028054.519424,17955028054.519424,14865566140.88226,13247368376.331667,13247368376.331667,13247368376.331667,12743760392.028444,11680144009.278294,8575447783.593856,8110826942.337297,7655973237.908861,7307382605.54094,5828013046.591186,5764968074.593513,5248870739.840879,4680812556.598506,4117554968.1599355,3889029640.435284,3846719604.9101195,3354385718.4344783,3215906460.982417,2955969896.0833044,2664785781.5491943,2566715614.2171054,2462496218.464296,2422816282.3283854
main/cec2017_F01_D30/CA/default/5,58942138490.84173,4162158187.866168,506588274.83504176,71735971.09271866,21737779.3685432,5480539.396440126,1613415.1538715197,454310.7648840082,67191.44193614354,18228.4283433898,10860.833465382755,8759.937400569499,8576.888583081995,8537.397165836397,8532.259329490891,8531.04128543213,8530.776866508793,8530.660298628562,8530.576621772507,8530.513201330581,8530.467531338925,8530.416258991243,8530.399883010437,8530.3916551078,8530.379131436146,8530.3715665691,8530.370007534675,8530.365256640996,8530.361026094648,8530.35883809791,8530.35723313627,8530.356529037172,8530.355901813215,8530.354396694855,8530.352870248742,8530.351549104056,8530.350048065295,8530.34717916386,8530.345768308629,8530.341702086158,8530.33958095061,8530.33734821989,8530.33433031243,8530.332557569984,8530.33025408154,8530.329130316195,8530.327823330752,8530.327124694595,8530.326713977702,8530.326452359115,8530.320888230855,8530.31936816048,8530.316700700545,8530.314220732753,8530.311177884814,8530.303369584413,8530.300212183667,8530.29769541998,8530.29525103477,8530.292618486645,8530.291191101336,8530.290230765417,8530.289990787327,8530.28555252767,8530.278800849808,8530.277978310367,8530.277775736038,8530.277345916636,8530.276296918857,8530.274782379185,8530.267922344816,8530.258258042093,8530.247402400808,8530.24431594912,8530.243453825402,8530.240450516454,8530.239696511399,8530.229033341697,8530.225943513142,8530.22333044618,8530.221809726854,8530.22012252894,8530.215837382488,8530.211274474048,8530.209461262122,8530.209054899879,8530.208068031468,8530.205575898437,8530.19149424307,8530.186496396787,8530.134603893519,8530.110246627923,8530.090478794902,8530.079807889073,8530.07461121683,8530.071335608001,8530.061891910942,8530.050720789079,8530.032813485499,8530.02150472846
main/cec2017_F01_D30/TFO/full/5,207820645541.63116,26028419810.03201,2209697443.8512435,2051606727.465506,1602174163.1128807,948389936.7348905,650244542.2636251,608735130.2342695,568752241.3559041,554476400.4120047,529916114.41556305,529872710.8045743,527207915.2243949,502536483.32000643,483451022.7018705,455698010.5591646,283271263.69269645,266066248.29204598,168957874.29442447,163469802.87422237,91380540.12390049,86315466.6014907,86267502.27714963,84766382.70480774,77135785.16125293,69645862.38236488,67301033.58844905,64066790.07481252,48044414.79026553,44963443.62438357,44962041.18078232,41584816.09862197,34765019.375225365,34208891.91668918,32745493.815093447,31140296.696005184,27087258.786656894,26206841.694357704,23769199.29869787,23466136.064475864,18251058.665237,16565100.203660931,16407210.3702846,15181596.987471776,14245109.34992616,10272118.625708507,9332550.226721544,8678978.846331134,8534624.010577098,8001048.470012696,7203200.169711021,6406642.612695901,5517468.559802168,5403504.192065887,5403504.192065887,4641466.967407223,4641466.967407223,3926227.070695232,3906586.188858378,3787772.853341739,3293892.5791830793,3149634.2090854,3103652.450162857,1857090.1415515936,1719230.306614702,1680266.3221847473,1406166.2299492946,1403980.5500553157,1276948.5509526683,1191376.9662837049,1191376.9662837049,1182544.1988183588,1181964.7799919508,1181964.7799919508,1181964.7799919508,1158078.562470256,1126872.000490824,1126872.000490824,1088570.100682831,1087002.9158414772,910952.5159065279,863519.3799163806,860656.0386679156,858615.7030877181,702975.8940797844,662791.387231558,662791.387231558,657601.090411609,657601.090411609,635472.9777704476,633225.7418331334,597896.6654354525,587146.214441406,555020.2423364538,549881.1173669628,460680.88383406494,460680.88383406494,460192.97729512013,460192.97729512013,460192.97729512013
main/cec2017_F01_D30/TFO-static/static/5,207820645541.63116,26028419810.03201,2209697443.8512435,2051606727.465506,1602174163.1128807,948389936.7348905,650244542.2636251,608735130.2342695,568752241.3559041,554476400.4120047,529916114.41556305,529702883.3972913,527207915.2243949,502536483.32000643,497225129.2680724,347197641.71868426,336550069.1381412,220160488.13821372,200543710.97265166,173965437.13511872,173781565.70201132,168774507.58940127,164908000.95274583,140946588.99515554,53755024.59807015,45117965.67273849,7636089.543736886,7511427.855365328,6735789.371643621,5641021.089493454,5040571.82914746,4430436.721804409,4170889.706119683,4152019.2526640133,4058803.8591253823,3831210.0544484495,3563961.274708107,3374503.5663044467,3252777.787140934,3063568.781266212,3059519.766117974,2999383.31195713,2860311.3120714054,2237326.4487088346,2177959.606880744,2158651.7679592837,2096127.5329795193,1865554.650697982,1860173.677769835,1776669.1696872774,1771219.5122916815,1770046.5831004174,1563530.2865174708,1544533.25134524,1147499.5737540366,1009276.176307034,1007118.1707969366,1005571.6039279983,956741.1650205614,816863.2066342474,802905.627457874,754123.3084244246,712124.551136961,690897.5006299795,680696.4290715661,662418.393453847,659096.0535583186,650520.9414315119,608494.3763421989,607503.5003494583,554841.8096063158,518717.44343885843,517919.976053421,517786.48755127937,489701.47659086593,474615.86410697666,457116.57112785196,428589.6793761978,407937.8944533087,383151.0107594325,383016.6823010103,347566.5188710968,332592.6757943373,332134.40976223635,322139.0093556826,295808.72784089326,286641.9149754392,260182.2922496454,255591.3765429412,239803.20629960662,237574.55541359194,223805.09130169236,182196.77046038455,181402.89809390993,177141.96177243296,167274.81939340706,164537.47198227973,160083.42133711185,158607.96041539338,143129.0403055207
main/cec2017_F01_D30/WOA/default/5,469956127873.40125,262659459704.1916,181520603599.91876,114809317614.20152,60660454968.55647,49015681083.33357,34040772555.926235,20852733146.81369,14998048297.678585,13728271835.08959,9234992028.684088,4162293408.7763977,2872051403.3392863,2153526658.5290346,1439360096.1614077,1073380026.4470674,909781492.2930999,702410489.2156278,543976319.2639061,314752338.9693993,238880703.17157745,82747089.15341778,55163486.6487523,23037656.9896157,13569750.628892006,10799705.130575003,7719524.045310132,5218465.380082326,3483221.1062514484,3077968.4662684132,1769331.4534693793,1092402.5861773915,745497.3879741433,548381.3327503604,423721.4768838424,284550.29462321557,183897.37218499905,128930.56344395345,103808.19628142688,90322.38711645853,77957.75989657968,72551.39384127983,54099.82468424983,40352.82913966873,24245.922548021495,20202.222305439227,16845.632411613562,13194.139399794547,11854.52201540985,7998.633948856969,5662.823629702145,4861.17138334404,4700.39767620054,3782.2480462011326,3559.447065646114,3410.9960384125125,3122.0682168307153,2635.2970876855034,2384.608205628742,2268.5884146539584,2190.708450289998,2152.6296041785954,2084.911558095477,2070.8888002105664,2055.5872510469217,2035.1729970748952,2026.1801784806612,2009.2559216827954,1993.2361010036207,1987.4497186652252,1984.3206981365179,1981.715092003295,1978.2509342010862,1977.6492863724989,1976.6329481142093,1975.7786748885242,1975.2132385131226,1975.0676195014175,1974.6052230692421,1974.5370566661468,1974.4966919410836,1973.6600023350193,1973.5509865794984,1973.4438897728114,1973.3987013748165,1973.3291821339244,1973.319114560993,1973.315292041868,1973.310057899187,1973.3019932007646,1973.297337161378,1973.285999140243,1973.2777099235718,1973.2754912609862,1973.2721694957108,1973.2589459435767,1973.2374484271922,1973.2207691324875,1973.2175168039084,1973.2127940552627
main/cec2017_F01_D30/TFO/full/6,168534307681.85437,29710332837.317425,12829744263.937578,10253951704.466812,3362695742.428017,1793693821.268701,1749595473.4903657,836736854.5065696,656084096.76066,639228002.7465978,508112965.3376512,487376240.8160659,376047549.0360165,353214299.72990143,353212901.6457713,224155817.7167254,171733429.93823493,168270218.10825858,167808528.25797614,151255382.778283,145060254.89044496,108956801.50644484,108124965.71493426,106972835.00063863,94548276.6648852,84862350.53475328,83852922.24514051,73417301.0338602,57604272.8265761,52532900.314968884,52111920.20580362,45536719.45050167,44114928.061739735,42275227.67407801,42223249.262768455,35644886.757344425,35023487.662040085,34216287.46836649,33929614.32921206,33871599.50503848,32704222.7319776,31698434.56237057,30935550.173234552,29367020.43193228,28347725.694524173,23773418.94356198,23226656.543325882,23198772.57583002,21363986.453055017,21300016.102032356,19703169.424166933,18309092.55592978,15848028.7134191,12997210.56829978,11512877.020943442,8357828.542711918,7569869.262371703,7010072.79621371,6741338.458830001,6326503.230320358,6303571.7521151,5060708.132395921,4912312.324743484,4809766.002389299,4801175.259059339,4774338.835219361,4676639.05750245,4631877.353956221,4532886.876600128,4359084.831747343,3461541.741139359,3461541.741139359,3426159.687458915,3369581.6854127995,3235600.067794834,2583787.2872407013,2575918.659533483,2575797.3985756193,2575797.3985756193,2562890.521445802,2354346.8642851515,2201603.072591252,2012041.402660622,1807699.7339208962,1802788.8164400724,1802788.8164400724,1746278.0789787937,1728532.3215453005,1727513.484039832,1707096.756768273,1493686.6968443145,1476744.8398254407,1423768.7847336482,1363145.5413185933,1289446.999871589,1287266.0615567453,1287266.0615567453,1095047.8453934973,1061768.9901677037,931510.499282234
main/cec2017_F01_D30/CA/default/6,31204498532.66587,1650205104.7866323,154077293.25564402,33147637.418101598,7542469.164517943,2541459.614422564,443311.1872596469,76652.71699657301,10867.949126211208,2841.3204081589006,904.6678746757156,321.82471653914365,203.05886112272253,171.34783209937177,165.34132886610018,164.9396636041971,164.8085840346978,164.80324504149638,164.79320810882757,164.7901311109057,164.78826963629638,164.78725971389673,164.78528877548007,164.78444287315892,164.78361781641502,164.78245827036238,164.78219480742376,164.7820819813437,164.7820015951753,164.78195570813727,164.7819326082324,164.7819213875781,164.78189271067276,164.78186568123573,164.78175799520955,164.78166936912123,164.78164215771085,164.78162376073215,164.7815904947388,164.7815170837025,164.78145511743116,164.78142691970407,164.78139827311725,164.78138487026172,164.78137886758714,164.7813612767457,164.78129207708378,164.78124969689577,164.7811056961702,164.7810217181261,164.78089927555692,164.78080635548156,164.78075335330004,164.78068408915783,164.78060693497798,164.7805271488155,164.7804749758792,164.78044198841377,164.78043151182874,164.78042789161526,164.78041807738822,164.78039051595147,164.78037720365273,164.78037158194638,164.78019295328147,164.78013440074,164.78007194576418,164.7800544163157,164.7800105395338,164.77984589410482,164.77982774505773,164.77981560922592,164.77980492477275,164.77980107778484,164.77930608723966,164.77857764211944,164.77836471741716,164.7782622734693,164.77818069391805,164.7781630061329,164.77815688336898,164.7779605220755,164.77785093234206,164.7777890728736,164.77767614982815,164.7775238902401,164.7774671105493,164.7774495621142,164.7774301215165,164.77741415409264,164.7772363453762,164.77721175417935,164.7771211350385,164.77704294796695,164.77702588254044,164.77697142240834,164.77696493503674,164.776939669944,164.77689376080974,164.77684968057213
main/cec2017_F01_D30/GA/default/6,1583977149.1667366,248058063.46467802,57170512.96408969,27449548.3129771,17119543.008326236,11537227.875657048,9771725.468395334,5788347.235775904,4627229.90087008,3728245.1434085923,3322188.262838397,2330203.722462291,1449399.7436960717,1108666.0751882778,688837.462602096,671766.0597508845,395817.55249682127,377669.8789617091,322166.51874005934,283637.1853044043,267187.67362776026,266510.20117882395,198173.95274005452,186607.95924594064,178141.3006093918,135617.83808493204,88320.80226233364,88320.80226233364,86879.24343049647,86879.24343049647,74112.92359247517,65254.69665232746,64341.96358091833,54668.77637097378,52508.59622056865,52508.59622056865,52508.59622056865,52508.59622056865,52508.59622056865,52508.59622056865,51815.1556234186,51526.73843272899,51526.73843272899,49625.946385065974,49229.74147499494,48803.67361555967,48791.89802678975,48791.89802678975,48739.17562127454,46717.4027254464,46656.46246614951,46285.18493749139,44369.13201202196,33409.93334923484,33204.53221595306,30120.835050217705,25936.139842406443,25933.15487668556,25826.754710211913,25826.754710211913,25383.160814461753,25383.160814461753,25013.205607513224,24962.84071424537,24962.84071424537,24650.15323748552,23914.16579057571,23053.876540973222,22799.997833258254,22748.59354093169,22748.59354093169,22748.59354093169,21989.248913885982,21933.086815441104,21933.086815441104,21793.79300022258,21764.325574415067,21753.29765344652,21753.29765344652,21492.830111726616,21492.830111726616,21491.47818553594,21488.51832761958,21488.51832761958,21488.51832761958,21488.51832761958,21483.31333351277,21483.31333351277,21483.31333351277,21483.31333351277,21483.31333351277,21480.26388151129,21411.008510069554,21400.380588982298,21400.380588982298,21292.103032395607,21279.82348576114,21244.362445558745,21244.362445558745,21146.59706571951
main/cec2017_F01_D30/PSO/default/6,82360183370.19989,74456860887.04358,69697522819.49815,69697522819.49815,64066430343.19739,58451165679.82353,54659096916.40052,50983785114.13665,50983785114.13665,50983785114.13665,50983785114.13665,45998770719.86987,44663369273.42875,44663369273.42875,44102933454.00114,44102933454.00114,39192240096.25365,29748421162.750343,28699367429.715275,28699347373.909016,28699347373.908997,24404302961.254128,22249813278.282864,22184136264.248127,21911297811.424427,21911297811.424427,21097488291.50875,21073901348.459747,21073901347.888256,19353138034.96698,18990908907.340084,18033162060.363304,17706805933.58275,17424680086.15539,17228615443.316677,17118102223.023626,16899910088.797403,16665094151.83881,16362615864.457703,15999640367.797771,15979490112.715338,15979490112.597246,15897580891.680964,15848699345.616814,15839368776.331532,15835896248.86406,15829147088.765623,15826451916.923779,15825190608.776213,15824301951.696365,15823938010.728592,15823877151.62647,15823843445.810282,15823824320.171936,15823819645.98255,15823817156.627724,15823815808.476875,15823815449.166916,15823815381.839605,15823815362.665415,15823815357.486698,15823815357.058722,15823815356.93447,15823815356.90443,15823815356.8835,15823815356.870893,15823815356.864248,15823815356.855104,15823815356.82095,15823815356.798695,15823815356.7868,15823815356.745794,15823815356.725807,15823815356.699812,15823815356.666113,15823815356.631256,15823815356.562971,15823815356.55364,15823815356.5182,15823815356.474667,15823815356.438293,15823815356.40293,15823815356.378498,15823815356.345922,15823815356.242302,15823815356.18633,15823815356.067333,15823815356.002718,15823815355.98488,15823815355.940382,15823815355.922472,15823815355.899363,15823815355.836082,15823815355.803743,15823815355.783218,15823815355.706713,15823815355.635561,15823815355.564262,15823815355.547173,15823815355.542675
main/cec2017_F01_D30/GWO/default/6,226736938555.4371,226736938555.4371,226736938555.4371,226736938555.4371,226664492330.49542,214834246581.73566,202278417458.69754,202278417458.69754,202278417458.69754,192893937264.55396,188777127806.93744,188777127806.93744,145583646299.15057,127948827076.32924,127948827076.32924,127948827076.32924,127948827076.32924,127948827076.32924,127948827076.32924,127948827076.32924,127948827076.32924,127948827076.32924,127948827076.32924,127948827076.32924,127948827076.32924,127948827076.32924,127948827076.32924,127948827076.32924,125715529876.19972,119204559657.59352,119204559657.59352,119204559657.59352,114390495122.41849,114390495122.41849,114390495122.41849,114390495122.41849,114390495122.41849,100792497451.07321,100792497451.07321,76879147827.8408,76879147827.8408,76879147827.8408,76879147827.8408,74983387170.82616,74402282192.66022,74402282192.66022,66597015200.59859,66597015200.59859,66597015200.59859,66597015200.59859,66597015200.59859,66597015200.59859,66597015200.59859,66597015200.59859,55664228458.19629,55664228458.19629,55473456918.38692,55473456918.38692,55473456918.38692,38909113333.51812,38909113333.51812,38909113333.51812,38909113333.51812,38909113333.51812,38909113333.51812,35812301510.801155,35812301510.801155,30821575751.022602,30821575751.022602,30821575751.022602,30821575751.022602,30821575751.022602,30821575751.022602,30821575751.022602,28561753214.604233,28561753214.604233,26245419101.508007,25935770202.432697,24519729398.482513,20874961612.4301,18229356205.375725,14718185195.22832,11583806569.728659,10718991080.953304,8441467290.452443,7179181047.833443,7022062201.852975,4788493851.065086,4529718403.579289,4094564028.7650733,3030420905.0680966,1933474332.8818724,1933474332.8818724,1183636780.7148623,1057167238.4167181,533405405.6090726,375068620.7843007,229614156.63138872,122682524.01398112,35200131.68999853
main/cec2017_F01_D30/CMA-ES (IPOP)/default/5,638867.0510901968,7890.222182477687,7800.24938601227,0.8631182318583086,1.237971503087465e-08,2.842170943040401e-14,2.842170943040401e-14,2.842170943040401e-14,2.842170943040401e-14,2.842170943040401e-14,2.842170943040401e-14,2.842170943040401e-14,2.842170943040401e-14,2.842170943040401e-14,2.842170943040401e-14,2.842170943040401e-14,2.842170943040401e-14,2.842170943040401e-14,2.842170943040401e-14,2.842170943040401e-14,2.842170943040401e-14,2.842170943040401e-14,2.842170943040401e-14,2.842170943040401e-14,2.842170943040401e-14,2.842170943040401e-14,2.842170943040401e-14,2.842170943040401e-14,2.842170943040401e-14,2.842170943040401e-14,2.842170943040401e-14,2.842170943040401e-14,2.842170943040401e-14,2.842170943040401e-14,2.842170943040401e-14,2.842170943040401e-14,2.842170943040401e-14,2.842170943040401e-14,2.842170943040401e-14,2.842170943040401e-14,2.842170943040401e-14,2.842170943040401e-14,2.842170943040401e-14,2.842170943040401e-14,2.842170943040401e-14,2.842170943040401e-14,2.842170943040401e-14,2.842170943040401e-14,2.842170943040401e-14,2.842170943040401e-14,2.842170943040401e-14,2.842170943040401e-14,2.842170943040401e-14,2.842170943040401e-14,2.842170943040401e-14,2.842170943040401e-14,2.842170943040401e-14,2.842170943040401e-14,2.842170943040401e-14,2.842170943040401e-14,2.842170943040401e-14,2.842170943040401e-14,2.842170943040401e-14,2.842170943040401e-14,2.842170943040401e-14,2.842170943040401e-14,2.842170943040401e-14,2.842170943040401e-14,2.842170943040401e-14,2.842170943040401e-14,2.842170943040401e-14,2.842170943040401e-14,2.842170943040401e-14,2.842170943040401e-14,2.842170943040401e-14,2.842170943040401e-14,2.842170943040401e-14,2.842170943040401e-14,2.842170943040401e-14,2.842170943040401e-14,2.842170943040401e-14,2.842170943040401e-14,2.842170943040401e-14,2.842170943040401e-14,2.842170943040401e-14,2.842170943040401e-14,2.842170943040401e-14,2.842170943040401e-14,2.842170943040401e-14,2.842170943040401e-14,2.842170943040401e-14,2.842170943040401e-14,2.842170943040401e-14,2.842170943040401e-14,2.842170943040401e-14,2.842170943040401e-14,2.842170943040401e-14,2.842170943040401e-14,2.842170943040401e-14,2.842170943040401e-14
main/cec2017_F01_D30/L-SHADE/default/5,408130623181.01825,239003306362.84326,148129669882.67123,93947768627.87964,72584466515.92921,26535718004.894394,18787241605.86371,9086104872.271059,3569768845.3137226,1940705358.235982,996268308.8720376,352842487.53456384,127302816.29023074,89716513.00240958,31456780.513688534,10270675.455222672,5601953.5597381815,2108400.270676273,855265.5164017443,346805.18364528107,115674.18515850863,57980.307648007714,19299.1460310181,8470.75002562829,4225.806399145655,1982.9536814598164,1607.5569812555902,1297.1923646363034,1217.2500201431365,1174.365452533265,1159.0978168069753,1151.6967387468387,1144.8509204046495,1113.9181496882566,986.834669823684,512.4673832364516,203.17466048134895,72.1647570725489,35.51979099941903,12.359255550690563,4.203964997443393,1.3582707528251348,0.3215865554878121,0.1151142626515167,0.03588972683854763,0.012013908577216625,0.0036629801830372344,0.0015363263221672696,0.00040624938522171306,9.754561349950563e-05,2.021796171902679e-05,7.185421054600738e-06,2.3108666766802344e-06,4.6110159246381954e-07,1.6202358210648526e-07,3.4836659779102774e-08,1.2195641829748638e-08,2.1934454252914293e-09,4.1815439999481896e-10,1.41895384331292e-10,2.4272139853565022e-11,4.362732397567015e-12,9.237055564881302e-13,1.9895196601282805e-13,2.842170943040401e-14,1.4210854715202004e-14,0.0,0.0,0.0,0.0,0.0,0.0,0.0,0.0,0.0,0.0,0.0,0.0,0.0,0.0,0.0,0.0,0.0,0.0,0.0,0.0,0.0,0.0,0.0,0.0,0.0,0.0,0.0,0.0,0.0,0.0,0.0,0.0,0.0,0.0
main/cec2017_F01_D30/TFO-static/static/6,168534307681.85437,29710332837.317425,12829744263.937578,10253951704.466812,3362695742.428017,1793693821.268701,1749595473.4903657,1699719672.4460182,1416400772.4906223,866271334.0397549,725940404.7677798,662650565.1583934,493592179.521286,488819050.33467007,488776284.1066467,459162863.2222687,455532166.0669125,323723974.6047399,322484329.8157766,309177007.39471626,201237681.759779,160679145.3470097,152213923.43192923,145774017.2176303,141629506.9129726,139499354.97820532,101128580.38136886,100468780.23582059,100201022.58861727,89803014.03136396,88229575.10348298,84954094.04976594,83244646.22316954,81090339.11919264,78791501.92091936,78571094.6536351,77840181.29104121,76865463.36158161,76525197.17057806,76057625.61515045,75075158.82651514,74423324.14189303,70095828.17429225,70061775.45028202,69183955.53779894,62567350.607148916,61758545.45363501,53118523.780187316,53103200.74404967,52557759.89118622,50747151.835302494,49643715.00627304,48815960.70775426,44487989.10997957,43418518.61899868,43258153.97199674,40009184.48328431,38217469.637772895,37453543.24065041,32762489.851168513,31813005.629037794,31552104.59955782,26781273.76405799,26510207.64200603,26389052.575046018,25408303.766239114,23279864.79509773,22136929.14637298,21296551.907569345,17457478.363067247,17417116.90233726,15654659.40114593,15654659.40114593,15458780.035452507,14764157.507878184,14629142.052070986,12367617.641418584,12366400.719515031,12356255.753846826,12350302.91161487,12183523.311830701,12079412.85244335,11493617.455716273,11363069.192043446,11237374.402299039,10535222.045426995,10504673.466435123,10265295.612937238,9667863.288168162,9292901.060652824,9233077.847517796,8546402.999693766,7157467.613018951,6456591.960677866,6429935.772504733,6403924.4502971405,5568756.607971183,5369158.300331498,5309003.531576479,3996045.3956313315
main/cec2017_F01_D30/TFO/full/7,237888916415.99445,53254839674.987335,6747978415.652588,3412361226.738619,1549800516.4796457,1434612143.7998273,1434295728.4269433,1297785198.5495284,1001879098.8638415,987575216.6295508,865091903.5307872,603660494.995706,552992868.7700528,369194438.22370464,369192957.5434908,344634699.4355296,340214313.6199609,280788882.5711547,277012052.51150906,260378965.1988867,230200392.94497377,227409909.99936923,219535493.95205644,212319578.99538448,207446948.78905264,194889453.2863463,181248153.5278112,171806532.32800633,129294083.48265553,113419797.67641772,105931844.99254951,97560460.59503023,93996646.04174186,81934519.86063649,80410296.21456313,72437452.04869851,71803513.15021378,61321035.22954205,60295371.13193502,58059496.749179184,57792136.25674573,49020793.41892413,48648122.528338954,44392191.70736225,44381648.73298153,42348168.1088481,40357767.32919975,40354418.74239325,40269522.939415686,29841383.853292774,29524788.622769568,19304787.459426817,19005801.45960246,18999510.603561956,17062593.891364377,12911909.994439088,12627954.053566078,11790073.295436883,6422016.680207843,6214245.565775363,6150643.548254998,5783259.754840539,5777242.948483662,5665658.538237491,5655913.432345276,5555068.07933309,5468614.809285767,4688121.3962720055,4393858.810576831,4199194.240187621,4000580.93430282,3594544.634564017,3591353.256630473,3576318.120854447,3330794.369724899,3312274.077339355,3310055.6342712604,3208104.7235178947,2658785.700328415,2621369.349110191,2549167.633700142,2532645.651724029,2507893.407632039,2214538.3228342473,2160081.924013315,2129922.2739734733,2128614.766185773,1998590.9512367048,1972288.9332272285,1854911.5649428398,1804266.9813087257,1601114.7452335234,1570418.6571946412,1433267.267773622,1306500.3238905978,1293263.729151052,1258313.8462675598,1204184.5228769018,1121957.358304198,1103273.891719632
main/cec2017_F01_D30/WOA/default/6,401633067896.44324,276160377895.3476,191676762315.64047,124383245909.12169,101490815670.87411,83367447593.80453,69065718209.36142,51372545871.62538,36797972133.11358,31137421789.473896,23087246096.475155,6771490283.037453,5005356746.517234,1973663432.738418,754054957.7309222,563108242.1639389,400780626.79956543,297274388.15268576,162643254.4177693,85460169.49560133,66037596.860128656,29563067.903884005,23543961.39291834,13815847.772559619,6145692.370379013,3811009.7434837953,2364837.016839646,761926.1773377147,558305.2327055477,500096.0267750093,416139.84855289717,383859.7671528988,314658.0024731191,79948.60286648328,45566.225568350004,27954.870133280216,21645.28437642418,17493.925273009227,16486.772554418858,15676.933099153408,13226.14357231363,12389.418428624651,11668.883714338128,11115.152889321815,10687.987547236782,10509.7011612102,9802.398686852704,9711.981264119775,9496.685888375392,9435.960692322686,9397.74149327404,9395.223842932677,9392.68893526718,9380.76648109189,9368.516685435832,9326.53652654072,9314.883347397972,9304.498742150616,9296.816801569457,9290.144489900496,9270.554619532364,9267.215250141742,9264.808736889001,9263.527077726087,9261.179094031411,9257.802109915117,9253.049456277255,9252.114689652477,9252.050319639666,9251.21300294891,9251.08893954188,9250.744547832552,9250.497262220417,9250.279712740994,9250.147536913213,9250.060349943697,9249.981761988109,9249.96907510741,9249.771248096564,9249.50982382308,9249.27988633276,9249.19426096466,9249.140092851223,9249.042698057929,9248.887731791336,9248.753697850121,9248.665625156473,9248.622582536034,9248.575298109,9248.556645413644,9248.550197217124,9248.542118497402,9248.51350567918,9248.470315968294,9248.44229513,9248.435591211173,9248.42481950224,9248.404712464464,9248.393977857753,9248.39341695927
main/cec2017_F01_D30/CA/default/7,29878876275.219498,3028592138.6166267,251138971.07053417,44234802.33948155,7091330.586168392,2018153.2463782085,864231.6378729447,299195.43824889284,147460.3184021759,47198.36756606328,18172.11372698947,5736.635089329584,4170.842859645028,3941.6568388783926,3883.4293567643654,3879.5891292872057,3879.4348821307044,3879.2672273620847,3879.126301782622,3879.0662317703873,3878.9666739949785,3878.920907332859,3878.9030712101508,3878.887360621219,3878.878731479762,3878.8707031845565,3878.867081521002,3878.8654744604255,3878.8641166033967,3878.863719098713,3878.8629588623553,3878.8619358394185,3878.8612666818453,3878.8608887937967,3878.860688762917,3878.8603501841794,3878.860023113024,3878.859790940303,3878.8589626565595,3878.8584946230085,3878.8570679837107,3878.8565833570747,3878.8558620973367,3878.855685649601,3878.8554054977253,3878.854283369164,3878.8538605051745,3878.853196090862,3878.852845651472,3878.8524592496215,3878.8473091138194,3878.845911229502,3878.840916251049,3878.840118853066,3878.8396838013923,3878.8377426844145,3878.8342631574787,3878.8318586611085,3878.8210857693616,3878.8128482836155,3878.8102247953775,3878.8085868749586,3878.8066483338525,3878.805086965982,3878.803239511929,3878.8017644931992,3878.8012989402937,3878.8002727192265,3878.8000004531013,3878.7996546404624,3878.7994600117686,3878.7992179266935,3878.7981374758497,3878.7973435972553,3878.7955257264416,3878.786874454195,3878.777828634491,3878.7770715325014,3878.7670126346243,3878.7661911946234,3878.7622413838117,3878.7604177836647,3878.758680169618,3878.758069568112,3878.7574444791762,3878.7530577689868,3878.752069369409,3878.7507608257074,3878.7499797434125,3878.7497745928927,3878.749203177306,3878.7484306571864,3878.7481475392347,3878.7460322294246,3878.7445888503653,3878.726860408464,3878.7241381443955,3878.7182103575724,3878.717479331332,3878.7164751912414
main/cec2017_F01_D30/GA/default/7,1790209073.6286833,135055428.25245833,46527793.91340112,23475863.940387268,12949949.527760105,8034404.616469527,3489586.7669813763,2445296.1677644984,1950682.1810322965,1850793.8950407852,1591582.978279739,860131.1633980237,649625.6673252259,560349.3945205221,298186.2969028891,294716.108486155,199406.09020441768,193680.33080356073,179315.08615325956,176222.15462147188,161457.04613126605,111927.77955270073,101117.71566077434,92697.00298396306,92697.00298396306,89275.79500903006,73988.483165132,70834.37988781421,66915.02897878864,50831.05957206465,46414.21126324951,46414.21126324951,44523.96298603162,44523.96298603162,44523.96298603162,39648.04160778116,30428.959331908056,29350.688158773755,29156.078056649872,29156.078056649872,26577.42489636936,26577.42489636936,23531.08187289366,22058.08299971187,22058.08299971187,22058.08299971187,22027.049042999883,22013.948712297395,21491.474236152986,20837.28212069437,20837.28212069437,18481.321860754448,16118.197645831655,15592.666739245007,15243.901218187184,14834.072054132503,14656.542903779999,14647.208260446088,14496.865489326905,13883.271570576731,13813.49468307997,13813.49468307997,13813.49468307997,12807.744560651909,12505.204837115663,12457.09445827405,12422.657686174038,12293.442023953316,11725.092689560666,11653.43189861226,11653.43189861226,11293.705938585495,11293.705938585495,11241.148931904332,11186.60470731504,11163.160052020507,10982.197246155492,10875.70734311662,10875.70734311662,10051.1187899575,9771.013687146089,9771.013687146089,9771.013687146089,9771.013687146089,9771.013687146089,9720.671595928878,9711.736841860338,9711.736841860338,9639.765790597314,9639.765790597314,9564.023557213664,9563.973347322451,9563.973347322451,9516.061721150965,9515.225239000152,9515.225239000152,9467.996908579453,9467.996908579453,9430.620259338591,9429.248407688538
main/cec2017_F01_D30/PSO/default/7,111728937113.8503,111728937113.8503,111728937113.8503,111728937113.8503,108133383800.79193,104121943903.44348,101518938799.22206,101518938799.22206,100192240261.404,99555142015.53003,94813770995.53978,91378578469.3369,85980088316.91112,83833289483.37956,82691964015.92146,82691964015.92146,78723643306.24916,76709967418.05165,76618451964.24556,76607447806.5578,76593564956.76912,76593564955.64983,76593564955.64983,76593564955.64983,76593564955.64983,76536581175.58255,74354003168.46584,73986233941.10129,73981295878.61539,73981295878.61517,73981295878.61517,73327397737.73161,72777708220.25339,72708457876.55977,72635501091.5271,72352656966.3728,72325593692.5287,72325559517.41298,72186951906.87752,72123395645.07773,71995277082.10355,71973494696.84714,71968681893.65392,71945278499.10754,71922277719.29578,71915483918.59906,71911240406.7105,71910558905.40195,71909156400.54982,71908915535.84996,71908847878.9512,71908814937.38016,71908811332.34688,71908806173.85234,71908804926.36308,71908804664.37938,71908804633.70157,71908804626.37575,71908804624.79033,71908804624.63853,71908804624.6278,71908804624.6241,71908804624.60524,71908804624.58086,71908804624.55914,71908804624.53079,71908804624.52821,71908804624.50668,71908804624.49542,71908804624.49026,71908804624.47784,71908804624.47067,71908804624.46544,71908804624.45071,71908804624.41057,71908804624.39815,71908804624.38461,71908804624.36465,71908804624.29958,71908804624.28662,71908804624.27202,71908804624.26195,71908804624.23613,71908804624.22098,71908804624.20755,71908804624.1911,71908804624.16347,71908804624.15384,71908804624.12146,71908804624.06895,71908804624.06177,71908804624.02875,71908804623.99568,71908804623.98273,71908804623.9695,71908804623.95985,71908804623.94048,71908804623.91072,71908804623.88576,71908804623.82979
main/cec2017_F01_D30/GWO/default/7,353232820254.3178,276839647582.0258,237856893462.5464,163326996877.06833,163326996877.06833,163326996877.06833,163326996877.06833,163326996877.06833,163326996877.06833,163326996877.06833,163326996877.06833,163326996877.06833,163326996877.06833,163326996877.06833,163326996877.06833,136460146870.16156,136460146870.16156,135935154697.10074,135935154697.10074,135935154697.10074,135935154697.10074,135935154697.10074,135935154697.10074,135935154697.10074,135935154697.10074,119230143205.2488,119230143205.2488,119230143205.2488,119230143205.2488,119230143205.2488,119230143205.2488,103223284588.12878,103223284588.12878,103223284588.12878,103223284588.12878,87447582050.13335,87447582050.13335,87447582050.13335,87447582050.13335,87447582050.13335,87447582050.13335,87447582050.13335,87447582050.13335,81830132868.20474,81830132868.20474,81830132868.20474,81830132868.20474,81830132868.20474,81830132868.20474,81830132868.20474,81830132868.20474,72349982008.29277,72349982008.29277,72349982008.29277,72349982008.29277,65828990059.552025,65828990059.552025,65828990059.552025,60751949045.96735,60751949045.96735,59260897858.774086,59260897858.774086,52562319444.54703,50332292940.58681,47546022256.25132,47546022256.25132,39564849394.085526,39564849394.085526,39564849394.085526,39564849394.085526,39564849394.085526,39564849394.085526,37559050058.19172,37360168026.23704,37128926007.06696,37128926007.06696,33395101500.138817,33395101500.138817,32364179978.830322,30741622314.853508,30741622314.853508,29869701536.137363,27441377280.42017,27441377280.42017,23196261720.91485,21364089119.418987,13219988511.440248,7893335386.164155,5776937946.947297,5545814684.751454,4496489581.3525715,4496489581.3525715,4002264781.978121,3826584233.25322,3631647849.330888,3385472792.9027953,3166674482.010921,3044650460.3275037,2923432242.1540227,2874094346.6459546
main/cec2017_F01_D30/CMA-ES (IPOP)/default/6,3026408.631165529,5484.581503318442,5484.41377178111,5479.247784091859,5451.304161944768,5390.081904642216,5301.161747790112,5151.244986610653,4952.1018174201745,4709.76777483428,4373.028042219712,4017.653960366144,30.171277917660433,5.103985827759061e-06,4.831690603168681e-13,1.4210854715202004e-14,1.4210854715202004e-14,1.4210854715202004e-14,1.4210854715202004e-14,1.4210854715202004e-14,1.4210854715202004e-14,1.4210854715202004e-14,1.4210854715202004e-14,1.4210854715202004e-14,1.4210854715202004e-14,1.4210854715202004e-14,1.4210854715202004e-14,1.4210854715202004e-14,1.4210854715202004e-14,1.4210854715202004e-14,1.4210854715202004e-14,1.4210854715202004e-14,1.4210854715202004e-14,1.4210854715202004e-14,1.4210854715202004e-14,1.4210854715202004e-14,1.4210854715202004e-14,1.4210854715202004e-14,1.4210854715202004e-14,1.4210854715202004e-14,1.4210854715202004e-14,1.4210854715202004e-14,1.4210854715202004e-14,1.4210854715202004e-14,1.4210854715202004e-14,1.4210854715202004e-14,1.4210854715202004e-14,1.4210854715202004e-14,1.4210854715202004e-14,1.4210854715202004e-14,1.4210854715202004e-14,1.4210854715202004e-14,1.4210854715202004e-14,1.4210854715202004e-14,1.4210854715202004e-14,1.4210854715202004e-14,1.4210854715202004e-14,1.4210854715202004e-14,1.4210854715202004e-14,1.4210854715202004e-14,1.4210854715202004e-14,1.4210854715202004e-14,1.4210854715202004e-14,1.4210854715202004e-14,1.4210854715202004e-14,1.4210854715202004e-14,1.4210854715202004e-14,1.4210854715202004e-14,1.4210854715202004e-14,1.4210854715202004e-14,1.4210854715202004e-14,1.4210854715202004e-14,1.4210854715202004e-14,1.4210854715202004e-14,1.4210854715202004e-14,1.4210854715202004e-14,1.4210854715202004e-14,1.4210854715202004e-14,1.4210854715202004e-14,1.4210854715202004e-14,1.4210854715202004e-14,1.4210854715202004e-14,1.4210854715202004e-14,1.4210854715202004e-14,1.4210854715202004e-14,1.4210854715202004e-14,1.4210854715202004e-14,1.4210854715202004e-14,1.4210854715202004e-14,1.4210854715202004e-14,1.4210854715202004e-14,1.4210854715202004e-14,1.4210854715202004e-14,1.4210854715202004e-14,1.4210854715202004e-14,1.4210854715202004e-14,1.4210854715202004e-14,1.4210854715202004e-14,1.4210854715202004e-14,1.4210854715202004e-14
main/cec2017_F01_D30/TFO-static/static/7,237888916415.99445,53254839674.987335,6747978415.652588,3412361226.738619,1549800516.4796457,1434612143.7998273,1434295728.4269433,1297785198.5495284,1001879098.8638415,987575216.6295508,865091903.5307872,603660494.995706,552992868.7700528,369194438.22370464,367819891.82587314,344634699.4355296,340214313.6199609,280788882.5711547,277012052.51150906,260378965.1988867,230200392.94497377,227409909.99936923,219535493.95205644,212319578.99538448,207446948.78905264,194889453.2863463,181248153.5278112,171806532.32800633,165228921.6934784,162209025.66626778,146682269.81516874,145733740.44465265,145531913.26236343,129364633.35653578,122898892.08806433,122350762.91471067,122328113.70510073,120124654.82586019,120065630.47762208,112448805.17638038,96071998.11872642,92375743.08004051,87279307.78078173,78303309.25304379,77576497.00721514,72253421.06272995,68503521.90399255,68117982.6740297,65179299.5512247,59125696.41355987,58134314.383003354,56009248.98763516,55286702.9712501,53848703.40919562,52313018.348535135,51766974.85488541,49785886.96837345,48604512.17061609,48599822.73403955,48389863.100966215,47773693.72245736,46997716.458868764,41967660.53028419,39660945.33574618,38618174.553107016,35480650.42799095,30306187.48574467,28597765.56476089,22584771.896095645,20788293.595540676,20780497.807679895,19891514.967083953,19797497.67301921,18967913.99210139,16377676.570191963,16320261.256686473,14564617.495760428,14452147.490090486,14421928.656244442,12930751.48574488,11887216.296279572,11390337.010887856,9728545.921791734,9446255.37839845,8813849.367765792,8603501.947984695,8364879.6004048465,7598276.926227757,7295599.955620536,6794165.207961594,6522916.062113216,6185709.5277673565,5065571.5358331045,5065100.729100496,4868761.118236878,3927671.7475687317,3477817.9175391127,2778144.007927189,2706307.6419825004,2684020.5067891576
main/cec2017_F01_D30/L-SHADE/default/6,513091435914.49475,223005460280.5611,141479008503.8422,113254970083.11674,61661144080.454285,34785387089.30019,16962435619.474138,8407224946.232356,3130253482.2696238,1556265677.9062812,892709040.4423203,234441284.62418014,126227229.83840965,57332444.253680594,19540369.658613767,8415066.310130613,3058836.9017230817,1260137.7409772465,472071.82864808285,108977.05605198003,81414.08084894557,26126.495656375675,10879.285492965386,7586.440915204418,2133.091805535216,1535.6857453580562,800.9650700662837,660.1403982774312,560.9516757843137,520.0145879160934,507.0810942581386,500.93838918899587,497.5362072903689,485.5072553245534,412.4897027574759,171.92255017233992,76.31496348351803,38.75840408018732,13.188253677045964,4.616195329640405,1.5437283035976748,0.5630091873823488,0.18957538668192342,0.06346584942247091,0.020366290254045794,0.00596391400875973,0.0016727638370781506,0.00035872758904531565,9.245162476645419e-05,3.0915878554083065e-05,7.204047690834159e-06,2.3358366831871535e-06,5.749742228999821e-07,1.344514544143749e-07,3.5922113283959334e-08,8.152952091222687e-09,2.5668924763522227e-09,4.933866648570984e-10,1.064108801074326e-10,2.901856532844249e-11,6.124878382252064e-12,1.3500311979441904e-12,3.126388037344441e-13,5.684341886080802e-14,1.4210854715202004e-14,0.0,0.0,0.0,0.0,0.0,0.0,0.0,0.0,0.0,0.0,0.0,0.0,0.0,0.0,0.0,0.0,0.0,0.0,0.0,0.0,0.0,0.0,0.0,0.0,0.0,0.0,0.0,0.0,0.0,0.0,0.0,0.0,0.0,0.0,0.0
main/cec2017_F01_D30/CMA-ES (IPOP)/default/7,1181290.807911836,103.21048783906417,103.12990916278875,17.30996698607224,8.99308332691362e-07,5.684341886080802e-14,1.4210854715202004e-14,1.4210854715202004e-14,1.4210854715202004e-14,1.4210854715202004e-14,1.4210854715202004e-14,1.4210854715202004e-14,1.4210854715202004e-14,1.4210854715202004e-14,1.4210854715202004e-14,1.4210854715202004e-14,1.4210854715202004e-14,1.4210854715202004e-14,1.4210854715202004e-14,1.4210854715202004e-14,1.4210854715202004e-14,1.4210854715202004e-14,1.4210854715202004e-14,1.4210854715202004e-14,1.4210854715202004e-14,1.4210854715202004e-14,1.4210854715202004e-14,1.4210854715202004e-14,1.4210854715202004e-14,1.4210854715202004e-14,1.4210854715202004e-14,1.4210854715202004e-14,1.4210854715202004e-14,1.4210854715202004e-14,1.4210854715202004e-14,1.4210854715202004e-14,1.4210854715202004e-14,1.4210854715202004e-14,1.4210854715202004e-14,1.4210854715202004e-14,1.4210854715202004e-14,1.4210854715202004e-14,1.4210854715202004e-14,1.4210854715202004e-14,1.4210854715202004e-14,1.4210854715202004e-14,1.4210854715202004e-14,1.4210854715202004e-14,1.4210854715202004e-14,1.4210854715202004e-14,1.4210854715202004e-14,1.4210854715202004e-14,1.4210854715202004e-14,1.4210854715202004e-14,1.4210854715202004e-14,1.4210854715202004e-14,1.4210854715202004e-14,1.4210854715202004e-14,1.4210854715202004e-14,1.4210854715202004e-14,1.4210854715202004e-14,1.4210854715202004e-14,1.4210854715202004e-14,1.4210854715202004e-14,1.4210854715202004e-14,1.4210854715202004e-14,1.4210854715202004e-14,1.4210854715202004e-14,1.4210854715202004e-14,1.4210854715202004e-14,1.4210854715202004e-14,1.4210854715202004e-14,1.4210854715202004e-14,1.4210854715202004e-14,1.4210854715202004e-14,1.4210854715202004e-14,1.4210854715202004e-14,1.4210854715202004e-14,1.4210854715202004e-14,1.4210854715202004e-14,1.4210854715202004e-14,1.4210854715202004e-14,1.4210854715202004e-14,1.4210854715202004e-14,1.4210854715202004e-14,1.4210854715202004e-14,1.4210854715202004e-14,1.4210854715202004e-14,1.4210854715202004e-14,1.4210854715202004e-14,1.4210854715202004e-14,1.4210854715202004e-14,1.4210854715202004e-14,1.4210854715202004e-14,1.4210854715202004e-14,1.4210854715202004e-14,1.4210854715202004e-14,1.4210854715202004e-14,1.4210854715202004e-14,1.4210854715202004e-14
main/cec2017_F01_D30/TFO/full/8,152666232306.12747,56699087265.22118,9191921612.085924,3010041194.7660074,1757929333.765685,1670973422.3703995,1406903346.1060262,1379312240.3321283,981660288.2801371,578650543.4732836,572962037.3763217,543579945.3987707,411724575.7102386,411550299.8180891,291629625.4634278,281850745.1433639,248189506.21850923,246239428.66427577,202867968.90752903,189201517.98289815,186972413.17121777,114159189.63891697,103894484.92480174,96267792.32761723,78556462.9875492,71883188.62417504,67665425.66630502,66777996.683120586,61434456.46063111,56465290.65533841,55750697.6984169,55704903.328732066,51506456.56353649,46304547.57079107,45870821.90799115,42820671.92819532,33172061.16747406,32375913.906457957,32227691.111900356,31635334.81486718,31225329.88198242,27396927.113797788,24942978.80451157,23953561.326916706,23616216.69737429,23555895.31366353,23554077.38146769,22387937.9014985,12516621.735562582,12514867.17734702,10555497.803198751,9731135.026944937,9509350.339274202,9379923.698759329,8673161.744014949,8671009.6963376,8398637.174425587,6760936.970128647,6644465.29041192,5981720.067468152,5594644.394610337,5373580.472046345,5344792.689727811,5006060.749186319,4922118.884416266,4889765.120851675,4842415.491442023,4828968.894838857,4826574.247511763,4652254.810032677,4480132.993995091,4326019.923243754,4313887.322403969,4065981.590188229,4061898.5572607745,3998182.708442389,2999412.4522212795,2795811.6406631605,2788479.272297404,2726349.7098435913,2100359.584799454,2058588.3687286843,1885350.8598620342,1469618.0622554277,1468659.0957092722,1383560.9076784332,1382129.593591138,1202717.778427801,1172528.6857746537,1156334.78633748,1128677.0567434283,1121776.2930776326,1099838.1230699318,933790.4504090525,785976.7869090812,729492.4908986677,726843.0846102949,726841.6834063687,701713.3039759935,649306.6728337356
main/cec2017_F01_D30/CA/default/8,26682970642.0169,2483925005.80832,165454173.16950127,35553021.793675795,7054212.2358836355,1114658.722849476,216588.32976598723,105427.7408549676,61132.38491704043,41679.1769816282,29316.526166355445,17929.41991115138,12000.462486509536,9485.518297152612,7933.827395452082,7530.774338809449,7482.77147988883,7477.600736340846,7477.373821736807,7477.154894474541,7477.021435696551,7476.965710562806,7476.932961385909,7476.917158120556,7476.896403859706,7476.890917141701,7476.881845082725,7476.880108352887,7476.8793927536835,7476.878363264188,7476.877779043174,7476.874227036825,7476.871481686837,7476.869468493568,7476.86819149435,7476.866991278531,7476.8653932755105,7476.864841029391,7476.864346323296,7476.862558998849,7476.860770496925,7476.859896846151,7476.859207431591,7476.857794127615,7476.857078110026,7476.85641899572,7476.854538795342,7476.854079258147,7476.853850001765,7476.853187660235,7476.843046960733,7476.840233432643,7476.833462665649,7476.828360105981,7476.825963221683,7476.824125488341,7476.819570246179,7476.818422707244,7476.814444308901,7476.813557591019,7476.811717550768,7476.811305891276,7476.809691219312,7476.809422251065,7476.807119359705,7476.803432872495,7476.800812606392,7476.799735461729,7476.799207271172,7476.798027670098,7476.797404876798,7476.793585331345,7476.792002142541,7476.787308375523,7476.786831929373,7476.783314930254,7476.773948578706,7476.766148223694,7476.762127728921,7476.759834993698,7476.757542773996,7476.754106833412,7476.748064126463,7476.737512122445,7476.731439524615,7476.730306492792,7476.72721892472,7476.726797918969,7476.724060683474,7476.718783507236,7476.713057123712,7476.7097214529185,7476.703277761737,7476.7000425951765,7476.699612559117,7476.69517913624,7476.6946621743955,7476.691140607207,7476.690189154279,7476.678714467294
main/cec2017_F01_D30/GA/default/8,2583156705.583523,289912698.9942431,50788141.31315649,19595109.116797242,12641290.015174728,7089245.82517213,4308213.843135371,2524910.9532160447,974462.409833018,598350.2704762324,553040.6154373258,464738.22750074597,336111.63344747655,213662.74661257007,195821.91700876606,165999.4635618619,158797.99705465414,147688.2608475496,118942.11999436743,98237.51961490595,95616.06912521755,81626.333325261,80546.58443663247,80546.58443663247,80127.07369953282,80127.07369953282,70383.2171661517,65401.45693420823,65401.45693420823,55671.03572879717,54571.37393329757,48337.80907711795,31594.403858852467,28416.445924507523,28416.445924507523,28416.445924507523,27562.99448344399,23094.368479358298,23094.368479358298,19432.053869187377,16121.735007290079,16121.735007290079,15218.96430726345,14357.97938828129,11375.982155626803,9560.931635383718,9560.931635383718,9058.038768070308,8858.456485821753,8615.73999568107,8615.73999568107,8604.459546129416,8604.459546129416,8604.459546129416,8495.96670850173,8495.96670850173,8495.96670850173,7732.153208797292,6858.619200387233,6356.348661733741,5508.826036367779,5508.824821876355,5508.824821876355,5241.610899452702,5241.610899452702,5241.610899452702,5027.753898521654,5027.753898521654,5027.753898521654,4152.03398982681,4131.6631773189665,3562.4289660418913,3450.717291310634,3287.294925562431,3226.080117100543,3226.080117100543,3021.0801606084437,3021.0801606084437,3021.0801606084437,3021.0801606084437,3021.0801606084437,2876.3984124240037,2551.769585530909,2324.917355930826,2324.917355930826,2071.67666953012,1986.8298757676203,1972.7851674125704,1781.0445712107808,1605.772112604041,1467.1696664735534,1449.9690814082765,1449.9690814082765,1449.9690814082765,1416.6843334144369,1249.1520066256446,1203.0021962109975,1092.8542208690528,877.8354251950559,877.8354251950559
main/cec2017_F01_D30/PSO/default/8,83231820452.88438,61953980776.10687,61953980776.10687,60036609351.46396,51670378263.89486,46668218302.3302,44177238949.251144,40201252261.62711,39433457441.48301,39433457441.48301,33970657219.90322,33866254443.306995,33866254443.306995,31348542370.776295,29690928306.627857,28892954926.8724,28852241783.679672,28852241783.679672,26134669366.627632,22091565659.493233,19931950189.31118,19449865265.376877,19447923061.6802,19447923061.68005,19447923061.68005,19447923061.68005,19447923061.68005,19447923061.68005,18856471869.729443,17709953366.840515,16704765511.635515,14429385897.647156,14370320942.675318,14370320940.087042,13763623830.259388,13763430394.78915,13317417098.640339,13313225654.853092,13007346332.794544,12904268505.296722,12860009120.533867,12798449632.478315,12752898232.172447,12710026668.791586,12693615841.685265,12689522852.829725,12688323830.995802,12687474886.252125,12686806329.500387,12686528184.109774,12686484603.736164,12686426694.410881,12686406958.951035,12686397951.028755,12686396884.476458,12686396383.824541,12686396332.125755,12686396326.087816,12686396325.432405,12686396325.229683,12686396325.200457,12686396325.195118,12686396325.194126,12686396325.194098,12686396325.194094,12686396325.194094,12686396325.194094,12686396325.194094,12686396325.194094,12686396325.194094,12686396325.194094,12686396325.194094,12686396325.194094,12686396325.194094,12686396325.194092,12686396325.194092,12686396325.194092,12686396325.194092,12686396325.194092,12686396325.194092,12686396325.194092,12686396325.194092,12686396325.194092,12686396325.19409,12686396325.19409,12686396325.19409,12686396325.19409,12686396325.19409,12686396325.19409,12686396325.19409,12686396325.19409,12686396325.194088,12686396325.194088,12686396325.194088,12686396325.194088,12686396325.194088,12686396325.194088,12686396325.194088,12686396325.194088,12686396325.194088
main/cec2017_F01_D30/GWO/default/8,272327125541.03625,272327125541.03625,223198523264.82193,223198523264.82193,219439674561.6909,219439674561.6909,219439674561.6909,200336844090.46545,200336844090.46545,200336844090.46545,176908324127.1352,163226030576.68976,163226030576.68976,163226030576.68976,146439146103.96994,146439146103.96994,146439146103.96994,146439146103.96994,146439146103.96994,146439146103.96994,146439146103.96994,134776727452.99475,123643979601.3607,123643979601.3607,123643979601.3607,123643979601.3607,123643979601.3607,107622327379.36925,107622327379.36925,107622327379.36925,107622327379.36925,107622327379.36925,91771047218.98785,91771047218.98785,91771047218.98785,91771047218.98785,91771047218.98785,91771047218.98785,91771047218.98785,79208011695.53922,79208011695.53922,78176434879.58,78176434879.58,78176434879.58,78176434879.58,78176434879.58,74241094163.16335,74241094163.16335,74241094163.16335,72780339467.23105,72780339467.23105,72780339467.23105,60031730798.865234,60031730798.865234,42809692364.40543,42809692364.40543,42809692364.40543,42613060741.42542,36175026009.175095,36175026009.175095,36175026009.175095,35458695276.49312,29545021286.499012,29278697574.524063,25739525145.134914,22168953508.31708,22168953508.31708,22168953508.31708,19884115301.52366,19884115301.52366,19027854489.51961,19017212435.083405,17321836697.20763,15880577631.342403,15681272692.124529,14642378346.168974,14423494656.620426,14423494656.620426,12018877485.21535,11840428757.006226,11840428757.006226,9634748706.177534,8993351033.467354,8993351033.467354,8993351033.467354,8993351033.467354,6369462306.741004,6369462306.741004,5241125143.535571,4485745116.348141,3931112661.9005914,2960190509.6751776,2960190509.6751776,2960190509.6751776,2749975519.614074,2599473067.435857,2319527191.0950866,2185824143.7590666,2085244682.8939939,2028078858.1786802
main/cec2017_F01_D30/WOA/default/7,166121797953.83658,111251542587.7212,94970138508.81638,60733144142.46931,39888228830.70932,20662689475.859585,17503869340.25943,14364987334.758886,10043312818.030146,9000535095.886204,7024970082.116729,5972337152.216704,5329736999.555638,4263634398.8252497,3750776323.134824,3628011385.546381,1919317559.57208,460367994.8161296,270694614.14133173,184505228.1315457,149874703.51410905,90611640.04273924,52999343.63060039,19980970.257868268,11990015.473735895,7700165.91316047,5263099.707964453,4226496.105956697,3650907.141587256,3082650.0306504737,2390868.5297659817,1543930.455002973,1415447.0311859369,1352042.039476854,995887.6996395631,249004.45369817945,190125.7921370957,147505.80267666362,110217.90914712612,83147.2255130883,77778.99893669238,59548.9929811601,44370.39483803674,36720.44545878731,31439.44309072713,22618.580471906687,18610.949338825663,15183.924536622333,14296.454406146298,12938.751394208064,9951.56916270393,9683.225067804542,8600.505902050096,7406.5155682861005,6778.609793021307,6480.873371001163,5435.04621683233,5326.461624822516,5296.073819826808,5290.386366081934,5071.906624518355,4903.048345899513,4772.931647750773,4693.849086409814,4442.045266026432,4363.173916696806,4351.049729412966,4348.885747101919,4348.366797884646,4342.857773810722,4330.571133551862,4318.3288460328695,4313.619935187408,4311.669285601318,4295.438966619684,4272.289284766505,4256.01729098099,4216.825279919947,4207.567695056477,4206.131095802787,4205.559596193378,4204.226258956503,4202.694039616688,4200.873111918198,4199.71283983539,4198.976349211243,4195.190044873888,4194.383069118026,4193.635497026303,4193.1810831955445,4191.729351902761,4191.528562296363,4191.317622753348,4191.0376174044795,4191.010454339615,4190.968150365987,4190.91224105082,4190.86286661921,4190.784088188936,4190.7421960849915
main/cec2017_F01_D30/TFO-static/static/8,152666232306.12747,56699087265.22118,9191921612.085924,3010041194.7660074,1757929333.765685,1670973422.3703995,1406903346.1060262,1379312240.3321283,981660288.2801371,578650543.4732836,572962037.3763217,543579945.3987707,411724575.7102386,411550299.8180891,291629625.4634278,281850745.1433639,248189506.21850923,246239428.66427577,202867968.90752903,189201517.98289815,186972413.17121777,114159189.63891697,103894484.92480174,96267792.32761723,78556462.9875492,71883188.62417504,67665425.66630502,66777996.683120586,61434456.46063111,56465290.65533841,55750697.6984169,55704903.328732066,50647794.32900211,46304547.57079107,45870821.90799115,38623882.67497462,33172061.16747406,32375913.906457957,32227691.111900356,31635334.81486718,30732594.435652956,27396927.113797788,24942978.80451157,23887023.258375067,23616216.69737429,23555895.31366353,22392699.66979475,22387937.9014985,12516621.735562582,12425273.054456959,10555497.803198751,9731135.026944937,9392179.051698677,9379923.698759329,8673161.744014949,8552747.316251332,8398637.174425587,6760936.970128647,6630735.0713810595,5981720.067468152,5563931.864253686,5344911.455481742,5344792.689727811,4922122.355048699,4889765.120851675,4842533.979399194,4841398.621219868,4826574.247511763,4757380.166074499,4632389.963399914,4469063.286527753,4326019.923243754,4172824.757196632,4063997.18828875,4061898.5572607745,3255176.3059296273,2979125.2997288015,2795811.6406631605,2765642.8402412543,2726349.7098435913,2100359.584799454,2016016.2063146103,1885350.8598620342,1469618.0622554277,1390250.1888820094,1382372.1918325447,1382129.593591138,1182596.5026311341,1156334.78633748,1144538.7618470513,1121898.167862343,1099838.1230699318,1095951.0973050431,785976.7869090812,729492.4908986677,726843.0846102949,726841.6834063687,701713.3039759935,649306.6728337356,647300.9816992469
main/cec2017_F01_D30/L-SHADE/default/7,491591038137.5901,225767170064.7357,156646689568.47937,102462283584.17746,50777314392.96122,33298132202.05452,15474120000.579655,7969796344.318145,2987160676.3549347,1648182934.7248807,799325476.4115406,364903276.33297807,141131759.79231462,47390541.122675136,24926916.937951427,9350342.069324704,3881894.577716441,1270337.283745106,528437.141998969,313113.84080954816,118270.120254409,36187.32046303502,17381.89705400286,6796.2218553150315,2926.3133267771996,1476.0808637574005,941.4575001800915,682.5325863131304,571.5678041171599,519.6687091882984,508.84020690006196,501.8919133829463,492.5333274883078,448.4452478409106,260.1372080304417,91.7300991091796,36.973793947743786,19.909380451160303,7.058854793980913,2.922179641848942,0.8502921880326255,0.21136414481544818,0.05927537628764412,0.03281738027756376,0.010823072048381732,0.0027773028463826677,0.0008935477170695094,0.0002660998345902499,8.033674181717743e-05,1.9592574176385824e-05,6.125117891997434e-06,1.5803168196271145e-06,4.4987820047026617e-07,1.0103472902756039e-07,3.214327648493054e-08,5.299440886119555e-09,1.3668426390722743e-09,2.7775115540862316e-10,5.411493475548923e-11,1.5873524716880638e-11,2.7142732506035827e-12,5.542233338928781e-13,1.1368683772161603e-13,2.842170943040401e-14,0.0,0.0,0.0,0.0,0.0,0.0,0.0,0.0,0.0,0.0,0.0,0.0,0.0,0.0,0.0,0.0,0.0,0.0,0.0,0.0,0.0,0.0,0.0,0.0,0.0,0.0,0.0,0.0,0.0,0.0,0.0,0.0,0.0,0.0,0.0,0.0
main/cec2017_F01_D30/CMA-ES (IPOP)/default/8,1127516.8923074172,643.4845530104017,642.8887019993222,11.384811691936193,1.751601814703463e-07,1.4210854715202004e-14,1.4210854715202004e-14,1.4210854715202004e-14,1.4210854715202004e-14,1.4210854715202004e-14,1.4210854715202004e-14,1.4210854715202004e-14,1.4210854715202004e-14,1.4210854715202004e-14,1.4210854715202004e-14,1.4210854715202004e-14,1.4210854715202004e-14,1.4210854715202004e-14,1.4210854715202004e-14,1.4210854715202004e-14,1.4210854715202004e-14,1.4210854715202004e-14,1.4210854715202004e-14,1.4210854715202004e-14,1.4210854715202004e-14,1.4210854715202004e-14,1.4210854715202004e-14,1.4210854715202004e-14,1.4210854715202004e-14,1.4210854715202004e-14,1.4210854715202004e-14,1.4210854715202004e-14,1.4210854715202004e-14,1.4210854715202004e-14,1.4210854715202004e-14,1.4210854715202004e-14,1.4210854715202004e-14,1.4210854715202004e-14,1.4210854715202004e-14,1.4210854715202004e-14,1.4210854715202004e-14,1.4210854715202004e-14,1.4210854715202004e-14,1.4210854715202004e-14,1.4210854715202004e-14,1.4210854715202004e-14,1.4210854715202004e-14,1.4210854715202004e-14,1.4210854715202004e-14,1.4210854715202004e-14,1.4210854715202004e-14,1.4210854715202004e-14,1.4210854715202004e-14,1.4210854715202004e-14,1.4210854715202004e-14,1.4210854715202004e-14,1.4210854715202004e-14,1.4210854715202004e-14,1.4210854715202004e-14,1.4210854715202004e-14,1.4210854715202004e-14,1.4210854715202004e-14,1.4210854715202004e-14,1.4210854715202004e-14,1.4210854715202004e-14,1.4210854715202004e-14,1.4210854715202004e-14,1.4210854715202004e-14,1.4210854715202004e-14,1.4210854715202004e-14,1.4210854715202004e-14,1.4210854715202004e-14,1.4210854715202004e-14,1.4210854715202004e-14,1.4210854715202004e-14,1.4210854715202004e-14,1.4210854715202004e-14,1.4210854715202004e-14,1.4210854715202004e-14,1.4210854715202004e-14,1.4210854715202004e-14,1.4210854715202004e-14,1.4210854715202004e-14,1.4210854715202004e-14,1.4210854715202004e-14,1.4210854715202004e-14,1.4210854715202004e-14,1.4210854715202004e-14,1.4210854715202004e-14,1.4210854715202004e-14,1.4210854715202004e-14,1.4210854715202004e-14,1.4210854715202004e-14,1.4210854715202004e-14,1.4210854715202004e-14,1.4210854715202004e-14,1.4210854715202004e-14,1.4210854715202004e-14,1.4210854715202004e-14,1.4210854715202004e-14
main/cec2017_F01_D30/WOA/default/8,221420432724.73523,112325374788.36772,78438817147.9306,50579332822.44271,29405673237.81649,20258763512.42666,13870448778.650967,10454229292.497868,5992038831.14253,4774348220.803534,3568085182.846357,2897271085.797145,2328121198.5475607,1914067620.980668,1088429913.932516,189243955.08345172,116413327.25252925,98757578.4700422,85491010.70248443,72425623.54019904,48617033.298806794,37147647.28786271,32272462.42714517,12578295.608772084,8870579.014270494,6902310.14075737,3875210.7804579306,3010496.8445389187,2221164.360861357,1867000.4723904529,1183268.6237652013,919000.6388363551,857877.4133526607,702663.5193483448,590209.8882957918,502749.30246028915,432665.89958224655,329660.58035392204,283797.82322036376,247744.2321353004,223276.0722825799,211712.39571039495,107739.51596164044,89010.76113027934,81737.14832232853,72870.21667787936,52336.678753066,37755.90257663222,18361.62105490999,15004.910396886615,8669.120010699771,7409.992844754253,5941.449450916617,4828.018777911386,3316.6036180222263,2851.06036614762,2744.830450218992,2667.431185013219,2406.021151347893,2246.266684932547,2047.9647845417485,2015.4219147982476,1766.0718103236932,1654.8056154596761,1622.70918365432,1595.3637632809443,1579.3996904757753,1489.2198497521135,1445.1827721013378,1427.2762078355968,1417.928533231306,1403.6744483514306,1396.0510080501915,1392.5899741692247,1386.8208915314285,1385.9800158007495,1384.3642196850244,1381.6957306291108,1380.4448194965448,1379.357834161916,1378.7072076658046,1378.2530074808074,1377.4227495827818,1376.5103694301665,1376.0598690588422,1375.5112154736112,1375.0171266989735,1374.7561207050505,1374.7040644900135,1374.6192169897074,1374.595310578069,1374.573580334199,1374.5551011598625,1374.5153114110256,1374.4801821562025,1374.431211374993,1374.3749111688342,1374.3628009992838,1374.3319553556275,1374.2957383609291
main/cec2017_F01_D30/CA/default/9,37447548424.85621,2252570521.932163,228804529.0215984,26224384.0964668,1821450.1625139043,358529.5360009398,110952.63739097267,29887.001373380437,16500.788714893137,9275.563369904583,7777.532733695472,7158.306123365213,7069.682368195055,7038.190036747402,7030.854656669405,7030.202575765595,7029.84537459452,7029.572892628937,7029.456723348115,7029.353502274091,7029.266123561134,7029.228684133979,7029.213765902194,7029.207282795653,7029.2008616723315,7029.196895689367,7029.194900075513,7029.192871598962,7029.191686939449,7029.190596150052,7029.189688003257,7029.188048371692,7029.18564547536,7029.183240493504,7029.180386737699,7029.179079785345,7029.178491299967,7029.177122899622,7029.176379798516,7029.174039496573,7029.172964649852,7029.170169462856,7029.1682520515305,7029.167618257397,7029.166962816363,7029.166563502045,7029.16576443849,7029.164740992189,7029.164385472328,7029.160714148589,7029.149308001582,7029.140474753296,7029.1294028745015,7029.124526625272,7029.122294369842,7029.119078295138,7029.114233495218,7029.109350026784,7029.104376205685,7029.10119424634,7029.1001158306135,7029.098414947921,7029.093370265131,7029.089028550906,7029.08561079976,7029.079698270268,7029.077582747036,7029.077029736995,7029.072931883032,7029.067853551333,7029.059494328706,7029.051472756468,7029.0493958934885,7029.048593342211,7029.046122487472,7029.041399238979,7029.037136383519,7029.035106356702,7029.034093989104,7029.033620434059,7029.031817194739,7029.029765532657,7029.0294764078035,7029.029376355476,7029.026792987544,7029.025318574992,7029.021773801763,7029.019640108933,7029.016208270327,7029.01437003023,7029.000779623469,7028.993167447454,7028.984613415439,7028.973366745566,7028.962752510562,7028.958752349317,7028.951560092174,7028.947137481781,7028.945865348015,7028.936203040485
main/cec2017_F01_D30/GA/default/9,1338387740.0433083,179342846.85754088,52955618.876252025,22448728.437592953,5078772.0757363215,2770995.952244995,2034447.7500525382,1685723.6461850852,1041803.8451960349,1014464.8491879663,616321.8137799312,483916.15949475573,445171.41014401836,349685.3330019943,330974.774882311,307779.79188326694,244523.46862156072,225593.7277765474,94762.6872402451,87666.57145387764,87666.57145387764,66467.34720716234,65985.8935311492,39780.81832484565,32381.724657765255,32381.724657765255,24003.96469690763,24003.96469690763,22089.34954614679,22059.353912042436,19164.948302219862,18246.22949235578,17533.599440274033,17533.599440274033,17533.599440274033,16360.466552396872,16360.466552396872,15313.39022381666,13412.096146980672,13401.066574750786,13306.780397170547,11531.27268171905,9264.54059904536,8738.203911100645,7729.181453653409,7729.181453653409,7729.181453653409,7729.181453653409,7596.89309214121,7596.89309214121,7083.450718919311,7083.450718919311,6948.82067387782,5985.028338080483,5816.738433773018,4641.369643380938,4641.369643380938,4387.686748725145,4373.123841298597,4373.123841298597,3523.860739202594,3514.97479104047,3514.97479104047,3484.2103827137753,3484.2103827137753,2646.300766867561,2439.5368129653502,1884.3876412693603,1884.3876412693603,1884.3876412693603,1884.3876412693603,1884.3876412693603,1814.865777100195,1741.584466136063,1398.0647770526916,1358.2118506784277,1224.8866163470811,1224.8866163470811,1122.9274441266862,1122.9148640531594,1122.9148640531594,1122.9148640531594,1122.9148640531594,1122.9148640531594,1069.4619132095183,1069.4619132095183,993.8890972201275,970.5756341221609,819.977088352502,681.9614350835435,621.0642091794409,621.0642091794409,607.2846834213519,607.2846834213519,607.2846834213519,607.2846834213519,606.7228554054549,606.6878518339452,606.6878518339452,606.6878518339452
main/cec2017_F01_D30/PSO/default/9,115690465053.21532,101656992189.34038,101405005284.35602,93770615830.48239,93770615830.48239,91591787636.30685,91591787636.30685,88456680078.89467,88029556409.83438,88029556409.83438,73513179520.0429,73513179520.0429,73513179520.0429,72808332903.04462,72808332903.04462,72808332903.04462,69298073045.00511,69298073045.00511,69067272012.93022,64961371812.10336,63415030114.8401,63413203691.703384,63413203691.70272,61466931133.264786,61466931133.264786,60625723161.7848,60625707976.74693,60625707976.74661,59212534127.84264,59129863914.301575,58956264242.09099,58824294942.48646,58510809837.39252,58502474366.59357,58502474366.59355,58502474366.59355,58395096275.50675,58340048013.363266,58334770231.2803,58303150517.03094,58256001457.63313,58233900451.87037,58227782515.42386,58224560258.59217,58220413588.34192,58214321571.764465,58213591344.587685,58213432106.00895,58213377097.27376,58213359869.88556,58213358895.77329,58213358406.15538,58213358334.790955,58213358298.06882,58213358290.87902,58213358288.826775,58213358288.514244,58213358288.4875,58213358288.482376,58213358288.48193,58213358288.481865,58213358288.48184,58213358288.48184,58213358288.48184,58213358288.481834,58213358288.481834,58213358288.481834,58213358288.48183,58213358288.48182,58213358288.48181,58213358288.48181,58213358288.48181,58213358288.48181,58213358288.48181,58213358288.48181,58213358288.48181,58213358288.48181,58213358288.48181,58213358288.48181,58213358288.48181,58213358288.48181,58213358288.48181,58213358288.48181,58213358288.48181,58213358288.48181,58213358288.48181,58213358288.48181,58213358288.48181,58213358288.48181,58213358288.48181,58213358288.48181,58213358288.48181,58213358288.48181,58213358288.48181,58213358288.48181,58213358288.48181,58213358288.48181,58213358288.48181,58213358288.48181,58213358288.48181
main/cec2017_F01_D30/GWO/default/9,336722914329.5241,335904193806.5903,248372980641.34747,238582156196.35425,217131558409.8261,217131558409.8261,217131558409.8261,217131558409.8261,211651995497.3566,211651995497.3566,211651995497.3566,211651995497.3566,211651995497.3566,211651995497.3566,210207613679.9173,210207613679.9173,204851303814.30554,191795414262.9145,191795414262.9145,191795414262.9145,191795414262.9145,180148912381.7225,180148912381.7225,180148912381.7225,175232461474.71368,175232461474.71368,175232461474.71368,169320986638.74463,169320986638.74463,169320986638.74463,139824587439.57645,139824587439.57645,139824587439.57645,139824587439.57645,139824587439.57645,139824587439.57645,139824587439.57645,134228578462.08205,121420962949.65543,121420962949.65543,113377755243.38557,113377755243.38557,109508162585.02145,91548035462.462,81561968983.1595,81561968983.1595,78109925560.04413,73205516951.89738,73205516951.89738,73205516951.89738,68417882684.434105,59815489901.4164,59815489901.4164,59815489901.4164,55518349790.87741,55518349790.87741,47676249400.9727,42926357391.97311,42926357391.97311,42926357391.97311,42926357391.97311,42926357391.97311,42926357391.97311,42926357391.97311,42391234343.978355,42391234343.978355,42391234343.978355,36756973054.33556,36756973054.33556,31299729827.69324,31299729827.69324,31299729827.69324,31299729827.69324,28995413070.5018,28995413070.5018,26543017666.41683,26543017666.41683,26543017666.41683,24389906414.189175,24389906414.189175,21388379012.19981,20051811897.143627,18656053816.15417,18406611479.99768,18153227126.15207,16954959642.135948,16804405937.97978,16075268161.267134,14072985117.031008,13430942797.714876,12444202393.865543,11552419002.90664,10552688647.504726,10366932267.742647,8978680968.012234,7183648805.400899,3145338933.3759365,480652620.9161562,95387280.04135503,2384829.4691078505
main/cec2017_F01_D30/TFO-static/static/9,213112700589.81808,44258742194.253716,17496232502.774155,6665090684.9172945,5117705127.588317,4685869062.802725,4381487003.05348,2503302211.0839767,2038464991.051223,2037222762.072775,1696129369.048569,922907985.7872653,896688234.4353998,734883456.909337,722373189.5251809,652281904.1576215,623098445.0392699,605755655.157225,585315164.7386678,459797042.19227993,457765235.71236336,432777619.6674405,413165769.26291,402248682.51752645,388568615.92653465,388026504.3161335,366144365.0959066,364221911.0967589,346623291.6745378,346360760.2479019,314846598.81863785,313216135.97069925,289898598.8553556,289846161.9524071,283781561.5020964,261011075.44560054,260885387.16300067,247737421.36608458,227558710.54938367,185836237.28330237,169358300.3364237,161452644.47471398,95404561.79705594,94197136.12172529,93050376.6603119,90662429.37311317,78715115.54797834,78153610.75443608,70608103.69986275,60930206.224281594,59709279.73613497,46429630.97792343,44772944.298841074,44428425.883367985,44071793.43832637,41658733.64427606,41413054.57180475,37026092.31732239,33490769.21553938,32515561.60626354,29102844.372178312,28010678.493317846,27468148.72136797,27195237.950215343,23623333.30159494,23345604.472690303,23243532.208836105,23242856.842263386,22831876.862632502,22769979.26354208,20637510.478816744,20634975.626437522,20564071.41229483,20325256.044636533,19658707.622711293,19289855.67547821,15237841.10230767,15108297.807289964,14052947.645617325,14052622.118743034,12971084.544993041,12971084.424978435,12346185.65720219,11943518.307692531,11300273.967142697,10943214.480866326,10584644.148194933,10555532.628769035,10548172.346482128,10074699.0203626,9656100.489240995,9636274.40677449,9426181.672720356,9424795.707543481,8925874.213815501,8269272.949136842,8039044.349221832,7746095.683917099,7446851.187662559,5631108.558915618
main/cec2017_F01_D30/TFO/full/9,213112700589.81808,44258742194.253716,17496232502.774155,6665090684.9172945,5117705127.588317,4685869062.802725,4381487003.05348,2503302211.0839767,1910718487.088327,1117188144.8373985,682418060.6713616,680547479.3319341,476744215.5297961,409522921.02879596,407767619.52491874,383883085.5867745,381668255.3622669,352742740.9147719,320052101.8300536,308214002.1177809,293505431.1596885,293409970.6020941,292910046.95929086,292133794.4237343,268436948.40924484,262222720.61057532,233712366.75524893,213948268.14595932,190036538.41568553,180537243.61927742,174276208.4287143,172909356.94334805,172338881.47466373,145340369.58864567,132127688.09907821,116818993.84556876,115892117.20660277,114386361.52999166,113989687.39186127,103084702.42023805,95746785.50625676,86426574.85904396,80723623.49882849,79379899.16261832,77968823.256117,72993242.87769517,69526673.25677963,69521226.3898439,67334390.39036286,65358782.96664666,62277452.037003666,55417751.198015995,55414030.24752416,51160112.132951595,48825493.85084582,46809666.600741096,42683332.53576326,41226388.03792675,39762809.507157266,39498364.37001971,38883958.56005827,38786352.43235512,38295061.73128697,37575131.036408015,33136844.387992986,33078399.739396427,32099299.833446335,31751944.176455833,31735265.02569838,31690373.57304638,28451037.795812085,28425470.122162223,25696115.46491747,23730026.20500128,23696062.26994209,22472540.690587867,22155029.408937678,21650944.469585065,20630369.465102237,20196646.23994437,19696388.49631748,19102700.769260935,16672481.183606278,16440692.121550163,16070360.249861024,15915851.69662857,15425720.582030032,11040209.230678396,10656604.432642166,10529007.583499407,9535935.248580277,9436858.983033737,8836074.53794032,7842605.556260377,7797222.128329647,7391448.516174039,6166247.651359215,6153628.630300702,5571833.81156752,5315500.67149316
main/cec2017_F01_D30/WOA/default/9,308606595336.6692,160827894610.48383,114572145729.52916,48214803674.38414,37193072613.575,26602187688.9598,23130719940.996136,18854379334.624657,6857544394.478093,4134281520.728099,2383991257.0983562,1963251666.8078063,1500886088.8933835,1100820774.5946124,706718485.6421812,612949222.624478,426608439.296131,329511961.7038515,256473351.5352118,170128392.69637254,137279884.49394327,105983887.77599911,61137632.36374577,43508768.392563045,35620639.52900557,25093444.017418522,17619213.653463732,13622184.040890198,6982102.061562525,5585099.604811165,4390272.284397437,3771338.1229559644,2877373.2211765433,1881609.6740790578,1418769.8298327108,1003879.4710817612,826319.4745381774,526856.1764484392,375533.1941196997,361111.46719810483,337512.9450278317,258487.71422542757,216972.001310331,125469.29957291805,102092.28513051172,69259.55863838572,48542.06753821902,41799.79299977271,31057.99853377934,16390.83583581638,13186.71826255675,12194.5140011062,11665.442362927457,10553.326348734197,7610.396465652989,5631.240352708616,4719.934783607665,3722.5681026155958,3022.2497355781243,1960.643174149367,1894.3976685279035,1625.5743618106396,1356.7778950482723,1330.9969726726608,1318.0472386190468,1311.2090499985163,1295.5985167442614,625.8144733708233,414.8703015293486,369.5739238757617,299.80615457878895,225.6636869392513,149.20436745107742,141.455220911518,132.66492174777554,115.00302419537317,106.18253794730595,93.23676825980851,79.78428339364498,76.47569640166404,74.22162997804881,71.60873999789533,70.77753321589057,69.36399191914234,69.28196362375132,69.05851685075783,68.49638612280785,68.25595157162425,68.25063755746703,68.24872517957175,68.1811974398243,68.18054533711472,68.18021296997392,67.90504594871865,67.34785456919997,67.2496392500704,67.1990072372127,67.16735309064973,67.14109558684368,67.12851488125244
main/cec2017_F01_D30/CMA-ES (IPOP)/default/9,687892.8554579968,15194.437512206146,15104.270995208219,6.875799496702172,1.3207353788402543e-07,2.842170943040401e-14,2.842170943040401e-14,2.842170943040401e-14,2.842170943040401e-14,2.842170943040401e-14,2.842170943040401e-14,2.842170943040401e-14,2.842170943040401e-14,2.842170943040401e-14,2.842170943040401e-14,2.842170943040401e-14,2.842170943040401e-14,2.842170943040401e-14,2.842170943040401e-14,2.842170943040401e-14,2.842170943040401e-14,2.842170943040401e-14,2.842170943040401e-14,2.842170943040401e-14,2.842170943040401e-14,2.842170943040401e-14,2.842170943040401e-14,2.842170943040401e-14,2.842170943040401e-14,2.842170943040401e-14,2.842170943040401e-14,2.842170943040401e-14,2.842170943040401e-14,2.842170943040401e-14,2.842170943040401e-14,2.842170943040401e-14,2.842170943040401e-14,2.842170943040401e-14,2.842170943040401e-14,2.842170943040401e-14,2.842170943040401e-14,2.842170943040401e-14,2.842170943040401e-14,2.842170943040401e-14,2.842170943040401e-14,2.842170943040401e-14,2.842170943040401e-14,2.842170943040401e-14,2.842170943040401e-14,2.842170943040401e-14,2.842170943040401e-14,2.842170943040401e-14,2.842170943040401e-14,2.842170943040401e-14,2.842170943040401e-14,2.842170943040401e-14,2.842170943040401e-14,2.842170943040401e-14,2.842170943040401e-14,2.842170943040401e-14,2.842170943040401e-14,2.842170943040401e-14,2.842170943040401e-14,2.842170943040401e-14,2.842170943040401e-14,2.842170943040401e-14,2.842170943040401e-14,2.842170943040401e-14,2.842170943040401e-14,2.842170943040401e-14,2.842170943040401e-14,2.842170943040401e-14,2.842170943040401e-14,2.842170943040401e-14,2.842170943040401e-14,2.842170943040401e-14,2.842170943040401e-14,2.842170943040401e-14,2.842170943040401e-14,2.842170943040401e-14,2.842170943040401e-14,2.842170943040401e-14,2.842170943040401e-14,2.842170943040401e-14,2.842170943040401e-14,2.842170943040401e-14,2.842170943040401e-14,2.842170943040401e-14,2.842170943040401e-14,2.842170943040401e-14,2.842170943040401e-14,2.842170943040401e-14,2.842170943040401e-14,2.842170943040401e-14,2.842170943040401e-14,2.842170943040401e-14,2.842170943040401e-14,2.842170943040401e-14,2.842170943040401e-14,2.842170943040401e-14
main/cec2017_F01_D30/L-SHADE/default/8,396595653175.54,277908232113.3307,141546095847.69235,98750511023.76245,69004386162.79834,25576324068.322872,21081543850.402473,6737367042.703523,4123836518.241382,1984095977.2800837,946178597.1809022,396405056.298195,164415010.3023234,67411562.21433182,16273612.51537157,12472777.15274042,4519577.99049687,1590777.8038178633,745857.3989561391,341228.941502492,129976.25149952644,41902.39210717236,24302.34052911986,10050.891813028857,6187.002637381278,4693.732257287885,3884.6738057502325,3488.050055284223,3469.8320966450574,3423.9691513003263,3412.333089676433,3399.1351053183344,3376.825463988474,3183.576029712111,2291.8185964897293,917.8985007331988,513.6616490187772,217.13075866557142,73.45670696317075,24.04100755696726,7.456532446953673,3.058388534808415,0.991339868616123,0.3776283095185846,0.1067268530246821,0.03512296142929472,0.008296530058274243,0.003250454251940482,0.0008034984256539701,0.00026016700842035334,6.188546791463523e-05,1.155496519800181e-05,2.6473790342151915e-06,8.311371573199722e-07,2.2691094159199565e-07,7.305919780264958e-08,1.0177885201301251e-08,2.599691129034909e-09,5.057785301687545e-10,1.0389555882284185e-10,2.2083668227423914e-11,5.059064278611913e-12,9.521272659185342e-13,1.8474111129762605e-13,2.842170943040401e-14,1.4210854715202004e-14,1.4210854715202004e-14,1.4210854715202004e-14,1.4210854715202004e-14,1.4210854715202004e-14,1.4210854715202004e-14,1.4210854715202004e-14,1.4210854715202004e-14,1.4210854715202004e-14,1.4210854715202004e-14,1.4210854715202004e-14,1.4210854715202004e-14,1.4210854715202004e-14,1.4210854715202004e-14,1.4210854715202004e-14,1.4210854715202004e-14,1.4210854715202004e-14,1.4210854715202004e-14,1.4210854715202004e-14,1.4210854715202004e-14,1.4210854715202004e-14,1.4210854715202004e-14,1.4210854715202004e-14,1.4210854715202004e-14,1.4210854715202004e-14,1.4210854715202004e-14,1.4210854715202004e-14,1.4210854715202004e-14,1.4210854715202004e-14,1.4210854715202004e-14,1.4210854715202004e-14,1.4210854715202004e-14,1.4210854715202004e-14,1.4210854715202004e-14,1.4210854715202004e-14
main/cec2017_F03_D30/TFO/full/0,107275.50674348761,106207.34576290878,102967.7341063875,98505.57707354944,95555.84615972344,80288.89011847373,78899.46214027233,78700.4197526397,75518.2198266411,75229.78121299477,73852.21143664997,73647.25118737892,72195.695356003,71805.83164412294,69798.25367452356,69129.4107339641,65471.30928274355,65207.03878339447,61896.84170786139,59198.75502120207,59117.13821395693,56431.09080459115,55185.77141420718,55185.77141420718,52767.98883673159,52409.346980997565,52399.60155931872,51302.026667431484,50612.250641442384,49913.19845217806,49103.86804904928,48728.6133608967,45222.424389929656,43921.8202804506,43890.25549157126,43573.96316446447,43573.96316446447,43548.5397176556,42310.89208815939,40949.18583604895,40947.07670875334,39943.65320711711,37116.26121530283,35508.78311749986,35508.78311749986,33475.69681048521,29225.40381540659,28503.432949046368,28498.27834285207,27322.487895575792,26057.224055337712,24788.969660629344,24010.062313422488,23147.191382180252,23141.012683189336,21883.68938053149,21038.87015457054,21035.243628014134,21035.243628014134,19670.243551435207,19630.019883787885,19618.822625588222,19618.822625588222,19325.83414761849,18197.92025232602,18197.81293539924,18092.30154754596,17461.523040776432,16041.941206322783,15749.211336527089,15731.377211791569,15731.377211791569,13809.01610625291,13772.924587823309,13581.574372459874,13046.888899303645,12947.637280053577,12947.637280053577,12185.504407475919,10995.584628230521,8818.859575632398,8811.025737068669,8569.17905285458,8569.17905285458,7706.6868394611865,7694.629479370741,7228.354714759624,6989.7323074126225,6724.84872150387,6678.892459765003,6092.156463917332,5989.551733960636,5479.555511651149,5476.70821279085,4651.98002330168,4198.65562680726,4071.5468593524965,3860.074287683701,3061.9128399889278,2941.9100596298126
main/cec2017_F03_D30/GA/default/0,237233.29174377417,186709.02503012316,162443.7479663119,151538.90035848977,119191.8312285414,94113.94994302631,85997.64876939938,82234.20343848318,78807.68316561151,74496.56123735211,73646.23714455508,67933.04665794077,67564.31502273474,66991.42090411688,65555.13591760217,56698.90353075705,55028.254037674174,52637.80317445454,47869.2387190631,44032.312842187144,41738.55138285264,40721.01538683769,39140.30319514305,35331.8429079942,35017.286987068845,34487.80429427035,31685.12182939546,30525.59084606028,25680.891935086016,24482.71187983333,21059.326969172933,13345.293258834517,11563.669923630505,8340.774102385476,7157.673044197336,6871.300431068889,6652.340034464979,6470.82053237268,6398.3726567914,6298.062601211624,6237.106642308308,5080.935857077507,4969.55912351527,4926.180979803597,4698.22802303071,2272.0191035120815,1956.8463535182727,1696.8846727146774,1325.7141118112079,1280.481879915876,1202.3076707331081,1189.9949887796056,1186.8628342314148,1174.763065612434,1166.0950466111628,1161.3571342089253,1160.214734288115,1053.7869426897223,1022.3246813018311,1014.5240324088684,1001.183553787045,989.9935239523165,978.6967410295033,914.0362710551008,897.5420189836416,892.883675502917,878.3906338640099,673.6247407150813,583.2787790400637,440.7797980066632,406.84196672414043,386.81963386189204,376.6384075687838,369.90200682026034,366.2017625946901,362.3050110212956,356.08017412797994,346.49679592010193,324.29421854198426,276.1736343391956,248.7151345243169,245.19937531730898,240.50651095472472,237.71986806295388,236.93165726036887,229.43617098637856,213.13289155205894,206.77861769333686,189.64571830045247,183.72355642588292,178.84628450705816,157.0225477147515,146.1616153303445,144.29515837162876,143.74715914435717,138.80802461485723,131.1808059337668,125.98832922931149,115.16720958864505,110.06667641959649
main/cec2017_F03_D30/PSO/default/0,194331.41736256305,88686.04786925369,88686.04786925369,88686.04786925369,60477.190045207964,60477.190045207964,60477.190045207964,58585.17905504485,56032.65528062642,56032.65528062642,51876.04182681657,44701.5047423475,44701.5047423475,37779.12549570214,34483.47691016696,29998.39563218972,29998.39563218972,24275.793270465365,24275.793270465365,24275.793270465365,21601.54683232455,21304.736381879244,14977.157512271324,14977.157512271324,13021.967715544142,13021.935080431997,13021.935080431826,11857.839115148412,9385.651664199124,7962.11770363478,7837.533540421591,7217.8109312333245,6979.320470225123,6973.879171909712,6972.8008493063635,6811.224945069261,6288.107397761708,6185.382099023256,5090.054549693604,5085.417926930142,4523.139444563981,4500.6770913044165,4500.677090824498,4500.677090824498,4500.677090824498,4500.677090824498,4500.677090824498,4500.677090824498,3844.420600933012,3825.287444736441,3825.287444736441,3825.287444736441,3825.287444736441,2970.1019189461326,2888.296593124004,2888.296593121688,2888.296593121688,2888.296593121688,2888.296593121688,2888.296593121688,2173.399752909719,2168.7463201468104,2168.7463201468104,1554.6694712969138,1554.5186686289046,1554.5186686289046,1554.5186686289046,1392.2669268256623,1391.551263463536,1273.104178528318,1233.4075437469655,1099.0157743815869,1099.0157741145601,875.5806982826075,648.9605014351046,604.0445883003478,553.0331630162968,447.53626567331503,447.53231181844035,395.953004136093,343.3534671738288,313.29298064422983,310.2280996549039,229.82860389814618,180.5774085392684,158.68115784436566,158.67118902427535,102.90532494783162,82.11113165886627,61.543203475823134,50.7536552126536,39.65538635740694,29.942436189639864,24.066901936834142,18.810412703584916,12.907652510479181,9.388079968057184,7.199031575317292,4.841930964444487,3.7431653237752016
main/cec2017_F03_D30/CA/default/0,78966.47591380148,69202.91974122032,62735.676500732945,48894.200489339244,44811.2669191818,40494.349205579514,35966.98147852265,29595.84927858686,26211.87138341578,24502.269976340664,22741.05363593611,19157.8962618007,17050.63059300776,14611.319076590538,11241.072190826551,10313.574058431594,7791.0881012977725,6058.561189078356,4538.641030559924,2321.178843253178,1735.7679325038196,1416.7864275958505,922.4057625826686,680.5403974730451,370.23443179152514,263.053002898135,157.7861795597987,71.88261262699393,43.3731472072912,19.68865876170605,8.022712172087836,4.138232848659641,1.7554736683032957,0.8875913174167067,0.4577059764836804,0.15564820336328467,0.13891029427742296,0.10701963472428133,0.09598315039420413,0.09262265893221411,0.08420393293209827,0.07057910769970022,0.0646172013081241,0.058447951632786044,0.05519404911348147,0.051201481532018533,0.05046375086868693,0.04615599122701042,0.0409718490197406,0.03486244631011459,0.02940281126575428,0.0278833087837711,0.02437319833273932,0.02143823552307822,0.01838127921519117,0.013994594663813587,0.012082997184904798,0.01022136604581192,0.008388460753792515,0.0073972742989667495,0.006241402450996247,0.004305634566946992,0.003994793061906421,0.0038584553349210182,0.0036480839746673155,0.003377993215110564,0.002899046591721799,0.002579401324283026,0.0024181983647508787,0.0022200773673830554,0.0019512934725298692,0.0016891252410005109,0.0015289097476625102,0.0014088239939269442,0.0011692480323404197,0.0009381295177490756,0.0008401225846341731,0.0007085757187041963,0.0006584279919366054,0.0006174459649628261,0.0005807327561910824,0.0005164738157077409,0.000421133701877352,0.0003652912873803871,0.0003374532228122007,0.00031123313993930424,0.00023552050140551728,0.0002145217555380441,0.00017637617008858797,0.0001591789932717802,0.00012964195337872297,0.00011860597879831403,0.0001113035665980533,9.938696189237817e-05,9.21298765206302e-05,8.007028174006336e-05,7.19219872848953e-05,5.613302596430003e-05,5.001471640753152e-05,4.620973902547121e-05
main/cec2017_F03_D30/GWO/default/0,219046.70960696792,190610.2700651061,190610.2700651061,181775.7684127584,168440.98518991942,168440.98518991942,168440.98518991942,168440.98518991942,168440.98518991942,144570.55145762293,138473.16647342252,138473.16647342252,130002.01229017686,130002.01229017686,129849.82374802198,129849.82374802198,129849.82374802198,124928.12414926139,113269.01148696843,113269.01148696843,105812.29641110524,87361.94687004869,87361.94687004869,87361.94687004869,87361.94687004869,87361.94687004869,87361.94687004869,84508.7037694507,84416.97721157805,84416.97721157805,82981.80105171844,82981.80105171844,82981.80105171844,82981.80105171844,82981.80105171844,82981.80105171844,82981.80105171844,82981.80105171844,75611.34821289664,75611.34821289664,75611.34821289664,75611.34821289664,75611.34821289664,75611.34821289664,75611.34821289664,75611.34821289664,75611.34821289664,75611.34821289664,75611.34821289664,75611.34821289664,75611.34821289664,75611.34821289664,75237.8476342637,73995.32936082425,73995.32936082425,73016.93076433333,73016.93076433333,68750.50806503925,67140.01037243099,67140.01037243099,67140.01037243099,67140.01037243099,67140.01037243099,65564.19551515664,65564.19551515664,65564.19551515664,64682.431693908664,64064.85449227133,64064.85449227133,64064.85449227133,64064.85449227133,63689.376232315866,63689.376232315866,62556.32568226757,62378.30435303612,62378.30435303612,61651.84270510545,61578.37951186678,61027.81871542412,61027.81871542412,60497.13249131348,60497.13249131348,60497.13249131348,60157.3413946722,59978.358060833765,59645.75096028483,59645.75096028483,59264.297831004,59264.297831004,59184.418459901026,59011.90669431618,58866.92658590642,58776.03522195645,58662.23264926825,58620.56624846872,58500.80437716846,58420.5948750421,58287.15883253753,58171.598633239315,58062.8040794112
main/cec2017_F03_D30/TFO-static/static/0,107275.50674348761,106207.34576290878,102967.7341063875,101761.83218705287,100840.996266887,97878.54988814009,79123.62950925619,79105.27890049401,79105.27890049401,78882.1705902001,78101.92219430984,77357.05908804393,75800.48441820087,74683.02269188658,73263.94504788159,73263.94504788159,73263.94504788159,72123.18922854618,72072.22501906342,71963.62081188115,71811.67295773907,67154.8745366723,64763.459255189104,64717.22894226489,64717.22894226489,39161.365339855394,38442.889616963825,36559.40845586858,36559.40845586858,36497.997512046175,34991.60600781351,34991.60600781351,34991.60600781351,34984.43975857063,34977.654440081365,33876.95595795579,33853.78090372554,33827.28084851045,33667.366677923856,33643.82153666989,32334.40868880833,32267.19695931599,32192.609569303146,32189.427995497008,32189.427995497008,31612.768125963787,31612.768125963787,31593.507898426116,31169.731686859723,30455.66070998167,23304.51285392827,22151.86630614962,20347.12922154107,20335.562799686573,18953.936295265794,18934.64626150982,18934.64626150982,18934.64626150982,18929.95663827035,18901.90390513171,18901.90390513171,18901.605495480955,18901.605495480955,18896.362773072382,18885.555252129252,18885.555252129252,18885.555252129252,18885.555252129252,18846.101235175684,17432.430084045543,17423.488444334565,17182.801006126174,17182.801006126174,16353.60138408684,16353.60138408684,16349.896489072802,16166.323253423885,15571.014402400522,15561.016412740264,15561.016412740264,14188.889986847453,14172.416149773979,14172.416149773979,14172.416149773979,13782.855543699841,11013.4932240618,10091.879181805727,10073.48199123403,10073.48199123403,10068.853803882854,9609.20691767162,8861.598949190582,7773.696957264661,6865.048262623183,5761.216510246596,5760.159207110655,5445.700771737822,4066.4240589266738,3929.4611337983915,3699.05113698138
