run_key,c001,c002,c003,c004,c005,c006,c007,c008,c009,c010,c011,c012,c013,c014,c015,c016,c017,c018,c019,c020,c021,c022,c023,c024,c025,c026,c027,c028,c029,c030,c031,c032,c033,c034,c035,c036,c037,c038,c039,c040,c041,c042,c043,c044,c045,c046,c047,c048,c049,c050,c051,c052,c053,c054,c055,c056,c057,c058,c059,c060,c061,c062,c063,c064,c065,c066,c067,c068,c069,c070,c071,c072,c073,c074,c075,c076,c077,c078,c079,c080,c081,c082,c083,c084,c085,c086,c087,c088,c089,c090,c091,c092,c093,c094,c095,c096,c097,c098,c099,c100
main/cec2022_F01_D10/GA/default/0,907.0452864103956,7.735437958044145,0.8821784874542118,0.181677753543795,0.06596464447022754,0.058743476606707645,0.05260255940089564,0.030411277264875025,0.009457478284616627,0.007752868347154163,0.007752868347154163,0.007676317722200565,0.007676317722200565,0.007450423859268085,0.00344097001004684,0.0032027530305072105,0.0032027530305072105,0.0024072856987231717,0.002380350442535928,0.002380350442535928,0.0023420241332701153,0.0023420241332701153,0.0022862101184841777,0.0022862101184841777,0.002285340912976608,0.0021969176075344876,0.0021465471987198725,0.0015899716484000237,0.001152882819781098,0.001152882819781098,0.0010709351622608665,0.0007322826995164178,0.0007322826995164178,0.00040816031685153575,0.00040032631551412123,0.00025832699424199745,0.00025832699424199745,0.00023227643771406292,0.0002320774357258415,0.0002320774357258415,0.0002320774357258415,0.0002320774357258415,0.0002043436091980766,0.0002043436091980766,0.0002043436091980766,0.0002043436091980766,0.0002043436091980766,0.0001500994945331513,0.0001500994945331513,0.00013295182361616753,0.00013295182361616753,0.00013295182361616753,0.00012544364449240675,0.00011305579982945346,0.00011305579982945346,7.99151493424688e-05,7.093129590884928e-05,7.093129590884928e-05,7.093129590884928e-05,3.2803316059926146e-05,3.2803316059926146e-05,2.713311357638304e-05,2.713311357638304e-05,2.713311357638304e-05,1.9805547424311953e-05,1.6918240078211966e-05,1.6918240078211966e-05,1.6918240078211966e-05,1.6918240078211966e-05,1.6918240078211966e-05,1.6918240078211966e-05,1.6918240078211966e-05,1.6918240078211966e-05,1.6918240078211966e-05,1.6918240078211966e-05,1.6918240078211966e-05,1.4771688995551813e-05,1.4746723479674984e-05,1.4746723479674984e-05,1.4557066037923505e-05,1.4557066037923505e-05,1.4557066037923505e-05,1.345507308769811e-05,1.3093356642457366e-05,1.3093356642457366e-05,1.3093356642457366e-05,1.3093356642457366e-05,1.3093356642457366e-05,7.738228930520563e-06,7.738228930520563e-06,7.738228930520563e-06,7.738228930520563e-06,6.394041122348426e-06,6.394041122348426e-06,4.189397316167742e-06,4.189397316167742e-06,4.189397316167742e-06,3.335384519687068e-06,2.6107805979336263e-06,2.5665682414910407e-06
main/cec2022_F01_D10/PSO/default/0,661.6337485724141,181.42405252844947,129.1729920855363,129.1729920855363,129.1729920855363,129.1729920855363,126.56826065125665,126.56826065125665,126.56826065125665,126.56826065125665,126.56826065125665,126.56826065125665,126.56826065125665,115.53500830293967,115.53500830293967,91.43621504595149,79.1589213841703,53.5290466793075,52.71200806796975,52.231630658750476,52.20151023349865,16.38448393019212,16.38448393019212,5.824257168617294,5.768154269049205,5.740904648537992,3.890391171437045,3.890391171437045,2.3328832281033556,1.7675157933684886,1.0154663953634326,0.04203386409841414,0.029596675837694875,0.01784395159535279,0.004911732769244281,0.0019285689397747774,0.0015398635393921722,0.0005602566645279694,0.00027343461607642894,5.151229288458126e-05,8.879237668679707e-06,5.558498003210843e-06,7.949927294248482e-07,9.747145668370649e-08,7.749179076199653e-09,8.270149010058958e-10,5.616129783447832e-11,1.0231815394945443e-12,5.684341886080802e-14,5.684341886080802e-14,0.0,0.0,0.0,0.0,0.0,0.0,0.0,0.0,0.0,0.0,0.0,0.0,0.0,0.0,0.0,0.0,0.0,0.0,0.0,0.0,0.0,0.0,0.0,0.0,0.0,0.0,0.0,0.0,0.0,0.0,0.0,0.0,0.0,0.0,0.0,0.0,0.0,0.0,0.0,0.0,0.0,0.0,0.0,0.0,0.0,0.0,0.0,0.0,0.0,0.0
main/cec2022_F01_D10/CA/default/0,943.0089886034484,10.858571877510201,0.16867989543879958,0.007536659541017343,0.001000280537425624,0.00033522466338808954,9.88797092418281e-05,2.94774429789868e-05,1.3791618187042332e-05,1.942072117344651e-06,4.700963245340972e-07,1.278580157304532e-07,6.006439434713684e-08,2.374929408688331e-08,9.706184300739551e-09,2.114859398716362e-09,8.884057933755685e-10,3.794298208958935e-10,5.88897819397971e-11,2.5295321393059567e-11,8.58335624798201e-12,3.240074875066057e-12,1.0231815394945443e-12,3.410605131648481e-13,1.1368683772161603e-13,5.684341886080802e-14,0.0,0.0,0.0,0.0,0.0,0.0,0.0,0.0,0.0,0.0,0.0,0.0,0.0,0.0,0.0,0.0,0.0,0.0,0.0,0.0,0.0,0.0,0.0,0.0,0.0,0.0,0.0,0.0,0.0,0.0,0.0,0.0,0.0,0.0,0.0,0.0,0.0,0.0,0.0,0.0,0.0,0.0,0.0,0.0,0.0,0.0,0.0,0.0,0.0,0.0,0.0,0.0,0.0,0.0,0.0,0.0,0.0,0.0,0.0,0.0,0.0,0.0,0.0,0.0,0.0,0.0,0.0,0.0,0.0,0.0,0.0,0.0,0.0,0.0
main/cec2022_F01_D10/GWO/default/0,2947.8521355003563,1816.397270600819,1816.397270600819,1816.397270600819,1816.397270600819,1816.397270600819,1816.397270600819,1589.1201499884692,1589.1201499884692,1589.1201499884692,1589.1201499884692,1589.1201499884692,1589.1201499884692,1589.1201499884692,1589.1201499884692,1589.1201499884692,1589.1201499884692,1589.1201499884692,1589.1201499884692,1589.1201499884692,1589.1201499884692,1589.1201499884692,1589.1201499884692,1589.1201499884692,1589.1201499884692,1589.1201499884692,1589.1201499884692,1589.1201499884692,1589.1201499884692,1589.1201499884692,1589.1201499884692,1589.1201499884692,1589.1201499884692,1589.1201499884692,1589.1201499884692,1589.1201499884692,1589.1201499884692,1452.4770831685582,1452.4770831685582,1452.4770831685582,1025.0974829996749,1025.0974829996749,1025.0974829996749,1025.0974829996749,1025.0974829996749,1025.0974829996749,1025.0974829996749,1025.0974829996749,1025.0974829996749,1025.0974829996749,955.074241759313,955.074241759313,955.074241759313,955.074241759313,901.5256351449996,845.8681691024069,811.3578296440478,501.69014307991415,373.18470352436884,202.96532727268703,202.96532727268703,60.340360332024034,60.340360332024034,60.340360332024034,60.340360332024034,60.340360332024034,60.340360332024034,60.340360332024034,60.340360332024034,60.340360332024034,60.340360332024034,60.340360332024034,60.340360332024034,60.340360332024034,60.340360332024034,60.340360332024034,60.340360332024034,60.340360332024034,60.340360332024034,60.340360332024034,60.340360332024034,33.33929493515922,33.33929493515922,33.33929493515922,29.652462446260188,29.652462446260188,18.901053573376203,18.901053573376203,18.901053573376203,13.403170996906965,13.403170996906965,6.078943330638708,6.078943330638708,5.811354319005261,4.340127154466927,0.6490784025178868,0.6490784025178868,0.5355416582807493,0.18659737701597123,0.00035301028651701927
main/cec2022_F01_D10/TFO-static/static/0,1529.7844854798336,943.6943852981422,555.0298301019761,252.67619070903083,157.13501147067427,123.68999213359689,123.68999213359689,88.32611923715945,83.19385357341474,69.4211016500787,69.4211016500787,69.40132425776108,46.04029647543058,46.04029647543058,27.49083850182194,26.563658859016414,26.194232670780423,25.00508131661536,25.00508131661536,25.00508131661536,14.400578374743645,14.400578374743645,12.192322896479368,12.192322896479368,12.181344251015787,12.181344251015787,9.676714333706855,9.099106170349728,9.07249331004357,9.07249331004357,6.785155525205369,6.785155525205369,6.785155525205369,6.785155525205369,6.785155525205369,6.705195926715703,6.602965449042415,6.602965449042415,6.602965449042415,6.084754306976606,6.084754306976606,6.084754306976606,5.993626673633287,5.555872234413982,5.135513162970426,4.603298849793134,3.5950002411183846,3.577590199375493,3.568528030029313,3.4774730600146313,3.4774730600146313,3.4774730600146313,2.313664877157805,1.9554987299261484,1.9554987299261484,1.9554987299261484,1.8674027762000378,1.8209928125136798,1.7014390387642493,1.7009521094037154,1.658468673031166,1.5324957971308208,1.5324957971308208,1.3336661033698078,1.3336661033698078,1.318796951121044,1.318796951121044,1.21069513546189,1.1713106720504811,1.0895451062443726,1.0895451062443726,1.0668754537161362,0.7368472727509356,0.7368472727509356,0.6370230835285611,0.5698404220268571,0.5653096103557118,0.5339421297414333,0.5339421297414333,0.5339421297414333,0.4661918521191524,0.4661918521191524,0.457731930561863,0.447540258249262,0.447540258249262,0.42904810031086527,0.3967498048939433,0.16799361555183623,0.11111169328506776,0.11111169328506776,0.10739035046066192,0.10701351442617124,0.10701351442617124,0.0872687847268594,0.08718893712489262,0.08708496671249577,0.08328038357825562,0.08226618342456504,0.07258337399053971,0.02829860133215334
main/cec2022_F01_D10/TFO/full/0,1529.7844854798336,943.6943852981422,555.0298301019761,252.67619070903083,157.13501147067427,123.68999213359689,49.73533097014308,49.73533097014308,31.812686951257433,20.681701014456962,20.681701014456962,7.5608510823349775,7.158167199368904,5.686934784886489,5.686934784886489,5.3197792138554405,5.3197792138554405,4.504641191057885,4.117301677990497,4.117301677990497,3.3451093496533986,3.3451093496533986,3.296195949563355,2.7431346882847834,2.7431346882847834,2.668328692608327,2.451511382488775,2.451511382488775,2.451511382488775,1.2664099791588228,1.2664099791588228,1.2565380746256096,1.2565380746256096,1.2293948086596629,1.2258199497362625,1.127289028495568,1.127289028495568,1.127289028495568,1.127289028495568,1.0688279293606797,1.0593314805157092,1.0253394031527705,1.0253394031527705,0.9050367141866786,0.9050367141866786,0.9050367141866786,0.9002858586226239,0.7050388243076213,0.6015920740480283,0.6015920740480283,0.6015920740480283,0.442286417143805,0.442286417143805,0.38558603137221326,0.36264888917401095,0.36264888917401095,0.36264888917401095,0.36264888917401095,0.26767835802712625,0.2673879660337093,0.2673879660337093,0.2673879660337093,0.2673879660337093,0.22983986894007558,0.19241076992261696,0.19217998713816087,0.1899451964812897,0.1701726613612209,0.1701726613612209,0.1701726613612209,0.1701726613612209,0.16405110661361277,0.12486867591212558,0.12486867591212558,0.12486867591212558,0.10614956692126043,0.10614956692126043,0.05779268270475768,0.05779268270475768,0.05779268270475768,0.05779268270475768,0.05779268270475768,0.05779268270475768,0.05779268270475768,0.05779268270475768,0.03600319531420837,0.03600319531420837,0.03600319531420837,0.035878170627654526,0.03476770503834814,0.03476770503834814,0.025595537439414784,0.025595537439414784,0.025595537439414784,0.025087897694106687,0.025087897694106687,0.02497577494369807,0.02485024227945587,0.023499353553802393,0.023499353553802393
main/cec2022_F01_D10/CMA-ES (IPOP)/default/0,9.894580443869927e-08,0.0,0.0,0.0,0.0,0.0,0.0,0.0,0.0,0.0,0.0,0.0,0.0,0.0,0.0,0.0,0.0,0.0,0.0,0.0,0.0,0.0,0.0,0.0,0.0,0.0,0.0,0.0,0.0,0.0,0.0,0.0,0.0,0.0,0.0,0.0,0.0,0.0,0.0,0.0,0.0,0.0,0.0,0.0,0.0,0.0,0.0,0.0,0.0,0.0,0.0,0.0,0.0,0.0,0.0,0.0,0.0,0.0,0.0,0.0,0.0,0.0,0.0,0.0,0.0,0.0,0.0,0.0,0.0,0.0,0.0,0.0,0.0,0.0,0.0,0.0,0.0,0.0,0.0,0.0,0.0,0.0,0.0,0.0,0.0,0.0,0.0,0.0,0.0,0.0,0.0,0.0,0.0,0.0,0.0,0.0,0.0,0.0,0.0,0.0
main/cec2022_F01_D10/WOA/default/0,15174.518973084398,9470.383219968486,6487.977568675533,3961.5653136882465,2953.3027511561017,2477.645752109229,2238.0643668537737,1993.5139160880299,1829.3841671451755,1749.3952434616258,865.4941327290283,198.5819446508557,109.61540640235432,87.5349947709343,37.01555977843316,20.291040773333123,12.351667688026225,1.1773418169397587,0.30830180289626696,0.12715936826498364,0.06065375304496001,0.0506698876196765,0.04373026416669745,0.03680810004556179,0.0046673135220771655,0.003828583626557247,0.002019550716966023,0.00038776418301722515,0.0001335634385100093,6.298757978129288e-05,3.721203358963976e-05,1.4336003744119807e-05,1.3819889147725917e-05,1.3633309777105751e-05,1.342167786333448e-05,1.3330282399692805e-05,2.7815224257210502e-06,8.127845489980245e-07,6.469093136729498e-07,6.080726961954497e-07,2.791147721836751e-07,1.3297420764502021e-07,4.1094949665421154e-08,3.6266214920033235e-08,3.610949761423399e-08,3.606754717111471e-08,3.606595555538661e-08,3.606595555538661e-08,3.606595555538661e-08,3.606595555538661e-08,3.606595555538661e-08,3.606595555538661e-08,3.606595555538661e-08,3.606595555538661e-08,3.606595555538661e-08,3.606595555538661e-08,3.606595555538661e-08,3.606595555538661e-08,3.603508957894519e-08,3.587888386391569e-08,2.7251076062384527e-08,1.3557155398302712e-08,7.893390829849523e-09,4.194532721157884e-09,2.1445885067805648e-09,1.8674768398341257e-09,1.6332251107087359e-09,5.7053739510593e-10,2.8040858524036594e-10,1.6001422409317456e-10,1.5995738067431375e-10,1.595594767422881e-10,1.595594767422881e-10,1.426201379217673e-10,1.426201379217673e-10,1.426201379217673e-10,1.426201379217673e-10,1.426201379217673e-10,1.426201379217673e-10,1.426201379217673e-10,1.426201379217673e-10,1.426201379217673e-10,1.426201379217673e-10,1.426201379217673e-10,1.426201379217673e-10,1.426201379217673e-10,1.426201379217673e-10,1.426201379217673e-10,1.426201379217673e-10,1.426201379217673e-10,1.426201379217673e-10,1.426201379217673e-10,1.426201379217673e-10,1.426201379217673e-10,1.426201379217673e-10,1.426201379217673e-10,1.426201379217673e-10,1.426201379217673e-10,1.426201379217673e-10,1.426201379217673e-10
main/cec2022_F01_D10/L-SHADE/default/0,8438.34527928299,3867.13003748385,2925.4010558139976,1639.0324224734918,415.2880035065614,66.41030126867872,18.429818625983046,3.810271120263508,0.45536210222763884,0.06802502347608197,0.005221526083005301,0.0015155638863575405,0.000164002548103781,5.0734892852233315e-05,9.114877627780515e-06,1.4290668559624464e-06,2.2187634840520332e-07,4.439340273165726e-08,1.1324971183057642e-08,1.0688268048397731e-09,1.8309265215066262e-10,3.871036824421026e-11,3.126388037344441e-12,5.115907697472721e-13,5.684341886080802e-14,0.0,0.0,0.0,0.0,0.0,0.0,0.0,0.0,0.0,0.0,0.0,0.0,0.0,0.0,0.0,0.0,0.0,0.0,0.0,0.0,0.0,0.0,0.0,0.0,0.0,0.0,0.0,0.0,0.0,0.0,0.0,0.0,0.0,0.0,0.0,0.0,0.0,0.0,0.0,0.0,0.0,0.0,0.0,0.0,0.0,0.0,0.0,0.0,0.0,0.0,0.0,0.0,0.0,0.0,0.0,0.0,0.0,0.0,0.0,0.0,0.0,0.0,0.0,0.0,0.0,0.0,0.0,0.0,0.0,0.0,0.0,0.0,0.0,0.0,0.0
main/cec2022_F01_D10/GA/default/1,20.802560724723207,2.6670531129935853,0.3142312815749051,0.1862017781711529,0.071272226298845,0.055141259215758964,0.040316686211951946,0.018744352628118577,0.016304900390196053,0.016304900390196053,0.00725310687352021,0.002638852301231509,0.002638852301231509,0.0022090086031880674,0.002077233051750227,0.0019764646504540906,0.0015968909135608556,0.0015968909135608556,0.0015968909135608556,0.001100768024741683,0.0010955467453754864,0.0010955467453754864,0.000780252627180289,0.000780252627180289,0.000780252627180289,0.0007211337227772674,0.0007211337227772674,0.0007211337227772674,0.0007211337227772674,0.0006410803718495117,0.0005659528659407442,0.0003089120345975971,0.0003089120345975971,0.0002990854114841568,0.0002990691575064375,0.0002990691575064375,0.0002990691575064375,0.0002990691575064375,0.0002990691575064375,0.0002990691575064375,0.0002990691575064375,0.00013563271124894527,0.00013563271124894527,8.780066355029703e-05,8.780066355029703e-05,8.780066355029703e-05,8.780066355029703e-05,8.780066355029703e-05,8.780066355029703e-05,8.780066355029703e-05,8.780066355029703e-05,7.99503563939652e-05,7.99503563939652e-05,7.99503563939652e-05,7.99503563939652e-05,7.99503563939652e-05,7.99503563939652e-05,7.99503563939652e-05,7.99503563939652e-05,7.126938265855642e-05,7.126938265855642e-05,7.126938265855642e-05,7.126938265855642e-05,2.4119337979300326e-05,2.4119337979300326e-05,2.4119337979300326e-05,2.4119337979300326e-05,2.4119337979300326e-05,2.3975519866326067e-05,2.3975519866326067e-05,2.3975519866326067e-05,2.3975519866326067e-05,2.3975519866326067e-05,2.3975519866326067e-05,1.896732089790021e-05,1.8868269478389266e-05,1.072606232810358e-05,1.072606232810358e-05,1.072606232810358e-05,1.072606232810358e-05,1.0564300225723855e-05,6.3037805375643075e-06,6.3037805375643075e-06,4.8398889020973e-06,4.8398889020973e-06,4.8398889020973e-06,4.792007587184344e-06,2.062850057882315e-06,2.062850057882315e-06,2.0469695982683334e-06,2.037723106695921e-06,1.2728474985124194e-06,1.2728474985124194e-06,1.2728474985124194e-06,1.2728474985124194e-06,1.2728474985124194e-06,1.2728474985124194e-06,1.2728474985124194e-06,1.2728474985124194e-06,1.2728474985124194e-06
main/cec2022_F01_D10/CA/default/1,682.360255628663,25.237822465783324,0.7716717297313949,0.031070429789792797,0.00934695901531768,0.0023513412113516097,0.0008198912348689191,0.00026896183231883697,4.2898280355530005e-05,1.838209340121466e-05,5.296516519592842e-06,1.2615829518836108e-06,4.582874453262775e-07,3.7787799556099344e-08,1.1878682926180772e-08,8.677830010128673e-09,2.0034462977491785e-09,8.309939403261524e-10,2.107185537170153e-10,8.697043085703626e-11,4.89421836391557e-11,1.4495071809506044e-11,2.1032064978498966e-12,1.0231815394945443e-12,4.547473508864641e-13,5.684341886080802e-14,5.684341886080802e-14,0.0,0.0,0.0,0.0,0.0,0.0,0.0,0.0,0.0,0.0,0.0,0.0,0.0,0.0,0.0,0.0,0.0,0.0,0.0,0.0,0.0,0.0,0.0,0.0,0.0,0.0,0.0,0.0,0.0,0.0,0.0,0.0,0.0,0.0,0.0,0.0,0.0,0.0,0.0,0.0,0.0,0.0,0.0,0.0,0.0,0.0,0.0,0.0,0.0,0.0,0.0,0.0,0.0,0.0,0.0,0.0,0.0,0.0,0.0,0.0,0.0,0.0,0.0,0.0,0.0,0.0,0.0,0.0,0.0,0.0,0.0,0.0,0.0
main/cec2022_F01_D10/PSO/default/1,607.2094203277197,607.2094203277197,584.1353539798722,584.1353539798722,584.1353539798722,246.52940465111658,246.52940465111658,246.52940465111658,204.56919824210001,167.44446830369043,167.44446830369043,165.73747322994285,165.73747322994285,155.87548200359402,139.71764620893327,139.71764620893327,139.71764620893327,75.402082429198,74.23354755852984,74.23354755852984,67.51222366095726,37.277784916746725,37.277784916746725,31.67709931589161,12.747226112827036,12.747202888512732,8.665159727962418,8.665159727962418,7.591824152744721,0.6891183485523698,0.26873678621126373,0.09650829091737023,0.09400974940365359,0.07611461063282832,0.07073586371774354,0.01558506703565854,0.002662099600854617,0.002655764061159971,0.0003026335064078012,1.3475497155468474e-05,1.4792872775615251e-06,2.6768725547299255e-07,6.940439334357507e-08,6.9509837885561865e-09,2.1186679077800363e-09,2.2606627680943348e-10,1.858779796748422e-11,1.0800249583553523e-12,3.410605131648481e-13,5.684341886080802e-14,0.0,0.0,0.0,0.0,0.0,0.0,0.0,0.0,0.0,0.0,0.0,0.0,0.0,0.0,0.0,0.0,0.0,0.0,0.0,0.0,0.0,0.0,0.0,0.0,0.0,0.0,0.0,0.0,0.0,0.0,0.0,0.0,0.0,0.0,0.0,0.0,0.0,0.0,0.0,0.0,0.0,0.0,0.0,0.0,0.0,0.0,0.0,0.0,0.0,0.0
main/cec2022_F01_D10/GWO/default/1,7150.453257128392,5379.8109690366155,5379.8109690366155,5379.8109690366155,5131.673135860789,4606.134509658091,4606.134509658091,4606.134509658091,4552.886684663858,4552.886684663858,4552.886684663858,4024.168630515157,4024.168630515157,4024.168630515157,3843.353495572279,3843.353495572279,3843.353495572279,3843.353495572279,3843.353495572279,3843.353495572279,3843.353495572279,3843.353495572279,3843.353495572279,3843.353495572279,3843.353495572279,3631.6900668406065,3631.6900668406065,3631.6900668406065,3631.6900668406065,3631.6900668406065,3631.6900668406065,3631.6900668406065,3631.6900668406065,3631.6900668406065,3561.947643964145,3561.947643964145,3561.947643964145,3561.947643964145,3561.947643964145,3561.947643964145,3395.600362803972,3395.600362803972,3395.600362803972,3395.600362803972,3314.0817234168376,3303.6879844307855,3303.6879844307855,3303.6879844307855,3303.6879844307855,3303.6879844307855,3303.6879844307855,3303.6879844307855,3303.6879844307855,3303.6879844307855,3303.6879844307855,3303.6879844307855,3303.6879844307855,3303.6879844307855,3303.6879844307855,3303.6879844307855,3303.6879844307855,3303.6879844307855,3303.6879844307855,3303.6879844307855,3303.6879844307855,3303.6879844307855,3303.6879844307855,3303.6879844307855,3292.091180540559,3292.091180540559,3292.091180540559,3236.0753600574944,3236.0753600574944,3186.2570180693424,3186.2570180693424,3186.2570180693424,3186.2570180693424,3186.2570180693424,3186.2570180693424,3186.2570180693424,3186.2570180693424,3186.2570180693424,3186.2570180693424,3186.2570180693424,3178.7675874399465,3157.6729477041745,3157.6729477041745,3157.6729477041745,3155.194923518879,3155.194923518879,3155.194923518879,3155.194923518879,3148.6153284680536,3148.6153284680536,3148.6153284680536,3146.6924706152267,3145.8397007544486,3144.283331055901,3144.0516352201544,3143.7241433353547
main/cec2022_F01_D10/TFO/full/1,1464.0570536093128,636.2666045702097,407.68017476353407,356.8582363663087,140.22508880493024,34.30153137456017,34.28579557206086,21.444506189690856,12.174898765818057,6.4163235273296095,6.4163235273296095,3.9324316764041214,3.9324316764041214,3.9324316764041214,3.9324316764041214,3.7379275534096337,3.2610673051839285,3.2610673051839285,3.2610673051839285,3.253149030320685,3.253149030320685,3.240109264186799,3.240109264186799,1.913634299061414,1.913634299061414,1.913634299061414,1.913634299061414,1.913634299061414,1.913634299061414,1.8103119540921853,1.8103119540921853,1.8103119540921853,1.8103119540921853,1.8103119540921853,1.8103119540921853,1.8103119540921853,1.8090490442793907,1.6986612112743273,1.6342613565372517,1.5289246248473205,1.4029151513675515,0.6767321470676961,0.6577513792533409,0.6577513792533409,0.6448403072865858,0.6448403072865858,0.5091426136316386,0.5091426136316386,0.41912804567340345,0.3978769636759125,0.3408209446917567,0.3165605732951349,0.3165605732951349,0.2904857784799333,0.2904857784799333,0.2737497124820152,0.26890839962118207,0.26793021558512464,0.26793021558512464,0.26793021558512464,0.24938172225637345,0.24561989705983933,0.22557474771315356,0.20368031541767095,0.20339393936455963,0.08555541842798675,0.08555541842798675,0.0829549103606837,0.0829549103606837,0.0829549103606837,0.0829549103606837,0.0829549103606837,0.07772277542511574,0.07772277542511574,0.07772277542511574,0.07772277542511574,0.03562154356245628,0.027975315385788235,0.025227896053650056,0.025227896053650056,0.025227896053650056,0.025227896053650056,0.02005615581362008,0.02005615581362008,0.018669895263712988,0.018669895263712988,0.016036807881789628,0.016036807881789628,0.016036807881789628,0.016036807881789628,0.016036807881789628,0.016036807881789628,0.016036807881789628,0.016036807881789628,0.016036807881789628,0.016036807881789628,0.016036807881789628,0.008410294939722007,0.008410294939722007,0.007709206740003083
main/cec2022_F01_D10/TFO-static/static/1,1464.0570536093128,636.2666045702097,407.68017476353407,356.8582363663087,140.22508880493024,34.30153137456017,34.28579557206086,25.041810180108484,20.514623835089196,18.563623769598223,17.862000276061224,17.137745944563733,16.41043108308952,16.41043108308952,15.274333790226592,14.739859140102396,14.739859140102396,7.624622874199304,7.624622874199304,7.624622874199304,5.773809284412323,5.458739847474476,5.458739847474476,5.458739847474476,5.4490780098659,5.390742723850849,5.238051733370241,5.238051733370241,5.207679539255366,5.207679539255366,4.018129608779418,3.969622975486743,2.864536300829343,2.8199173072998747,2.6739600204105045,2.6326836179106863,2.3538280838733954,2.2736354744518508,2.2736354744518508,1.3819273874836995,1.258004921175086,1.234972708638793,0.7646078845781972,0.6831069218970924,0.6831069218970924,0.6831069218970924,0.6831069218970924,0.6831069218970924,0.5125100842184906,0.5101073814871597,0.5101073814871597,0.46486764115127244,0.23210145284514283,0.21757315511223396,0.1595869724215504,0.1595869724215504,0.1595869724215504,0.1458609118105869,0.1458609118105869,0.1456335297066289,0.1456335297066289,0.1456335297066289,0.14520989583792243,0.14058087641916472,0.14058087641916472,0.14058087641916472,0.13924233010089893,0.10930154424255534,0.10930154424255534,0.10797750926906247,0.09599559238853317,0.09599559238853317,0.09496815672059711,0.09496815672059711,0.07840639466036237,0.05906018836981275,0.05906018836981275,0.05043780805391407,0.05043780805391407,0.04480799717180162,0.023384195245739647,0.01772704528423219,0.017282700582768484,0.017282700582768484,0.017140938518252824,0.010895887648985081,0.010895887648985081,0.010895887648985081,0.01044684993678402,0.01044684993678402,0.01044684993678402,0.008689578744281334,0.008689578744281334,0.008689578744281334,0.008211442055653606,0.007671099936999326,0.007671099936999326,0.006682039931320105,0.006682039931320105,0.006682039931320105
main/cec2022_F01_D10/CMA-ES (IPOP)/default/1,8.161578080034815e-08,5.684341886080802e-14,5.684341886080802e-14,5.684341886080802e-14,5.684341886080802e-14,5.684341886080802e-14,5.684341886080802e-14,5.684341886080802e-14,0.0,0.0,0.0,0.0,0.0,0.0,0.0,0.0,0.0,0.0,0.0,0.0,0.0,0.0,0.0,0.0,0.0,0.0,0.0,0.0,0.0,0.0,0.0,0.0,0.0,0.0,0.0,0.0,0.0,0.0,0.0,0.0,0.0,0.0,0.0,0.0,0.0,0.0,0.0,0.0,0.0,0.0,0.0,0.0,0.0,0.0,0.0,0.0,0.0,0.0,0.0,0.0,0.0,0.0,0.0,0.0,0.0,0.0,0.0,0.0,0.0,0.0,0.0,0.0,0.0,0.0,0.0,0.0,0.0,0.0,0.0,0.0,0.0,0.0,0.0,0.0,0.0,0.0,0.0,0.0,0.0,0.0,0.0,0.0,0.0,0.0,0.0,0.0,0.0,0.0,0.0,0.0
main/cec2022_F01_D10/WOA/default/1,5214.699083906402,3381.180416766503,3091.787745323207,2806.8936543624295,2610.931296184025,2499.7440666748257,2460.5596740728247,2458.8189445251633,2442.9485719056574,2425.044573600785,2421.002740741828,1615.7678959041393,173.43498338968442,170.62976480027214,117.82389180450792,54.550780663849025,17.20397532022878,12.181299106893277,4.573759768881246,3.4699477826774228,2.1747645619439027,0.8896185604517655,0.35806944312838596,0.2330967495142886,0.15253811386588723,0.11039928215859618,0.06886602960895516,0.01835321815667612,0.007793002269295357,0.003015951923771354,0.0016614714571119293,0.0015426606212258775,0.0007816846584773884,0.0003759869017017081,8.461184035013503e-05,2.6648145137642132e-05,5.556746998536255e-06,2.005699059282051e-06,1.3070955446892185e-06,1.1035453439944831e-06,7.248348197208543e-07,6.167799710965483e-07,5.669178335665492e-07,4.707840162154753e-07,1.1929984111702652e-07,1.1835862778752926e-07,1.1418472922741785e-07,1.0880495437959325e-07,4.3661998461175244e-08,1.141421535066911e-08,8.382926353078801e-09,1.1788188203354366e-09,3.56180862581823e-10,1.6149215298355557e-10,8.645884008728899e-11,4.774847184307873e-11,4.757794158649631e-11,4.757794158649631e-11,4.757794158649631e-11,4.757794158649631e-11,4.757794158649631e-11,4.757794158649631e-11,4.757794158649631e-11,4.757794158649631e-11,4.757794158649631e-11,4.757794158649631e-11,4.757794158649631e-11,4.757794158649631e-11,4.757794158649631e-11,4.757794158649631e-11,4.757794158649631e-11,4.757794158649631e-11,4.757794158649631e-11,4.757794158649631e-11,4.757794158649631e-11,4.757794158649631e-11,4.757794158649631e-11,4.757794158649631e-11,4.757794158649631e-11,4.757794158649631e-11,4.757794158649631e-11,4.757794158649631e-11,4.757794158649631e-11,4.757794158649631e-11,4.757794158649631e-11,4.757794158649631e-11,4.757794158649631e-11,4.757794158649631e-11,4.757794158649631e-11,4.757794158649631e-11,4.757794158649631e-11,4.757794158649631e-11,4.757794158649631e-11,4.757794158649631e-11,4.757794158649631e-11,4.757794158649631e-11,4.757794158649631e-11,4.700950739788823e-11,4.700950739788823e-11,4.700950739788823e-11
main/cec2022_F01_D10/L-SHADE/default/1,4316.727269096231,2207.1411948472905,2207.1411948472905,1075.2902674123002,264.71445026043193,88.80029202502726,11.827978049032197,2.818214014697162,0.45286667093898814,0.0694004490949851,0.006521515575116155,0.0009294521349829665,0.00023208396925156194,3.832472839349066e-05,5.448228307614045e-06,3.25999451433745e-07,1.4311001450550975e-07,3.110920943072415e-08,3.3859350878628902e-09,4.971525413566269e-10,4.092726157978177e-11,1.0231815394945443e-11,9.663381206337363e-13,1.1368683772161603e-13,0.0,0.0,0.0,0.0,0.0,0.0,0.0,0.0,0.0,0.0,0.0,0.0,0.0,0.0,0.0,0.0,0.0,0.0,0.0,0.0,0.0,0.0,0.0,0.0,0.0,0.0,0.0,0.0,0.0,0.0,0.0,0.0,0.0,0.0,0.0,0.0,0.0,0.0,0.0,0.0,0.0,0.0,0.0,0.0,0.0,0.0,0.0,0.0,0.0,0.0,0.0,0.0,0.0,0.0,0.0,0.0,0.0,0.0,0.0,0.0,0.0,0.0,0.0,0.0,0.0,0.0,0.0,0.0,0.0,0.0,0.0,0.0,0.0,0.0,0.0,0.0
main/cec2022_F01_D10/TFO/full/2,4035.0584393545096,1846.0268791904855,595.3202118007966,192.43939736005035,143.55018145307622,124.99573060744632,83.62406510156927,28.279688730394014,17.377920289111614,16.845775561577284,13.89315198597967,13.89315198597967,12.856476633786883,12.856476633786883,10.424442998703626,10.418857538352484,8.901998527030912,8.901998527030912,8.901998527030912,6.237365067615372,6.1944330107003225,3.241151996619408,3.218964447585563,3.0671695370596126,3.0671695370596126,2.4496206537418743,2.42570665485016,1.14204207327424,0.957098815969573,0.7347648283340504,0.7074692877604889,0.4863573130342047,0.4633568674013304,0.46319858945082615,0.46319858945082615,0.46319858945082615,0.46319858945082615,0.4590771560092435,0.4129111201460205,0.4129111201460205,0.4129111201460205,0.4113341144386027,0.4021788655251157,0.37649856417687033,0.37649856417687033,0.37649856417687033,0.37649856417687033,0.36947094944417813,0.36947094944417813,0.36947094944417813,0.31539483464945306,0.31539483464945306,0.31539483464945306,0.2869177100040474,0.2869177100040474,0.2869177100040474,0.2869177100040474,0.2869177100040474,0.2869177100040474,0.2869177100040474,0.2869177100040474,0.240084654454904,0.240084654454904,0.240084654454904,0.23825643894110726,0.23825643894110726,0.23825643894110726,0.11294555965270092,0.11294555965270092,0.10361079988246047,0.10361079988246047,0.10329085710560548,0.09883121501223968,0.09883121501223968,0.09883121501223968,0.09883121501223968,0.09883121501223968,0.09883121501223968,0.09883121501223968,0.09883121501223968,0.09883121501223968,0.09298804914448056,0.07876401705453873,0.07876401705453873,0.0543714477309436,0.044002256695193864,0.044002256695193864,0.044002256695193864,0.04345881531503437,0.04345881531503437,0.04345881531503437,0.04345881531503437,0.0297022953223518,0.0297022953223518,0.0297022953223518,0.024538330844563916,0.024538330844563916,0.024538330844563916,0.024538330844563916,0.02453243311146025
main/cec2022_F01_D10/TFO-static/static/2,4035.0584393545096,1846.0268791904855,595.3202118007966,192.43939736005035,143.55018145307622,124.99573060744632,83.62406510156927,28.279688730394014,28.279688730394014,25.52826677888072,25.30800047581573,8.174985316398363,8.174985316398363,8.035475523790637,5.547728564232159,5.547728564232159,5.547728564232159,5.547728564232159,5.284382105938505,5.284382105938505,5.284382105938505,5.284382105938505,5.284382105938505,3.970021378139279,3.970021378139279,3.970021378139279,3.102387521215917,2.8607030048204933,2.8607030048204933,2.8607030048204933,2.76689407055909,2.70193207094826,2.70193207094826,2.70193207094826,2.689659687575727,1.7285114034023081,1.7160618686972953,1.7147995719018354,1.6621919682488624,1.3350276007273578,1.3350276007273578,1.3350276007273578,1.0843434208368308,1.0843434208368308,1.079471259466402,1.079471259466402,1.079471259466402,1.079471259466402,1.079471259466402,1.079471259466402,0.9861485854523266,0.9861485854523266,0.9861485854523266,0.9861485854523266,0.9861485854523266,0.9861485854523266,0.9861485854523266,0.7788831583541196,0.7788831583541196,0.7788831583541196,0.768739693087241,0.768739693087241,0.768739693087241,0.768739693087241,0.768739693087241,0.768739693087241,0.768739693087241,0.6302796621466769,0.6302796621466769,0.5262435238017247,0.4483253782201473,0.3528090669943822,0.3528090669943822,0.30588210892943835,0.2885378766951021,0.2885378766951021,0.1317629640543032,0.1317629640543032,0.1317629640543032,0.1317629640543032,0.1317629640543032,0.12062953679020438,0.12062953679020438,0.12062953679020438,0.09558609181232214,0.095490583155879,0.07113180034463085,0.07113180034463085,0.07113180034463085,0.07113180034463085,0.03869321803358616,0.03869321803358616,0.03869321803358616,0.03869321803358616,0.03869321803358616,0.03869321803358616,0.03465161879069001,0.03465161879069001,0.03465161879069001,0.010300342365724191
main/cec2022_F01_D10/GA/default/2,15.602340712462365,3.6763799782610818,0.5631114915286162,0.4461742379252769,0.0725083726119351,0.030796517585031324,0.021262722969254355,0.012557228119362662,0.007385201439547018,0.007385201439547018,0.007385201439547018,0.004762819936274809,0.004689266015873272,0.004689266015873272,0.0024000802143291367,0.0022935398494041692,0.0018234748081340513,0.0018234748081340513,0.0018234748081340513,0.001312084111987133,0.001301014873092754,0.001301014873092754,0.0012999679942140574,0.0012999679942140574,0.0012999679942140574,0.001153915024701746,0.0010877410512648567,0.0010205734140527056,0.0010127374984563176,0.0010127374984563176,0.0008155981721529315,0.0007702467987655837,0.0007702467987655837,0.0007702467987655837,0.0006972304649366379,0.0006933298251965425,0.0006530203945658286,0.0006530203945658286,0.0006530203945658286,0.000600843055678979,0.0004903272285901039,0.0004903272285901039,0.00025475018003362493,0.00023448614211929453,6.208634840731975e-05,6.208634840731975e-05,5.01456627830521e-05,5.01456627830521e-05,4.548127736825336e-05,4.548127736825336e-05,4.548127736825336e-05,4.548127736825336e-05,4.548127736825336e-05,4.548127736825336e-05,4.548127736825336e-05,3.060360745621438e-05,3.060360745621438e-05,3.060360745621438e-05,3.060360745621438e-05,3.060360745621438e-05,3.0528782474448235e-05,3.0528782474448235e-05,2.1740888314525364e-05,2.1740888314525364e-05,2.1740888314525364e-05,2.1740888314525364e-05,2.1740888314525364e-05,1.977717113277322e-05,1.5114524217096914e-05,1.5114524217096914e-05,1.5114524217096914e-05,1.5114524217096914e-05,1.5114524217096914e-05,1.5114524217096914e-05,1.5114524217096914e-05,1.5114524217096914e-05,1.5114524217096914e-05,1.5114524217096914e-05,1.3226835903878964e-05,1.0814394272529171e-05,1.0814394272529171e-05,1.0814394272529171e-05,1.08024083260716e-05,1.08024083260716e-05,9.786910993625497e-06,9.786910993625497e-06,9.786910993625497e-06,6.286304312652646e-06,6.286304312652646e-06,6.286304312652646e-06,6.286304312652646e-06,6.286304312652646e-06,6.286304312652646e-06,6.286304312652646e-06,6.286304312652646e-06,6.286304312652646e-06,4.867450115852989e-06,4.867450115852989e-06,4.867450115852989e-06,4.867450115852989e-06
main/cec2022_F01_D10/PSO/default/2,809.2369659498677,568.6106214492777,568.6106214492777,548.7292342171214,220.9578798924448,163.99715734497863,152.21363055167467,136.2204824838467,136.2204824838467,136.2204824838467,81.94441095276875,81.94441095276875,81.94441095276875,65.66601805332414,56.77142055605407,56.77142055605407,56.77142055605407,52.69502451552802,28.497607190293422,24.54625170479568,22.557975403062244,22.553190038241212,9.010194943536135,5.394935120555033,5.3217840518096295,2.7744386451587957,1.9391976906327386,1.7148753655467885,0.8305098840183405,0.7024182086383917,0.2078712491803003,0.13626635268843756,0.027781172477659766,0.01104253989319659,0.010822573351674691,0.0033789058067554834,0.0021874945365425447,0.00016003354295435201,3.634682445863291e-05,1.6007107262794307e-05,2.129832864739001e-06,8.834481377562042e-07,1.0571193342912011e-07,1.0425992513773963e-08,1.2848317965108436e-09,1.3079670679871924e-10,3.296918293926865e-12,5.115907697472721e-13,5.684341886080802e-14,5.684341886080802e-14,0.0,0.0,0.0,0.0,0.0,0.0,0.0,0.0,0.0,0.0,0.0,0.0,0.0,0.0,0.0,0.0,0.0,0.0,0.0,0.0,0.0,0.0,0.0,0.0,0.0,0.0,0.0,0.0,0.0,0.0,0.0,0.0,0.0,0.0,0.0,0.0,0.0,0.0,0.0,0.0,0.0,0.0,0.0,0.0,0.0,0.0,0.0,0.0,0.0,0.0
main/cec2022_F01_D10/CA/default/2,483.6420769047626,7.600966839160776,0.4720528812384259,0.02115756677920899,0.002813322724648515,0.0007020167644782305,0.0002562446608180835,9.999649722658432e-05,1.907646873178237e-05,4.160951618814579e-06,1.711334164156142e-06,5.436934316094266e-07,2.088106043629523e-07,4.8943093133857474e-08,1.2852410691266414e-08,6.316952294582734e-09,2.120259523508139e-09,5.031779437558725e-10,2.561364453868009e-10,7.537437340943143e-11,1.2960299500264227e-11,3.183231456205249e-12,1.8758328224066645e-12,5.115907697472721e-13,2.2737367544323206e-13,5.684341886080802e-14,0.0,0.0,0.0,0.0,0.0,0.0,0.0,0.0,0.0,0.0,0.0,0.0,0.0,0.0,0.0,0.0,0.0,0.0,0.0,0.0,0.0,0.0,0.0,0.0,0.0,0.0,0.0,0.0,0.0,0.0,0.0,0.0,0.0,0.0,0.0,0.0,0.0,0.0,0.0,0.0,0.0,0.0,0.0,0.0,0.0,0.0,0.0,0.0,0.0,0.0,0.0,0.0,0.0,0.0,0.0,0.0,0.0,0.0,0.0,0.0,0.0,0.0,0.0,0.0,0.0,0.0,0.0,0.0,0.0,0.0,0.0,0.0,0.0,0.0
main/cec2022_F01_D10/GWO/default/2,3609.3060993821823,3609.3060993821823,3609.3060993821823,2558.8972241867164,2249.3404360386385,1590.8361733483293,1590.8361733483293,1590.8361733483293,1126.2480345938166,1126.2480345938166,1126.2480345938166,1126.2480345938166,1126.2480345938166,1126.2480345938166,962.4157419280195,962.4157419280195,962.4157419280195,962.4157419280195,962.4157419280195,962.4157419280195,962.4157419280195,962.4157419280195,962.4157419280195,962.4157419280195,962.4157419280195,962.4157419280195,962.4157419280195,586.3623590552659,483.5960366952763,483.5960366952763,483.5960366952763,483.5960366952763,483.5960366952763,483.5960366952763,483.5960366952763,483.5960366952763,483.5960366952763,483.5960366952763,483.5960366952763,483.5960366952763,483.5960366952763,483.5960366952763,483.5960366952763,483.5960366952763,483.5960366952763,483.5960366952763,483.5960366952763,483.5960366952763,483.5960366952763,408.28672413205936,408.28672413205936,408.28672413205936,408.28672413205936,408.28672413205936,408.28672413205936,309.226877275335,309.226877275335,276.7725578343533,276.7725578343533,266.5766242741331,266.5766242741331,213.1925302674348,196.37023003837106,163.28381319548407,158.5414138496031,47.63642148650996,47.63642148650996,47.63642148650996,47.63642148650996,47.63642148650996,47.63642148650996,47.63642148650996,47.63642148650996,47.63642148650996,47.63642148650996,47.63642148650996,47.63642148650996,47.63642148650996,36.8767532557186,36.8767532557186,36.8767532557186,36.8767532557186,36.604456547543066,36.604456547543066,36.604456547543066,36.604456547543066,36.604456547543066,19.278213205917154,19.278213205917154,9.348624131095448,9.348624131095448,7.035764776760516,7.035764776760516,6.346588485552161,3.0910169440002164,3.0910169440002164,1.7527635533081707,0.39683163583367786,0.15513459522139783,0.00038119882452747333
main/cec2022_F01_D10/CMA-ES (IPOP)/default/2,0.0012710716633819175,0.0,0.0,0.0,0.0,0.0,0.0,0.0,0.0,0.0,0.0,0.0,0.0,0.0,0.0,0.0,0.0,0.0,0.0,0.0,0.0,0.0,0.0,0.0,0.0,0.0,0.0,0.0,0.0,0.0,0.0,0.0,0.0,0.0,0.0,0.0,0.0,0.0,0.0,0.0,0.0,0.0,0.0,0.0,0.0,0.0,0.0,0.0,0.0,0.0,0.0,0.0,0.0,0.0,0.0,0.0,0.0,0.0,0.0,0.0,0.0,0.0,0.0,0.0,0.0,0.0,0.0,0.0,0.0,0.0,0.0,0.0,0.0,0.0,0.0,0.0,0.0,0.0,0.0,0.0,0.0,0.0,0.0,0.0,0.0,0.0,0.0,0.0,0.0,0.0,0.0,0.0,0.0,0.0,0.0,0.0,0.0,0.0,0.0,0.0
main/cec2022_F01_D10/TFO/full/3,3291.800613912889,2853.3704063125683,1364.3693636363694,357.1478597937605,238.7114916728318,137.91964936322245,108.2797738914033,74.99109430960766,67.12544279325152,42.898430620182694,26.060494416689096,14.839614104167993,11.404127861640347,9.744161745638905,8.024941027871705,5.7972257089305685,4.593826654122893,4.444296816763256,3.2335380767948436,3.2335380767948436,2.6473027434918777,2.6473027434918777,2.6473027434918777,2.4473239695247457,2.2043017706130286,2.2043017706130286,2.2043017706130286,1.373380964838077,1.3201842065047913,1.3140760103052003,1.1315391264648724,0.6015208874472364,0.6015208874472364,0.6015208874472364,0.40898022542603485,0.40898022542603485,0.2831547461214541,0.2831547461214541,0.2809426772882375,0.2809426772882375,0.2809426772882375,0.2809426772882375,0.2809426772882375,0.2806767633517211,0.2806767633517211,0.2806767633517211,0.2806767633517211,0.1585458500369441,0.1585458500369441,0.1585458500369441,0.1585458500369441,0.1585458500369441,0.1585458500369441,0.1585458500369441,0.1585458500369441,0.1585458500369441,0.1585458500369441,0.1585458500369441,0.1528706742662962,0.1528706742662962,0.1528706742662962,0.1528706742662962,0.1528706742662962,0.12433006969922644,0.12275527289057209,0.11283136822675033,0.11283136822675033,0.11283136822675033,0.11283136822675033,0.11283136822675033,0.11283136822675033,0.11283136822675033,0.11283136822675033,0.11283136822675033,0.11283136822675033,0.11283136822675033,0.11283136822675033,0.11283136822675033,0.11283136822675033,0.11046078706067419,0.11046078706067419,0.11046078706067419,0.11044891889724795,0.11044891889724795,0.11044891889724795,0.11044891889724795,0.09863433027408064,0.09863433027408064,0.09863433027408064,0.09863433027408064,0.0985677634168951,0.0985677634168951,0.05894482416795199,0.05752794149481133,0.0498155293137188,0.0498155293137188,0.0498155293137188,0.0498155293137188,0.0498155293137188,0.0498155293137188
main/cec2022_F01_D10/WOA/default/2,23481.590581789347,18011.857319465227,16813.791057704708,15915.239349903011,13607.136219012778,13121.596661737458,11402.364226234356,8888.663640165321,7878.331672771501,7201.415064688055,6914.1758481366405,5958.460437459709,5680.9722960640465,5413.714819483506,3917.45433162689,2993.9384450959665,2718.8278427519867,2542.3059853663513,2509.972928597162,2452.6707575221144,2400.2487021372544,2396.1054436550717,2383.6634833909125,2369.6459132514537,2356.999065894708,2346.544251985364,1644.9903672325802,437.08229754211163,415.0435403005895,311.2675995277036,150.6829855838826,93.5186710809333,57.79774534410268,36.4851865741756,7.013526460434832,2.89625049357295,1.8613382451422353,1.2819873651093872,0.1547684592115388,0.069577071597962,0.03300539897043109,0.008714440760570596,0.007342560727579439,0.006451175170298029,0.0007780097187719548,0.0003562252572919533,0.00019709127968781104,9.256429450488213e-05,6.215931193764845e-05,5.292411964319399e-05,3.061124283476602e-05,8.525109251422691e-06,1.947441489846824e-06,1.3616819387607393e-06,6.934086513865623e-07,2.3811304572518566e-07,1.7928732631844468e-07,1.0328568578188424e-07,5.640782774207764e-08,4.609239567798795e-08,3.8705991300957976e-08,2.4248265617643483e-08,1.443919472876587e-08,7.694666237512138e-09,4.7241428546840325e-09,4.578680545819225e-09,4.487731075641932e-09,4.487674232223071e-09,4.487674232223071e-09,4.487674232223071e-09,4.487674232223071e-09,4.487674232223071e-09,4.487674232223071e-09,4.4547050492838025e-09,4.4547050492838025e-09,4.4547050492838025e-09,4.4547050492838025e-09,4.4547050492838025e-09,4.4547050492838025e-09,4.4547050492838025e-09,4.4547050492838025e-09,4.4547050492838025e-09,4.4547050492838025e-09,4.4547050492838025e-09,4.4547050492838025e-09,4.4547050492838025e-09,4.4547050492838025e-09,4.4547050492838025e-09,4.4547050492838025e-09,4.4547050492838025e-09,4.4547050492838025e-09,4.4547050492838025e-09,4.4547050492838025e-09,4.4547050492838025e-09,4.4547050492838025e-09,4.4547050492838025e-09,4.4547050492838025e-09,4.4547050492838025e-09,4.4547050492838025e-09,4.4547050492838025e-09
main/cec2022_F01_D10/CA/default/3,1515.3969115604268,8.517682729875617,0.31649738103567415,0.020012135226465944,0.005414498464404005,0.002190231173585744,0.0004921698767361704,6.904472735413947e-05,2.1963891526866064e-05,6.207656724654953e-06,2.6382429041404976e-06,7.613325010424887e-07,1.593111846887041e-07,4.98212671118381e-08,2.8783631478290772e-08,5.929280177952023e-09,1.5975274436641484e-09,2.9098146114847623e-10,1.7206502889166586e-10,6.912159733474255e-11,1.0345502232667059e-11,2.4442670110147446e-12,8.526512829121202e-13,2.8421709430404007e-13,5.684341886080802e-14,0.0,0.0,0.0,0.0,0.0,0.0,0.0,0.0,0.0,0.0,0.0,0.0,0.0,0.0,0.0,0.0,0.0,0.0,0.0,0.0,0.0,0.0,0.0,0.0,0.0,0.0,0.0,0.0,0.0,0.0,0.0,0.0,0.0,0.0,0.0,0.0,0.0,0.0,0.0,0.0,0.0,0.0,0.0,0.0,0.0,0.0,0.0,0.0,0.0,0.0,0.0,0.0,0.0,0.0,0.0,0.0,0.0,0.0,0.0,0.0,0.0,0.0,0.0,0.0,0.0,0.0,0.0,0.0,0.0,0.0,0.0,0.0,0.0,0.0,0.0
main/cec2022_F01_D10/L-SHADE/default/2,5480.228451756743,5134.423060193679,2732.6187524593593,780.4220106365119,225.97782539722334,60.95723028506745,12.017834854080434,1.551708689739371,0.41083603125321133,0.05675591462374996,0.0047064348160006375,0.001419789892395329,0.0001884314598896708,4.316293183137532e-05,4.212098247080576e-06,5.251504262560047e-07,9.733349770613131e-08,1.0394671789981658e-08,1.4269403436628636e-09,3.8687630876665935e-10,5.962874638498761e-11,1.375610736431554e-11,1.5347723092418164e-12,1.7053025658242404e-13,5.684341886080802e-14,0.0,0.0,0.0,0.0,0.0,0.0,0.0,0.0,0.0,0.0,0.0,0.0,0.0,0.0,0.0,0.0,0.0,0.0,0.0,0.0,0.0,0.0,0.0,0.0,0.0,0.0,0.0,0.0,0.0,0.0,0.0,0.0,0.0,0.0,0.0,0.0,0.0,0.0,0.0,0.0,0.0,0.0,0.0,0.0,0.0,0.0,0.0,0.0,0.0,0.0,0.0,0.0,0.0,0.0,0.0,0.0,0.0,0.0,0.0,0.0,0.0,0.0,0.0,0.0,0.0,0.0,0.0,0.0,0.0,0.0,0.0,0.0,0.0,0.0,0.0
main/cec2022_F01_D10/PSO/default/3,596.8126033399003,501.65917939739575,501.65917939739575,501.65917939739575,460.5428543591729,414.36416598821256,414.36416598821256,289.1799223321585,289.1799223321585,234.78694111581365,138.21284441599153,138.21284441599153,127.83813585922195,85.98863668418323,59.25511352506578,59.140572804058536,59.140572804058536,59.140572804058536,34.26038016491009,31.78082359504873,31.6580296184967,31.583448766682523,16.5653658491633,8.327310641122665,4.747790571518067,4.747790571518067,4.747790571518067,3.747593191623082,3.418474739851831,0.7140950636031675,0.32983847172209835,0.2887627112113478,0.10850119049240448,0.07446199856696012,0.0486099844082446,0.013987554096956956,0.005120812658788054,0.004540749862769644,0.0015395934317439242,0.00011444313349784352,9.546734361265408e-06,1.918129441946803e-06,4.823094172934361e-07,6.844527433713665e-08,2.551081479396089e-08,2.8630324777623173e-09,2.0907009457005188e-10,2.5409008230781183e-11,2.2168933355715126e-12,5.684341886080802e-14,0.0,0.0,0.0,0.0,0.0,0.0,0.0,0.0,0.0,0.0,0.0,0.0,0.0,0.0,0.0,0.0,0.0,0.0,0.0,0.0,0.0,0.0,0.0,0.0,0.0,0.0,0.0,0.0,0.0,0.0,0.0,0.0,0.0,0.0,0.0,0.0,0.0,0.0,0.0,0.0,0.0,0.0,0.0,0.0,0.0,0.0,0.0,0.0,0.0,0.0
main/cec2022_F01_D10/GWO/default/3,2468.1258160591797,1984.4346027292436,1984.4346027292436,1984.4346027292436,1851.184290702311,1851.184290702311,1851.184290702311,1851.184290702311,1045.5852813568688,1045.5852813568688,1045.5852813568688,1045.5852813568688,1045.5852813568688,1045.5852813568688,1045.5852813568688,1045.5852813568688,1045.5852813568688,1045.5852813568688,1045.5852813568688,1045.5852813568688,327.11409589037135,327.11409589037135,327.11409589037135,327.11409589037135,327.11409589037135,327.11409589037135,327.11409589037135,327.11409589037135,327.11409589037135,327.11409589037135,327.11409589037135,327.11409589037135,327.11409589037135,327.11409589037135,327.11409589037135,327.11409589037135,327.11409589037135,327.11409589037135,327.11409589037135,255.15304077166786,255.15304077166786,255.15304077166786,255.15304077166786,255.15304077166786,255.15304077166786,255.15304077166786,255.15304077166786,255.15304077166786,255.15304077166786,255.15304077166786,255.15304077166786,255.15304077166786,255.15304077166786,255.15304077166786,234.42236839252473,234.42236839252473,234.42236839252473,234.42236839252473,234.42236839252473,234.42236839252473,234.42236839252473,179.09353552397647,179.09353552397647,153.88810304025014,153.88810304025014,153.88810304025014,153.88810304025014,140.88999994552853,140.88999994552853,113.30268824362702,61.85525147493297,61.85525147493297,61.85525147493297,61.85525147493297,61.85525147493297,39.045734419013456,39.045734419013456,39.045734419013456,33.37957379573447,33.14095003595884,33.14095003595884,33.14095003595884,33.14095003595884,26.994494589895112,26.994494589895112,20.979656718709634,20.979656718709634,18.241872311401778,18.241872311401778,18.241872311401778,16.37136731843924,16.37136731843924,9.661575630771097,8.600222134402486,3.5778472862240847,3.5778472862240847,2.0191974755877595,0.8426049086120315,0.28807131082248816,0.0007547123981908044
main/cec2022_F01_D10/TFO-static/static/3,3291.800613912889,2853.3704063125683,1364.3693636363694,357.1478597937605,238.7114916728318,137.91964936322245,108.2797738914033,74.99109430960766,68.05989773677732,44.2201185625205,44.2201185625205,40.63743278662997,37.25157432839592,36.83109265522012,36.83109265522012,31.537752680561596,26.398270190971516,26.373081113409626,21.84979750333099,16.101146197140793,15.362009297653515,15.362009297653515,14.777374235066077,14.777374235066077,5.467452095153135,5.137790960310781,4.893610048747632,4.660495275932249,4.489477369600934,3.4016099893786986,3.1557099704333496,3.1557099704333496,2.576918179612335,2.103794395001785,1.9413607488992284,1.227565648985717,1.227565648985717,1.227565648985717,1.227565648985717,1.1486423988087608,1.0329171576017302,1.0329171576017302,0.9353342578202728,0.9353342578202728,0.9353342578202728,0.9353342578202728,0.9353342578202728,0.7673098800285061,0.7673098800285061,0.7673098800285061,0.7673098800285061,0.7531742054503638,0.7531742054503638,0.7531742054503638,0.7531742054503638,0.5940872434997004,0.5858721703933156,0.5858721703933156,0.5858721703933156,0.5858721703933156,0.5858721703933156,0.5858721703933156,0.5858721703933156,0.5858721703933156,0.5858721703933156,0.5858721703933156,0.5858721703933156,0.5324969628013605,0.5324969628013605,0.5316055408904958,0.5316055408904958,0.33056092969985684,0.29162343352828657,0.29162343352828657,0.28302185964440696,0.28192434749684026,0.28192434749684026,0.28192434749684026,0.23473276358362227,0.23473276358362227,0.23473276358362227,0.23473276358362227,0.23473276358362227,0.22527747679833965,0.22527747679833965,0.22527747679833965,0.22527747679833965,0.22527747679833965,0.22527747679833965,0.22132350033888315,0.22132350033888315,0.22132350033888315,0.18679637161147866,0.18679637161147866,0.18679637161147866,0.18679637161147866,0.17346488789360137,0.17346488789360137,0.17346488789360137,0.0365663207459761
main/cec2022_F01_D10/GA/default/3,55.67689064468942,4.327324236667721,0.8784650145733508,0.2325944811819909,0.09277780631691712,0.06413064829058612,0.03093197060672992,0.028176134572220235,0.02535504360099594,0.013316582485742856,0.004951953291083555,0.004951953291083555,0.004951953291083555,0.0035080835625649343,0.0014113675956650695,0.0009231441717929556,0.0009231441717929556,0.0009231441717929556,0.0009231441717929556,0.0006507529454324867,0.0004372130593424117,0.0004372130593424117,0.0004372130593424117,0.0004372130593424117,0.0004167361115037238,0.0004167361115037238,0.00033204240202167057,0.00027079690056552863,0.0002703034787714387,0.0002663910174760531,0.0002663910174760531,0.00023585430443517907,0.00023585430443517907,0.00010613492355560084,0.00010526228913931845,8.291595020182285e-05,8.291595020182285e-05,8.291595020182285e-05,8.236495966684743e-05,8.236495966684743e-05,8.236495966684743e-05,7.46899527257483e-05,5.90671556324196e-05,5.90671556324196e-05,5.90671556324196e-05,5.90671556324196e-05,5.90671556324196e-05,2.883570607536967e-05,2.134021940491948e-05,2.134021940491948e-05,6.113204619850876e-06,6.113204619850876e-06,6.113204619850876e-06,6.113204619850876e-06,6.113204619850876e-06,5.829261965573096e-06,5.829261965573096e-06,5.829261965573096e-06,5.829261965573096e-06,5.829261965573096e-06,3.270140723543591e-06,2.862246105905797e-06,1.887784719656338e-06,1.887784719656338e-06,1.1142620905957301e-06,1.1142620905957301e-06,1.1142620905957301e-06,1.1142620905957301e-06,1.1142620905957301e-06,1.1142620905957301e-06,1.1142620905957301e-06,1.1142620905957301e-06,1.1142620905957301e-06,1.1142620905957301e-06,1.1142620905957301e-06,1.1142620905957301e-06,1.1142620905957301e-06,1.1142620905957301e-06,1.1142620905957301e-06,3.934155756724067e-07,3.934155756724067e-07,3.934155756724067e-07,3.934155756724067e-07,3.8801903201601817e-07,3.8801903201601817e-07,3.8801903201601817e-07,3.8801903201601817e-07,3.8801903201601817e-07,3.8801903201601817e-07,3.8801903201601817e-07,3.8801903201601817e-07,3.8801903201601817e-07,3.8801903201601817e-07,3.8801903201601817e-07,3.8801903201601817e-07,3.8801903201601817e-07,3.8801903201601817e-07,3.8801903201601817e-07,3.8801903201601817e-07,3.8801903201601817e-07
main/cec2022_F01_D10/CMA-ES (IPOP)/default/3,0.0005017059152123693,5.684341886080802e-14,5.684341886080802e-14,5.684341886080802e-14,5.684341886080802e-14,5.684341886080802e-14,5.684341886080802e-14,5.684341886080802e-14,5.684341886080802e-14,5.684341886080802e-14,5.684341886080802e-14,5.684341886080802e-14,5.684341886080802e-14,5.684341886080802e-14,5.684341886080802e-14,5.684341886080802e-14,0.0,0.0,0.0,0.0,0.0,0.0,0.0,0.0,0.0,0.0,0.0,0.0,0.0,0.0,0.0,0.0,0.0,0.0,0.0,0.0,0.0,0.0,0.0,0.0,0.0,0.0,0.0,0.0,0.0,0.0,0.0,0.0,0.0,0.0,0.0,0.0,0.0,0.0,0.0,0.0,0.0,0.0,0.0,0.0,0.0,0.0,0.0,0.0,0.0,0.0,0.0,0.0,0.0,0.0,0.0,0.0,0.0,0.0,0.0,0.0,0.0,0.0,0.0,0.0,0.0,0.0,0.0,0.0,0.0,0.0,0.0,0.0,0.0,0.0,0.0,0.0,0.0,0.0,0.0,0.0,0.0,0.0,0.0,0.0
main/cec2022_F01_D10/TFO/full/4,4474.010935138826,1459.8250321006701,243.7460404416655,178.70204170102858,129.90468095309814,50.68993175347862,26.50289994732833,16.72848017507897,9.713383554823963,9.713383554823963,7.004215864171897,6.177524449307327,3.428572249881938,2.860630500119896,2.799838141989369,2.286993558679967,2.286993558679967,2.26572543137155,1.764708317759812,1.764708317759812,1.3820222119567234,1.3820222119567234,1.3261879431897796,1.3261879431897796,1.3261879431897796,1.3261879431897796,1.3261879431897796,1.3261879431897796,1.0385374052244174,1.0385374052244174,1.0385374052244174,0.828087320256941,0.828087320256941,0.828087320256941,0.828087320256941,0.828087320256941,0.8204973438900538,0.8204973438900538,0.8204973438900538,0.556790034461244,0.47667624582737744,0.47667624582737744,0.47667624582737744,0.47667624582737744,0.47667624582737744,0.47667624582737744,0.47667624582737744,0.47667624582737744,0.47667624582737744,0.47667624582737744,0.47667624582737744,0.3775351090735626,0.37436017736797567,0.25951495110706446,0.22069561510170388,0.22069561510170388,0.21497530485720517,0.15712293175295144,0.15712293175295144,0.10540690803094321,0.10532401141540504,0.05464209121203112,0.05464209121203112,0.05464209121203112,0.05464209121203112,0.052411667666888206,0.052411667666888206,0.042943235911707234,0.042943235911707234,0.042943235911707234,0.042943235911707234,0.042943235911707234,0.04100365398960548,0.031165927692882178,0.031165927692882178,0.031165927692882178,0.031165927692882178,0.019183843442704074,0.011399856050104518,0.011399856050104518,0.011399856050104518,0.01000691221059924,0.009982918762716508,0.009982918762716508,0.009878886673845955,0.009690211519625791,0.009690211519625791,0.009690211519625791,0.009690211519625791,0.009690211519625791,0.009690211519625791,0.005161174422426029,0.005161174422426029,0.005161174422426029,0.00363412833013399,0.0023150653990455794,0.0023150653990455794,0.0023150653990455794,0.0023150653990455794,0.0023150653990455794
main/cec2022_F01_D10/CA/default/4,442.9320749571739,7.758343500011108,0.2418008360388626,0.01215811484820506,0.0022845837334557473,0.0005152633126499495,0.00013327952513009222,4.164359603464618e-05,6.611793935462629e-06,1.3758667023466842e-06,4.3343027300579706e-07,1.3630773310069344e-07,2.832837253663456e-08,1.2199450338812312e-08,3.6466190067585558e-09,1.2147438610554673e-09,2.6074076231452636e-10,1.213606992678251e-10,5.121592039358802e-11,2.609112925711088e-11,1.3983481039758772e-11,5.002220859751105e-12,2.5579538487363607e-12,1.3073986337985843e-12,5.115907697472721e-13,5.684341886080802e-14,0.0,0.0,0.0,0.0,0.0,0.0,0.0,0.0,0.0,0.0,0.0,0.0,0.0,0.0,0.0,0.0,0.0,0.0,0.0,0.0,0.0,0.0,0.0,0.0,0.0,0.0,0.0,0.0,0.0,0.0,0.0,0.0,0.0,0.0,0.0,0.0,0.0,0.0,0.0,0.0,0.0,0.0,0.0,0.0,0.0,0.0,0.0,0.0,0.0,0.0,0.0,0.0,0.0,0.0,0.0,0.0,0.0,0.0,0.0,0.0,0.0,0.0,0.0,0.0,0.0,0.0,0.0,0.0,0.0,0.0,0.0,0.0,0.0,0.0
main/cec2022_F01_D10/L-SHADE/default/3,5664.616805383892,2423.113526471964,1947.1386183711165,516.4336979481568,240.66545786064466,46.701921959507104,9.017858246164508,1.091581195186734,0.23303432208103914,0.05997547318628449,0.00925391927006558,0.0014121738695394015,0.0003806797450920385,3.555321552539681e-05,5.190880187910807e-06,1.3621724406220892e-06,1.8256542944072862e-07,1.9732112832571147e-08,3.065338205487933e-09,7.97342636360554e-10,1.1948486644541845e-10,1.6996182239381596e-11,1.1937117960769683e-12,2.8421709430404007e-13,0.0,0.0,0.0,0.0,0.0,0.0,0.0,0.0,0.0,0.0,0.0,0.0,0.0,0.0,0.0,0.0,0.0,0.0,0.0,0.0,0.0,0.0,0.0,0.0,0.0,0.0,0.0,0.0,0.0,0.0,0.0,0.0,0.0,0.0,0.0,0.0,0.0,0.0,0.0,0.0,0.0,0.0,0.0,0.0,0.0,0.0,0.0,0.0,0.0,0.0,0.0,0.0,0.0,0.0,0.0,0.0,0.0,0.0,0.0,0.0,0.0,0.0,0.0,0.0,0.0,0.0,0.0,0.0,0.0,0.0,0.0,0.0,0.0,0.0,0.0,0.0
main/cec2022_F01_D10/WOA/default/3,19738.266223917493,12335.383727167911,5531.186582197065,3876.4897132014703,3314.1894560577807,2487.087444354294,2170.3965728502812,1914.6109658846217,1780.872344872524,1590.6755606639056,1282.3792061633148,1237.8704916307397,1218.554197728117,1215.3979843184989,1213.6104606678425,1213.4795665843542,1212.2576321851566,1200.4157888589798,1147.6204646555648,1133.5612169063108,1105.1753563185277,6.940703654318668,2.4427143982188113,0.901684927557028,0.2326134801654689,0.08988824285711416,0.039867690715084336,0.016630916854524003,0.00489851593658841,0.003430847892730071,0.00037577023488211125,0.00011666104012419964,6.380543857176235e-05,4.84475456232758e-05,1.0618012822760647e-05,4.774712579092011e-06,1.1517137750161055e-06,7.295419095498801e-07,6.608221383430646e-07,4.046614208164101e-07,2.4149841237885994e-07,2.1648401116181049e-07,1.885300093817932e-07,1.8044664784611086e-07,1.7153280396087212e-07,8.600909495726228e-08,3.4537777082732646e-08,1.976462726815953e-08,1.825839035518584e-08,1.6156150195456576e-08,1.503303792560473e-08,9.050381777342409e-09,7.98110022515175e-09,7.965866188897053e-09,7.965866188897053e-09,7.965866188897053e-09,7.965866188897053e-09,7.965866188897053e-09,7.965866188897053e-09,7.064841156534385e-09,6.55870735499775e-09,6.218613179953536e-09,4.784055818163324e-09,3.991544872405939e-09,2.25611529458547e-10,1.348325895378366e-10,1.318767317570746e-10,1.318767317570746e-10,1.318767317570746e-10,1.318767317570746e-10,1.318767317570746e-10,1.318767317570746e-10,1.318767317570746e-10,1.318767317570746e-10,1.318767317570746e-10,1.318767317570746e-10,1.318767317570746e-10,1.318767317570746e-10,1.318767317570746e-10,1.318767317570746e-10,1.318767317570746e-10,1.318767317570746e-10,1.318767317570746e-10,1.318767317570746e-10,1.318767317570746e-10,1.3136514098732732e-10,1.0123812899109907e-10,9.833911462919787e-11,9.833911462919787e-11,9.833911462919787e-11,9.833911462919787e-11,9.833911462919787e-11,9.833911462919787e-11,9.833911462919787e-11,9.833911462919787e-11,9.833911462919787e-11,9.833911462919787e-11,8.662937034387141e-11,5.832134775118902e-11,4.956746124662459e-11
main/cec2022_F01_D10/TFO-static/static/4,4474.010935138826,1459.8250321006701,243.7460404416655,178.70204170102858,129.90468095309814,87.83780795917494,79.69542380697317,64.07516844769282,58.95362748859594,50.6686084479216,39.74283220341334,27.56489211640354,22.621820629435547,18.941419774493795,18.941419774493795,13.27611438980108,8.118868078942285,8.118868078942285,7.456962354897428,6.641518938848947,6.641518938848947,5.867112594786249,5.743871661474316,5.625726817462635,5.562397550529624,5.562397550529624,3.694547080602547,3.4726982543785994,2.995331029829515,2.995331029829515,2.7735277367289655,2.7735277367289655,2.7735277367289655,2.750015729196832,0.897014197380031,0.6497089550749138,0.5046149794081884,0.4575881250125917,0.42625571676438767,0.42625571676438767,0.42625571676438767,0.34420430520248146,0.34420430520248146,0.34420430520248146,0.33915226239304275,0.303277566561178,0.303277566561178,0.303277566561178,0.303277566561178,0.303277566561178,0.303277566561178,0.21792664393467476,0.14150968122157792,0.1360465294761184,0.1360465294761184,0.12827014223961442,0.12827014223961442,0.12827014223961442,0.12827014223961442,0.12827014223961442,0.12827014223961442,0.12611635900731244,0.12611635900731244,0.12611635900731244,0.12611635900731244,0.12611635900731244,0.12400150993624948,0.12400150993624948,0.12400150993624948,0.06368759485758346,0.060033814232610894,0.05415367320171072,0.05415367320171072,0.05357953768617563,0.05357953768617563,0.05357953768617563,0.05188428636262188,0.04096907239903658,0.04096907239903658,0.04096907239903658,0.04096907239903658,0.04096907239903658,0.04096907239903658,0.04037825683860774,0.04030237817772786,0.040025751151915756,0.040025751151915756,0.03983514826103374,0.018601980426637965,0.018141599551313448,0.01351998227215745,0.0114340509769022,0.010900697204306198,0.009972048129895938,0.009227175065120719,0.008164119477896747,0.008164119477896747,0.004020724332974623,0.003619294640714088,0.0010263317786325388
main/cec2022_F01_D10/GA/default/4,42.252317519681924,0.7536928451958147,0.15230412131609228,0.10479292158839826,0.018087648185542093,0.018087648185542093,0.018087648185542093,0.00934264889451697,0.004179231654632076,0.0018414501416259554,0.0018414501416259554,0.0012565139243179146,0.0012438015113502843,0.0012086536489164246,0.0008776135777566196,0.0008776135777566196,0.0008776135777566196,0.0008517971949117964,0.0007848604677178628,0.0007848604677178628,0.0004939819530704881,0.0003017082495375689,0.0003017082495375689,0.0003017082495375689,0.00020917006946774563,0.00020917006946774563,0.00020917006946774563,0.00020917006946774563,0.00020917006946774563,0.00020917006946774563,0.00020243627983518309,0.00019403314990995568,0.00017399947523699666,0.0001695389904057265,0.0001695389904057265,0.0001580239197096489,0.0001580239197096489,0.0001580239197096489,0.0001580239197096489,0.0001580239197096489,0.0001580239197096489,0.0001580239197096489,0.00012129890029655144,9.881562726832271e-05,6.465511143005642e-05,6.465511143005642e-05,6.465511143005642e-05,6.465511143005642e-05,6.237515600560073e-05,5.721623716681279e-05,5.721623716681279e-05,4.96775178930875e-05,4.932668724677569e-05,4.932668724677569e-05,4.932668724677569e-05,2.9717689869812602e-05,2.9717689869812602e-05,2.9717689869812602e-05,2.9717689869812602e-05,2.9717689869812602e-05,2.9717689869812602e-05,2.9717689869812602e-05,2.9717689869812602e-05,2.9717689869812602e-05,2.9717689869812602e-05,2.9717689869812602e-05,2.6662590073556203e-05,2.0005406895506894e-05,2.0005406895506894e-05,2.0005406895506894e-05,2.0005406895506894e-05,2.0005406895506894e-05,2.0005406895506894e-05,2.0005406895506894e-05,1.4621219804666907e-05,1.4621219804666907e-05,1.4621219804666907e-05,1.0090569446674635e-05,3.981861937063513e-06,3.981861937063513e-06,3.981861937063513e-06,3.981861937063513e-06,3.981861937063513e-06,3.981861937063513e-06,3.981861937063513e-06,3.981861937063513e-06,3.870026716867869e-06,3.869632791975164e-06,3.617694972035679e-06,3.617694972035679e-06,3.617694972035679e-06,3.513626722906338e-06,3.391611187453236e-06,3.391611187453236e-06,3.391611187453236e-06,3.391611187453236e-06,3.391611187453236e-06,3.391611187453236e-06,3.391611187453236e-06,3.391611187453236e-06
main/cec2022_F01_D10/GWO/default/4,2919.345315290675,2642.2812657381833,2233.721104090332,1990.0318908731997,1990.0318908731997,1729.4162228306955,1729.4162228306955,1532.7791311464841,1532.7791311464841,1532.7791311464841,1532.7791311464841,1052.7402421111512,1052.7402421111512,1052.7402421111512,1052.7402421111512,1052.7402421111512,1052.7402421111512,1052.7402421111512,1052.7402421111512,1052.7402421111512,1052.7402421111512,600.4462850356765,600.4462850356765,600.4462850356765,600.4462850356765,600.4462850356765,600.4462850356765,600.4462850356765,600.4462850356765,600.4462850356765,600.4462850356765,600.4462850356765,600.4462850356765,500.5399544159145,500.5399544159145,500.5399544159145,500.5399544159145,411.4934453933545,411.4934453933545,411.4934453933545,399.22809053055323,399.22809053055323,399.22809053055323,338.99560911660467,338.99560911660467,338.99560911660467,338.99560911660467,338.99560911660467,338.99560911660467,338.99560911660467,338.99560911660467,338.99560911660467,301.62249010431174,301.62249010431174,301.62249010431174,301.62249010431174,301.62249010431174,301.62249010431174,134.9496006390645,134.9496006390645,134.9496006390645,134.9496006390645,134.9496006390645,134.9496006390645,132.7915868766038,132.7915868766038,101.8612193571542,101.8612193571542,101.8612193571542,101.8612193571542,101.8612193571542,89.66416686585762,87.34091011359766,87.34091011359766,63.8847629348644,63.8847629348644,63.8847629348644,63.8847629348644,63.8847629348644,59.147214343438975,59.147214343438975,48.870713674805245,30.489704327972163,21.916722198486582,21.916722198486582,19.51577252768277,18.613876414312983,18.613876414312983,14.878999473323631,13.385322188563066,12.526257144553597,8.600540200179921,8.600540200179921,8.18368980359429,4.775428351333403,3.4642091731147957,1.3136472597365128,0.9770898634241689,0.20269511011815666,0.0004725086937469314
main/cec2022_F01_D10/PSO/default/4,1415.9310981250476,310.85615109015157,310.85615109015157,310.85615109015157,310.85615109015157,207.22359116913447,207.22359116913447,207.22359116913447,207.22359116913447,207.22359116913447,207.22359116913447,204.30103361150958,204.30103361150958,183.88225097623888,183.88225097623888,182.2340741493863,170.2762267441297,147.7515011581424,58.371718291857746,32.21249425004072,32.169777040741735,27.19932435900114,24.3413291884342,15.382631330586207,15.382629181269749,12.493214864030733,2.1921562289006715,1.7453618502931363,1.7453253752370301,0.7341370505994291,0.19567798528430558,0.18412241556382014,0.12224402227394648,0.05831003509092625,0.05831003509092625,0.04227528610653053,0.01253658100733901,0.002468335456285331,0.00028558572387282766,5.079521031348122e-05,1.7046529364961316e-05,5.216355930315331e-06,7.503260235353082e-07,1.056732230608759e-07,9.924406185746193e-09,6.982077138673048e-10,4.3939962779404595e-11,4.035882739117369e-12,1.7053025658242404e-13,5.684341886080802e-14,5.684341886080802e-14,5.684341886080802e-14,5.684341886080802e-14,5.684341886080802e-14,0.0,0.0,0.0,0.0,0.0,0.0,0.0,0.0,0.0,0.0,0.0,0.0,0.0,0.0,0.0,0.0,0.0,0.0,0.0,0.0,0.0,0.0,0.0,0.0,0.0,0.0,0.0,0.0,0.0,0.0,0.0,0.0,0.0,0.0,0.0,0.0,0.0,0.0,0.0,0.0,0.0,0.0,0.0,0.0,0.0,0.0
main/cec2022_F01_D10/CMA-ES (IPOP)/default/4,4.563133870760794e-08,0.0,0.0,0.0,0.0,0.0,0.0,0.0,0.0,0.0,0.0,0.0,0.0,0.0,0.0,0.0,0.0,0.0,0.0,0.0,0.0,0.0,0.0,0.0,0.0,0.0,0.0,0.0,0.0,0.0,0.0,0.0,0.0,0.0,0.0,0.0,0.0,0.0,0.0,0.0,0.0,0.0,0.0,0.0,0.0,0.0,0.0,0.0,0.0,0.0,0.0,0.0,0.0,0.0,0.0,0.0,0.0,0.0,0.0,0.0,0.0,0.0,0.0,0.0,0.0,0.0,0.0,0.0,0.0,0.0,0.0,0.0,0.0,0.0,0.0,0.0,0.0,0.0,0.0,0.0,0.0,0.0,0.0,0.0,0.0,0.0,0.0,0.0,0.0,0.0,0.0,0.0,0.0,0.0,0.0,0.0,0.0,0.0,0.0,0.0
main/cec2022_F05_D10/TFO/full/0,1.0555336499746772,0.5489002636611531,0.37476571441925444,0.12340978275199177,0.07259618262730783,0.03459173958617612,0.0100771870297649,0.007652228712345277,0.007652228712345277,0.006115949989521141,0.006109522710062265,0.006109522710062265,0.006109522710062265,0.005590934822066629,0.005590934822066629,0.005590934822066629,0.005318400249734623,0.005318400249734623,0.003989179431869161,0.003989179431869161,0.003989179431869161,0.003989179431869161,0.003989179431869161,0.003989179431869161,0.003690983394790237,0.003690983394790237,0.003665218658966296,0.003665218658966296,0.003305841614860583,0.001676146570957826,0.001676146570957826,0.001676146570957826,0.001676146570957826,0.001676146570957826,0.001676146570957826,0.001676146570957826,0.001676146570957826,0.001406376425848066,0.001406376425848066,0.0013918741328780015,0.0012420183475114754,0.0009766764578671427,0.0009766764578671427,0.0009766764578671427,0.0009766764578671427,0.0009766764578671427,0.0009766764578671427,0.0009766764578671427,0.0009766764578671427,0.0008306491477014788,0.0008306491477014788,0.0008306491477014788,0.0008306491477014788,0.0008306491477014788,0.0008306491477014788,0.0008306491477014788,0.0008306491477014788,0.0008306491477014788,0.0008306491477014788,0.0008306491477014788,0.0008306491477014788,0.0007119885459587749,0.0007119885459587749,0.0003674389598700145,0.0003674389598700145,0.0003674389598700145,0.0003674389598700145,0.0003674389598700145,0.0003674389598700145,0.0003674389598700145,0.0002578665522605661,0.0002578665522605661,0.0002578665522605661,0.0002578665522605661,0.0002578665522605661,0.0002578665522605661,0.0002578665522605661,0.0002578665522605661,0.0002578665522605661,0.0002578665522605661,0.0002578665522605661,0.0002578665522605661,0.0002578665522605661,0.0002578665522605661,0.0002578665522605661,0.0002578665522605661,0.0002578665522605661,0.0002578665522605661,0.0002578665522605661,0.0002578665522605661,0.0002578665522605661,0.0002578665522605661,0.0002578665522605661,0.0002578665522605661,0.0002578665522605661,0.0002578665522605661,0.0002578665522605661,0.0002578665522605661,0.00022905782668658503,0.00022905782668658503
main/cec2022_F01_D10/WOA/default/4,13121.572980333354,10338.327457199232,9521.440949077332,8153.347965842353,4076.005714117595,2594.521763480317,1962.8747575927628,1175.67461823637,1041.5702680848372,655.3562316811215,457.9377213096657,430.4820470608687,367.7551979526909,328.8821289780011,265.7980879399363,260.4245559300174,88.80394504216747,68.82640245114482,20.13604216195381,9.580520498931264,5.358313142384986,0.986460192546474,0.23020097398062944,0.05678170891121681,0.05171914642050979,0.04684919086446371,0.0429147732193087,0.01956169606808089,0.004847602831148379,0.002049103631975413,0.0012058416316449438,0.0007492688913544043,0.00020843257573233132,8.41051902966683e-05,4.871666362760152e-05,4.387889288182123e-05,4.2922343197915325e-05,4.0888094360980176e-05,1.309995440124112e-05,7.997653028724017e-06,5.822116577292036e-06,4.159542015713669e-06,1.9955008383476525e-06,1.515582255251502e-06,7.083546051944722e-07,4.7029470806592144e-07,4.17016224218969e-07,1.0075024192701676e-07,6.850098088762024e-08,5.987226359138731e-08,5.470371888804948e-08,3.7862264434807e-08,3.613854460127186e-08,3.559620154192089e-08,3.484274202492088e-08,3.44599584423122e-08,3.441908802415128e-08,3.441573426243849e-08,3.441573426243849e-08,3.441573426243849e-08,3.441573426243849e-08,3.441573426243849e-08,3.441573426243849e-08,3.441573426243849e-08,3.441573426243849e-08,3.441573426243849e-08,3.441573426243849e-08,3.441573426243849e-08,3.441573426243849e-08,3.441573426243849e-08,3.441573426243849e-08,3.441573426243849e-08,3.441573426243849e-08,3.441573426243849e-08,3.441573426243849e-08,3.441573426243849e-08,3.441573426243849e-08,3.441573426243849e-08,3.441573426243849e-08,3.441573426243849e-08,3.441573426243849e-08,3.441573426243849e-08,3.441573426243849e-08,3.441573426243849e-08,3.441573426243849e-08,3.441573426243849e-08,3.441573426243849e-08,3.441573426243849e-08,3.441573426243849e-08,3.441573426243849e-08,3.441573426243849e-08,3.441573426243849e-08,3.441573426243849e-08,3.441573426243849e-08,3.441573426243849e-08,3.441573426243849e-08,3.441573426243849e-08,3.441573426243849e-08,3.441573426243849e-08,3.441573426243849e-08
main/cec2022_F01_D10/L-SHADE/default/4,6628.623933957276,3266.9975377438154,3167.0614923906114,2196.5413038105144,892.7855454480655,174.73181843192242,25.322303083270697,4.760714916263339,1.124595427400891,0.15140662447640807,0.02926280254342828,0.003729007465040013,0.0008916882212020028,0.000114769637889367,3.68802885191144e-05,3.265013447162346e-06,1.010029279768787e-06,1.4468133713307907e-07,1.6908984434849117e-08,2.2112658371042926e-09,2.686419975361787e-10,5.877609510207549e-11,7.617018127348274e-12,8.526512829121202e-13,5.684341886080802e-14,0.0,0.0,0.0,0.0,0.0,0.0,0.0,0.0,0.0,0.0,0.0,0.0,0.0,0.0,0.0,0.0,0.0,0.0,0.0,0.0,0.0,0.0,0.0,0.0,0.0,0.0,0.0,0.0,0.0,0.0,0.0,0.0,0.0,0.0,0.0,0.0,0.0,0.0,0.0,0.0,0.0,0.0,0.0,0.0,0.0,0.0,0.0,0.0,0.0,0.0,0.0,0.0,0.0,0.0,0.0,0.0,0.0,0.0,0.0,0.0,0.0,0.0,0.0,0.0,0.0,0.0,0.0,0.0,0.0,0.0,0.0,0.0,0.0,0.0,0.0
main/cec2022_F05_D10/CA/default/0,0.10171645793820971,0.0032434251927497826,0.000498345791356769,0.00010107852278906648,3.068567900754715e-05,1.776022145349998e-05,1.1641627338576654e-05,5.8866644394584e-06,2.2675088757750927e-06,6.130626388767269e-07,1.3501733064913424e-07,2.8191720957693178e-08,6.6685288402368315e-09,1.6977992345346138e-09,7.653397915419191e-10,3.849436325253919e-10,1.688249540165998e-10,1.0720668797148392e-10,6.752998160663992e-11,3.4788172342814505e-11,1.2164491636212915e-11,9.43600753089413e-12,5.343281372915953e-12,2.9558577807620168e-12,1.9326762412674725e-12,6.821210263296962e-13,2.2737367544323206e-13,1.1368683772161603e-13,1.1368683772161603e-13,1.1368683772161603e-13,1.1368683772161603e-13,1.1368683772161603e-13,1.1368683772161603e-13,1.1368683772161603e-13,1.1368683772161603e-13,1.1368683772161603e-13,1.1368683772161603e-13,1.1368683772161603e-13,1.1368683772161603e-13,1.1368683772161603e-13,1.1368683772161603e-13,1.1368683772161603e-13,1.1368683772161603e-13,1.1368683772161603e-13,1.1368683772161603e-13,1.1368683772161603e-13,1.1368683772161603e-13,1.1368683772161603e-13,1.1368683772161603e-13,1.1368683772161603e-13,1.1368683772161603e-13,1.1368683772161603e-13,1.1368683772161603e-13,1.1368683772161603e-13,1.1368683772161603e-13,1.1368683772161603e-13,1.1368683772161603e-13,1.1368683772161603e-13,1.1368683772161603e-13,1.1368683772161603e-13,1.1368683772161603e-13,1.1368683772161603e-13,1.1368683772161603e-13,1.1368683772161603e-13,1.1368683772161603e-13,1.1368683772161603e-13,1.1368683772161603e-13,1.1368683772161603e-13,1.1368683772161603e-13,1.1368683772161603e-13,1.1368683772161603e-13,1.1368683772161603e-13,1.1368683772161603e-13,1.1368683772161603e-13,1.1368683772161603e-13,1.1368683772161603e-13,1.1368683772161603e-13,1.1368683772161603e-13,1.1368683772161603e-13,1.1368683772161603e-13,1.1368683772161603e-13,1.1368683772161603e-13,1.1368683772161603e-13,1.1368683772161603e-13,1.1368683772161603e-13,1.1368683772161603e-13,1.1368683772161603e-13,1.1368683772161603e-13,1.1368683772161603e-13,1.1368683772161603e-13,1.1368683772161603e-13,1.1368683772161603e-13,1.1368683772161603e-13,1.1368683772161603e-13,1.1368683772161603e-13,1.1368683772161603e-13,1.1368683772161603e-13,1.1368683772161603e-13,1.1368683772161603e-13,1.1368683772161603e-13
main/cec2022_F05_D10/PSO/default/0,0.3219859624471155,0.2679062196856421,0.22449105816679094,0.22449105816679094,0.16164110600698223,0.16164110600698223,0.16164110600698223,0.1208048897012759,0.1208048897012759,0.1208048897012759,0.1208048897012759,0.1208048897012759,0.11259823999785112,0.08538045946943384,0.07863301589031835,0.07792782507760876,0.046918846769699485,0.01668189139036258,0.01665886363343816,0.016658863619454678,0.016658863619454678,0.016658863618545183,0.011947643237022021,0.010574215318001734,0.009959843182059558,0.009603324805766533,0.009603324805766533,0.0016818735432480025,0.001489210188196921,0.0014892096596668125,0.0012522731229864803,0.0009625872723972861,0.0006501648256289627,0.0002560116940912849,0.00018971790291288926,0.00011058079303438717,7.318970324377005e-05,1.878970192592533e-05,9.496248708273924e-06,2.1603403865810833e-06,1.834946715462138e-06,7.032150506347534e-07,3.453428689681459e-07,1.929523705257452e-07,2.5724261831783224e-08,5.09260189573979e-09,1.1491465556900948e-09,2.9899638320785016e-10,1.0516032489249483e-10,2.0122570276726037e-11,2.0463630789890885e-12,4.547473508864641e-13,3.410605131648481e-13,2.2737367544323206e-13,2.2737367544323206e-13,2.2737367544323206e-13,2.2737367544323206e-13,2.2737367544323206e-13,2.2737367544323206e-13,2.2737367544323206e-13,1.1368683772161603e-13,1.1368683772161603e-13,1.1368683772161603e-13,1.1368683772161603e-13,1.1368683772161603e-13,1.1368683772161603e-13,1.1368683772161603e-13,1.1368683772161603e-13,1.1368683772161603e-13,1.1368683772161603e-13,1.1368683772161603e-13,1.1368683772161603e-13,1.1368683772161603e-13,1.1368683772161603e-13,1.1368683772161603e-13,1.1368683772161603e-13,1.1368683772161603e-13,1.1368683772161603e-13,1.1368683772161603e-13,1.1368683772161603e-13,1.1368683772161603e-13,1.1368683772161603e-13,1.1368683772161603e-13,1.1368683772161603e-13,1.1368683772161603e-13,1.1368683772161603e-13,1.1368683772161603e-13,1.1368683772161603e-13,1.1368683772161603e-13,1.1368683772161603e-13,1.1368683772161603e-13,1.1368683772161603e-13,1.1368683772161603e-13,1.1368683772161603e-13,1.1368683772161603e-13,1.1368683772161603e-13,1.1368683772161603e-13,1.1368683772161603e-13,1.1368683772161603e-13,1.1368683772161603e-13
main/cec2022_F05_D10/TFO-static/static/0,1.0555336499746772,0.5489002636611531,0.37476571441925444,0.3032227042967861,0.28927422753156407,0.24975624352293835,0.21833404553490254,0.21739062872063641,0.16358144443620404,0.11886779185226715,0.0833716557592652,0.05980818094474216,0.04046182367301299,0.03928565403009543,0.03928565403009543,0.030654602245249407,0.02439568074703402,0.01423414181329008,0.014181215359826638,0.013507983142858393,0.013507983142858393,0.01350170296871056,0.012401265569906172,0.012401265569906172,0.012336590355289445,0.012336590355289445,0.01160653375882248,0.01160653375882248,0.007154046862069663,0.007154046862069663,0.006384989967955335,0.006384989967955335,0.006384989967955335,0.004634038768472237,0.0042853404803508965,0.002880224613249993,0.002679442168755486,0.0024324480626773948,0.0019809183863799262,0.0015795611961948453,0.0015795611961948453,0.0015795611961948453,0.0015795611961948453,0.0015795611961948453,0.001255706118854505,0.001255706118854505,0.001255706118854505,0.0010266431780792118,0.0010266431780792118,0.0010266431780792118,0.0010266431780792118,0.0010266431780792118,0.0010266431780792118,0.0010266431780792118,0.0010266431780792118,0.0010266431780792118,0.0010266431780792118,0.0010266431780792118,0.0010266431780792118,0.0010266431780792118,0.0010266431780792118,0.0007937428999866825,0.0007937428999866825,0.0007937428999866825,0.0007937428999866825,0.0007937428999866825,0.0007937428999866825,0.0007937428999866825,0.0007719461833630703,0.0007719461833630703,0.0007719461833630703,0.0007719461833630703,0.0007712239529382714,0.0007712239529382714,0.0007712239529382714,0.0007712239529382714,0.0007712239529382714,0.0007712239529382714,0.0007712239529382714,0.0007712239529382714,0.0007712239529382714,0.0004847816289839102,0.0004847816289839102,0.0004847816289839102,0.00036826580856086366,0.00034436935925441503,0.00034436935925441503,0.00034436935925441503,0.00034436935925441503,0.00034436935925441503,0.00031668556528074987,0.00031668556528074987,0.00031668556528074987,0.00031668556528074987,0.00031668556528074987,0.00023993857462301094,0.00023993857462301094,0.00023993857462301094,0.00023993857462301094,0.00016618843972082686
main/cec2022_F05_D10/GA/default/0,0.11272967536365286,0.0915472619042248,0.08986053623698353,0.08974231440049607,0.08966552663059701,0.08961048391358872,0.08959472628043841,0.08957876721774483,0.08956125011218319,0.08955326536204211,0.08955240057866831,0.08955207435155899,0.08955199064507724,0.08955168893714927,0.0895491271935498,0.08954660030667583,0.08954660030667583,0.08954176296811056,0.08954022458942745,0.08953874172505039,0.0895379357685897,0.0895379357685897,0.08953659218184384,0.08953514881034152,0.08953471441179772,0.08953290484066656,0.08953221189415217,0.08953209222102032,0.08953090781358242,0.08953067578477203,0.08953067578477203,0.08953043778262781,0.08953043634039659,0.08953035842444024,0.08953035842444024,0.08953032179090314,0.08953032179090314,0.08953031607973116,0.08953028590656231,0.08953018161196269,0.08953005269779624,0.08953005235048295,0.08953005235048295,0.08953005235048295,0.08952994323783514,0.08952994323783514,0.08952994273340664,0.08952994273340664,0.08952961915281321,0.08952961915281321,0.08952959060877674,0.08952934767114584,0.08952931360511229,0.08952925237895215,0.08952925237895215,0.08952925237895215,0.08952909246488616,0.08952908623746225,0.0895290237460813,0.08952901153259063,0.0895290038274652,0.08952895359072954,0.08952895211746181,0.08952885513156161,0.08952885513156161,0.08952878006914489,0.08952876323212422,0.08952876323212422,0.08952876323212422,0.08952876323212422,0.08952876323212422,0.08952876323212422,0.0895287579514843,0.08952861547402335,0.08952857840040451,0.08952857840040451,0.08952857840040451,0.08952854987569481,0.08952854987569481,0.08952853380878878,0.08952844605323662,0.08952844605323662,0.08952843280326306,0.0895283954171191,0.0895283532756821,0.0895283532756821,0.0895283532756821,0.08952833886235112,0.0895283357409653,0.089528335395471,0.0895283222236003,0.0895283222236003,0.08952832157524426,0.08952832127909005,0.08952832127909005,0.08952832127909005,0.0895283114105041,0.08952830389887367,0.08952830389887367,0.08952830323801209
main/cec2022_F05_D10/GWO/default/0,1.8351678401338631,0.9679149193701733,0.9679149193701733,0.9679149193701733,0.615531717942531,0.615531717942531,0.615531717942531,0.615531717942531,0.615531717942531,0.615531717942531,0.615531717942531,0.615531717942531,0.615531717942531,0.615531717942531,0.615531717942531,0.615531717942531,0.5021932710166084,0.5021932710166084,0.5021932710166084,0.5021932710166084,0.5021932710166084,0.5021932710166084,0.5021932710166084,0.5021932710166084,0.5021932710166084,0.5021932710166084,0.5021932710166084,0.5021932710166084,0.5021932710166084,0.5021932710166084,0.5021932710166084,0.46979452433186,0.4003200830208016,0.4003200830208016,0.4003200830208016,0.3132583179702806,0.3132583179702806,0.3132583179702806,0.3132583179702806,0.3132583179702806,0.3132583179702806,0.3132583179702806,0.3132583179702806,0.3132583179702806,0.3132583179702806,0.3132583179702806,0.3132583179702806,0.3132583179702806,0.3132583179702806,0.3132583179702806,0.3132583179702806,0.3132583179702806,0.3132583179702806,0.2612053793642417,0.2612053793642417,0.2612053793642417,0.2612053793642417,0.2612053793642417,0.2460553517681774,0.2460553517681774,0.24091318561818298,0.24091318561818298,0.24091318561818298,0.24091318561818298,0.15607512891313036,0.15607512891313036,0.15607512891313036,0.15607512891313036,0.15607512891313036,0.15607512891313036,0.15607512891313036,0.11412874198526879,0.11412874198526879,0.11412874198526879,0.08550290714390485,0.08550290714390485,0.08550290714390485,0.08550290714390485,0.08550290714390485,0.08550290714390485,0.08104799337388613,0.06902658755177526,0.06902658755177526,0.044123664828589426,0.044123664828589426,0.044123664828589426,0.028569288074663746,0.026141768079355643,0.015264754974509742,0.015264754974509742,0.015264754974509742,0.015264754974509742,0.013409459846002392,0.013409459846002392,0.005897738742874026,0.0012928152535778281,0.0012928152535778281,0.0012928152535778281,0.0003253907152611646,1.3699733472094522e-06
main/cec2022_F05_D10/CMA-ES (IPOP)/default/0,0.08952825048652358,0.0022130357175456083,2.637534635141492e-11,1.1368683772161603e-13,1.1368683772161603e-13,1.1368683772161603e-13,1.1368683772161603e-13,1.1368683772161603e-13,1.1368683772161603e-13,1.1368683772161603e-13,1.1368683772161603e-13,1.1368683772161603e-13,1.1368683772161603e-13,1.1368683772161603e-13,1.1368683772161603e-13,1.1368683772161603e-13,1.1368683772161603e-13,1.1368683772161603e-13,1.1368683772161603e-13,1.1368683772161603e-13,1.1368683772161603e-13,1.1368683772161603e-13,1.1368683772161603e-13,1.1368683772161603e-13,0.0,0.0,0.0,0.0,0.0,0.0,0.0,0.0,0.0,0.0,0.0,0.0,0.0,0.0,0.0,0.0,0.0,0.0,0.0,0.0,0.0,0.0,0.0,0.0,0.0,0.0,0.0,0.0,0.0,0.0,0.0,0.0,0.0,0.0,0.0,0.0,0.0,0.0,0.0,0.0,0.0,0.0,0.0,0.0,0.0,0.0,0.0,0.0,0.0,0.0,0.0,0.0,0.0,0.0,0.0,0.0,0.0,0.0,0.0,0.0,0.0,0.0,0.0,0.0,0.0,0.0,0.0,0.0,0.0,0.0,0.0,0.0,0.0,0.0,0.0,0.0
main/cec2022_F05_D10/TFO/full/1,1.6035145523230767,0.7891012756210785,0.44006808531014485,0.2443411356305205,0.03701522347193986,0.02705147331630542,0.015731457478523225,0.013834333545219124,0.008134436865475436,0.008134436865475436,0.008134436865475436,0.008134436865475436,0.008134436865475436,0.008134436865475436,0.008134436865475436,0.006560069529768953,0.006299068056932811,0.005832735333910932,0.004259802497244891,0.004055656735317825,0.004055656735317825,0.004055656735317825,0.004055656735317825,0.004055656735317825,0.004018399166511699,0.004018399166511699,0.004018399166511699,0.004018399166511699,0.0036381482884735306,0.0036381482884735306,0.0036381482884735306,0.0036381482884735306,0.0033185536319706443,0.0033185536319706443,0.0033185536319706443,0.003292179256959571,0.003292179256959571,0.003292179256959571,0.0029535082105667243,0.00284717871659268,0.0028152461850368127,0.002735577602379635,0.002735577602379635,0.002735577602379635,0.002735577602379635,0.002735577602379635,0.002735577602379635,0.002735577602379635,0.002281116587937504,0.002281116587937504,0.002281116587937504,0.0019247741843173571,0.0019247741843173571,0.0019247741843173571,0.0019247741843173571,0.0019247741843173571,0.0019247741843173571,0.0019247741843173571,0.0019247741843173571,0.0019247741843173571,0.0019247741843173571,0.0015920281476837772,0.0015920281476837772,0.0015920281476837772,0.0015920281476837772,0.0015920281476837772,0.0015920281476837772,0.001571938119582228,0.001571938119582228,0.001571938119582228,0.0010331125949960551,0.0010331125949960551,0.0010331125949960551,0.0010331125949960551,0.0010331125949960551,0.0010331125949960551,0.0010331125949960551,0.0010331125949960551,0.0010331125949960551,0.0010331125949960551,0.0010331125949960551,0.0010331125949960551,0.0010331125949960551,0.0010151991308475772,0.000988157554843383,0.000988157554843383,0.000988157554843383,0.000988157554843383,0.000988157554843383,0.000988157554843383,0.000988157554843383,0.000988157554843383,0.000988157554843383,0.000988157554843383,0.000988157554843383,0.0009634420210886674,0.0009634420210886674,0.0009634420210886674,0.0009634420210886674,0.0009634420210886674
main/cec2022_F05_D10/WOA/default/0,3.1665175752565347,2.2308373777946144,1.8672825023858195,1.7616591729641868,1.7234651376357988,1.7032086032804727,1.6989916215741232,1.6974076738448503,1.6972009742697765,1.696928793845018,1.6967297449959915,1.696692807164709,1.6966791900416638,1.6966514539551554,1.696646612497375,1.6966326580725308,1.696627799699968,1.6966264456443696,1.6966232563073618,1.6966220342707174,1.6966217787735332,1.6966209326244552,1.6966207088328247,1.6966205627041973,1.6966205426714396,1.6966205246644677,1.6966205048478287,1.6966204772595574,1.6966204593549037,1.6966204103217706,1.6966204002250151,1.6966203895559602,1.6966203871871812,1.6966203816253937,1.6966203791427006,1.6966203768446348,1.696620375352154,1.6966203744269706,1.696620373369683,1.696620371359586,1.6966203702419307,1.6966203699955713,1.696620368733761,1.696620367733658,1.696620367483547,1.6966203667234367,1.696620366450702,1.6966203662808539,1.6966203662808539,1.6966203662808539,1.6966203662808539,1.6966203662364023,1.6966203659948178,1.6966203657635788,1.696620365600893,1.6966203655603067,1.6966203655083518,1.6966203654783385,1.6966203654718583,1.6966203654426408,1.6966203654419587,1.6966203654399123,1.6966203654399123,1.6966203654399123,1.6966203654399123,1.6966203654399123,1.6966203654399123,1.6966203654399123,1.6966203654399123,1.6966203654399123,1.6966203654399123,1.6966203654399123,1.6966203654399123,1.6966203654399123,1.6966203654399123,1.6966203654399123,1.6966203654399123,1.6966203654399123,1.6966203654399123,1.6966203654399123,1.6966203654399123,1.6966203654399123,1.6966203654399123,1.6966203654399123,1.6966203654399123,1.6966203654399123,1.6966203654399123,1.6966203654399123,1.6966203654399123,1.6966203654399123,1.6966203654399123,1.6966203654399123,1.6966203654399123,1.6966203654399123,1.6966203654399123,1.6966203654399123,1.6966203654399123,1.6966203654399123,1.6966203654399123,1.6966203654399123
main/cec2022_F05_D10/L-SHADE/default/0,0.7297776052612335,0.7297776052612335,0.4386005588115722,0.26639694379343837,0.1515410489595297,0.04584454847474717,0.00474438402522992,0.0012155312634831716,0.00015694523460751952,4.1650149455563223e-05,8.078273822320625e-06,2.0973319578843075e-06,2.8109707272960804e-07,6.220943760126829e-08,8.976940080174245e-09,7.303242455236614e-10,1.4495071809506044e-10,1.546140993013978e-11,6.139089236967266e-12,3.410605131648481e-13,1.1368683772161603e-13,0.0,0.0,0.0,0.0,0.0,0.0,0.0,0.0,0.0,0.0,0.0,0.0,0.0,0.0,0.0,0.0,0.0,0.0,0.0,0.0,0.0,0.0,0.0,0.0,0.0,0.0,0.0,0.0,0.0,0.0,0.0,0.0,0.0,0.0,0.0,0.0,0.0,0.0,0.0,0.0,0.0,0.0,0.0,0.0,0.0,0.0,0.0,0.0,0.0,0.0,0.0,0.0,0.0,0.0,0.0,0.0,0.0,0.0,0.0,0.0,0.0,0.0,0.0,0.0,0.0,0.0,0.0,0.0,0.0,0.0,0.0,0.0,0.0,0.0,0.0,0.0,0.0,0.0,0.0
main/cec2022_F05_D10/CA/default/1,0.5459935217774046,0.4653666051442542,0.4582363341926339,0.4564916941114916,0.4550756180552753,0.45475910305719935,0.45457409225662104,0.45447415943408487,0.4544162986265974,0.45437522403847197,0.4543574830953503,0.45434219074024895,0.45433547927063955,0.4543300551875973,0.454326923646704,0.45432549793622456,0.45432503933443513,0.4543247430857491,0.4543244225584431,0.45432428242236256,0.4543241318580158,0.454324088075964,0.4543240719303867,0.45432405193810155,0.45432404227187817,0.4543240325546094,0.4543240252744454,0.45432402234666824,0.4543240212777846,0.4543240209667374,0.45432402049641496,0.45432401982975534,0.45432401925882004,0.45432401911284614,0.4543240189022981,0.45432401886057505,0.45432401876030326,0.45432401870436934,0.45432401865252814,0.45432401862990446,0.4543240186201274,0.45432401861364724,0.45432401860739446,0.45432401860239224,0.4543240186001185,0.4543240185965942,0.45432401859557103,0.45432401859466154,0.45432401859352467,0.45432401859295624,0.4543240185925015,0.45432401859216043,0.45432401859204674,0.45432401859204674,0.45432401859204674,0.45432401859204674,0.45432401859204674,0.45432401859204674,0.45432401859204674,0.45432401859193305,0.45432401859193305,0.45432401859193305,0.45432401859193305,0.45432401859193305,0.45432401859193305,0.45432401859193305,0.45432401859193305,0.45432401859193305,0.45432401859193305,0.45432401859193305,0.45432401859193305,0.45432401859193305,0.45432401859193305,0.45432401859193305,0.45432401859193305,0.45432401859193305,0.45432401859193305,0.45432401859193305,0.45432401859193305,0.45432401859193305,0.45432401859193305,0.45432401859193305,0.45432401859193305,0.45432401859193305,0.45432401859193305,0.45432401859193305,0.45432401859193305,0.45432401859193305,0.4543240185917057,0.4543240185917057,0.4543240185917057,0.4543240185917057,0.4543240185917057,0.454324018591592,0.454324018591592,0.4543240185914783,0.4543240185914783,0.4543240185914783,0.4543240185914783,0.4543240185914783
main/cec2022_F05_D10/TFO-static/static/1,1.6035145523230767,0.7891012756210785,0.7610559530738783,0.5069710267382561,0.48393675006616377,0.42023909855390684,0.26911038247828856,0.07922311555546457,0.07839761869581707,0.05007856722704673,0.031581104573547236,0.031581104573547236,0.031581104573547236,0.029030765570837502,0.02836936089363462,0.02684627510086557,0.016158251932324674,0.01599162972297563,0.0156935136252514,0.015557954119117312,0.015557954119117312,0.015557954119117312,0.011160450383499665,0.010349003067403828,0.005855766073295854,0.005373370705797242,0.005191062026028703,0.004751556959490699,0.004751556959490699,0.004751556959490699,0.0031775098580055783,0.0031775098580055783,0.0031775098580055783,0.002801189467504628,0.002801189467504628,0.002801189467504628,0.002801189467504628,0.002801189467504628,0.002673155777983993,0.002673155777983993,0.002271039247943918,0.002271039247943918,0.002271039247943918,0.002271039247943918,0.002271039247943918,0.002264409119902666,0.002264409119902666,0.002264409119902666,0.002264409119902666,0.002264409119902666,0.002264409119902666,0.0021606090991781457,0.0021606090991781457,0.0021606090991781457,0.0021359540911589647,0.0021359540911589647,0.0021359540911589647,0.0021359540911589647,0.0021359540911589647,0.0021359540911589647,0.0021359540911589647,0.0021359540911589647,0.0021359540911589647,0.0019395055758195667,0.001459705774664144,0.001459705774664144,0.001459705774664144,0.001459705774664144,0.001459705774664144,0.001459705774664144,0.001459705774664144,0.001459705774664144,0.001459705774664144,0.001334946619067523,0.001334946619067523,0.0013028582917513631,0.0013028582917513631,0.0013028582917513631,0.0013028582917513631,0.0013028582917513631,0.0013028582917513631,0.0012174084367870819,0.0012174084367870819,0.0012154482861888027,0.0012154482861888027,0.0012154482861888027,0.0012154482861888027,0.0012154482861888027,0.0012154482861888027,0.0006493489223657889,0.0006493489223657889,0.0006493489223657889,0.0006493489223657889,0.0006493489223657889,0.0006493489223657889,0.0006493489223657889,0.0006493489223657889,0.0006493489223657889,0.0006493489223657889,0.00035996092276491254
main/cec2022_F05_D10/PSO/default/1,0.25203099061195644,0.25203099061195644,0.25203099061195644,0.25203099061195644,0.25203099061195644,0.1690037565701914,0.1690037565701914,0.1690037565701914,0.13546466392097045,0.04672542775495003,0.04672542775495003,0.04672542775495003,0.04672542775495003,0.04672542775495003,0.04672542775495003,0.04672542775495003,0.04672542775495003,0.04672542775495003,0.007767546552713611,0.007618035838731885,0.007618035838731885,0.005180553756531481,0.005180553756531481,0.0050445685053546185,0.004931020543949671,0.004931020543949671,0.004395318468709775,0.0029168086119852887,0.0012561918774736114,0.0006913322287118717,0.0005325360720007666,0.0005325360720007666,0.000271083823349727,0.00017870220744953258,0.0001630144275850398,5.154998029865965e-05,2.0998092963964154e-05,1.7226433783434913e-05,7.1750401957615395e-06,3.660334414234967e-06,1.4568212236554245e-06,2.0629386199289002e-07,3.300465323263779e-08,3.7047129808343016e-09,1.3535554899135605e-09,5.450147000374272e-10,2.9979219107190147e-10,1.042508301907219e-10,1.716671249596402e-11,5.6843418860808015e-12,1.1368683772161603e-12,4.547473508864641e-13,2.2737367544323206e-13,2.2737367544323206e-13,1.1368683772161603e-13,1.1368683772161603e-13,1.1368683772161603e-13,1.1368683772161603e-13,1.1368683772161603e-13,1.1368683772161603e-13,1.1368683772161603e-13,1.1368683772161603e-13,1.1368683772161603e-13,1.1368683772161603e-13,1.1368683772161603e-13,1.1368683772161603e-13,1.1368683772161603e-13,1.1368683772161603e-13,1.1368683772161603e-13,1.1368683772161603e-13,1.1368683772161603e-13,1.1368683772161603e-13,1.1368683772161603e-13,1.1368683772161603e-13,1.1368683772161603e-13,1.1368683772161603e-13,1.1368683772161603e-13,1.1368683772161603e-13,1.1368683772161603e-13,1.1368683772161603e-13,1.1368683772161603e-13,1.1368683772161603e-13,1.1368683772161603e-13,1.1368683772161603e-13,1.1368683772161603e-13,0.0,0.0,0.0,0.0,0.0,0.0,0.0,0.0,0.0,0.0,0.0,0.0,0.0,0.0,0.0
main/cec2022_F05_D10/GA/default/1,0.06608098987919675,0.0019382418741997753,0.0005276078763927217,0.00038387687425256445,0.00020166106128272077,0.0001085734962771312,6.360838949603931e-05,6.306074760686897e-05,5.94265808331329e-05,5.729178315050376e-05,5.6575668168079574e-05,4.8433292477056966e-05,4.413019780713512e-05,4.2805125190170656e-05,3.955076545025804e-05,3.916083608146437e-05,3.25207529385807e-05,2.9053093612674274e-05,2.838082343714632e-05,2.838082343714632e-05,2.838082343714632e-05,2.838082343714632e-05,2.2752720838070672e-05,2.2752720838070672e-05,2.184275081162923e-05,2.184275081162923e-05,2.1569542354882287e-05,1.4495682535198284e-05,1.4380282664205879e-05,1.3112686701788334e-05,9.137374490819639e-06,8.82308631844353e-06,8.309839927278517e-06,8.309839927278517e-06,8.263451945822453e-06,8.263451945822453e-06,8.263451945822453e-06,8.237710062530823e-06,7.520002554883831e-06,6.726875312779157e-06,6.726875312779157e-06,5.910121558372339e-06,5.768729124611127e-06,5.3041020464661415e-06,5.1102564384564175e-06,5.056566806160845e-06,4.605763137988106e-06,4.605763137988106e-06,4.10917289173085e-06,2.8804330440834747e-06,2.8804330440834747e-06,2.8804330440834747e-06,2.8804330440834747e-06,1.9325398170622066e-06,1.9325398170622066e-06,1.3379856227402342e-06,1.2178074939583894e-06,1.2050713849021122e-06,1.2050713849021122e-06,1.158046757154807e-06,6.845726829851628e-07,6.845726829851628e-07,6.828360028521274e-07,6.387924713635584e-07,5.948172656644601e-07,5.948172656644601e-07,5.948172656644601e-07,5.948172656644601e-07,5.941714107393636e-07,4.6148318233463215e-07,4.2343276618339587e-07,4.2343276618339587e-07,4.218940148348338e-07,2.8267959351069294e-07,2.8267959351069294e-07,2.8267959351069294e-07,2.8267959351069294e-07,2.8267959351069294e-07,2.8267959351069294e-07,2.8267959351069294e-07,2.600304469524417e-07,2.600304469524417e-07,2.600304469524417e-07,1.6044646145019215e-07,1.6044646145019215e-07,1.5585885648761177e-07,1.5585885648761177e-07,1.5585885648761177e-07,1.4401973658095812e-07,1.3973715340398485e-07,1.3973715340398485e-07,1.2850728126068134e-07,1.096269670597394e-07,1.096269670597394e-07,9.023369784699753e-08,8.86120687937364e-08,6.009793196426472e-08,5.915910605835961e-08,5.5893679018481635e-08,5.501169653143734e-08
main/cec2022_F05_D10/GWO/default/1,2.199862666893523,2.159289299261559,2.159289299261559,1.1951777540565445,1.0515809867478083,1.0515809867478083,1.0365820480204775,1.0365820480204775,1.014541609123512,1.014541609123512,1.014541609123512,1.014541609123512,1.014541609123512,1.014541609123512,0.8642466809268399,0.8642466809268399,0.8642466809268399,0.8642466809268399,0.8642466809268399,0.7297201215338873,0.7297201215338873,0.6393331170938836,0.6393331170938836,0.6393331170938836,0.6393331170938836,0.6393331170938836,0.5613663013511996,0.5613663013511996,0.5613663013511996,0.34598534360691247,0.34598534360691247,0.34598534360691247,0.34598534360691247,0.34598534360691247,0.34598534360691247,0.34598534360691247,0.34598534360691247,0.34598534360691247,0.34598534360691247,0.34598534360691247,0.34598534360691247,0.29902793332621513,0.29902793332621513,0.29902793332621513,0.29902793332621513,0.29902793332621513,0.29902793332621513,0.28666770393886054,0.28666770393886054,0.28666770393886054,0.13759960472555122,0.13759960472555122,0.13759960472555122,0.13759960472555122,0.13759960472555122,0.13759960472555122,0.13759960472555122,0.13759960472555122,0.13759960472555122,0.13759960472555122,0.13759960472555122,0.13759960472555122,0.13759960472555122,0.13759960472555122,0.13759960472555122,0.13759960472555122,0.13759960472555122,0.13759960472555122,0.13759960472555122,0.13759960472555122,0.13759960472555122,0.13759960472555122,0.13759960472555122,0.09784977113929472,0.09784977113929472,0.09784977113929472,0.09784977113929472,0.09784977113929472,0.09784977113929472,0.09632162632192376,0.09476962761425511,0.053278361516163386,0.053278361516163386,0.04696878128629578,0.04696878128629578,0.04696878128629578,0.04561094134157884,0.015083320130429456,0.015083320130429456,0.015083320130429456,0.015083320130429456,0.013118688685267443,0.013118688685267443,0.008872829813753924,0.007836026911036242,0.005606337605968292,0.003518011607184235,0.0009619713022175347,0.00045392288041057327,6.998116077738814e-07
main/cec2022_F05_D10/CMA-ES (IPOP)/default/1,3.673221726785414e-10,0.0,0.0,0.0,0.0,0.0,0.0,0.0,0.0,0.0,0.0,0.0,0.0,0.0,0.0,0.0,0.0,0.0,0.0,0.0,0.0,0.0,0.0,0.0,0.0,0.0,0.0,0.0,0.0,0.0,0.0,0.0,0.0,0.0,0.0,0.0,0.0,0.0,0.0,0.0,0.0,0.0,0.0,0.0,0.0,0.0,0.0,0.0,0.0,0.0,0.0,0.0,0.0,0.0,0.0,0.0,0.0,0.0,0.0,0.0,0.0,0.0,0.0,0.0,0.0,0.0,0.0,0.0,0.0,0.0,0.0,0.0,0.0,0.0,0.0,0.0,0.0,0.0,0.0,0.0,0.0,0.0,0.0,0.0,0.0,0.0,0.0,0.0,0.0,0.0,0.0,0.0,0.0,0.0,0.0,0.0,0.0,0.0,0.0,0.0
main/cec2022_F05_D10/TFO/full/2,0.5059994147733278,0.32724927036178997,0.07946151200155782,0.030862527826116093,0.02186120968076466,0.02186120968076466,0.011000375493949832,0.007917081783602953,0.006254697429199041,0.006253863787605951,0.006253863787605951,0.005613060409132231,0.005613060409132231,0.004483619967459163,0.0030164363946596495,0.0027044813718930527,0.0027044813718930527,0.0015877900817713453,0.0015877900817713453,0.0015782405840809588,0.0015782405840809588,0.0015782405840809588,0.0015782405840809588,0.0015782405840809588,0.001288574545924348,0.001288574545924348,0.001288574545924348,0.001288574545924348,0.001288574545924348,0.001076363951597159,0.0010364496699821757,0.0010364496699821757,0.0010364496699821757,0.0010099761252604367,0.0010099761252604367,0.0010099761252604367,0.0010099761252604367,0.0010099761252604367,0.0010099761252604367,0.0010099761252604367,0.0010099761252604367,0.000820071516727694,0.000820071516727694,0.000820071516727694,0.0008166243134155593,0.0008166243134155593,0.0008166243134155593,0.0008166243134155593,0.0007672878784887871,0.0007672878784887871,0.0007672878784887871,0.0007643521574891565,0.0007643521574891565,0.0007643521574891565,0.0007643521574891565,0.0007643521574891565,0.0007643521574891565,0.0007643521574891565,0.0007643521574891565,0.0007048370398479165,0.0007048370398479165,0.000664474005361626,0.0006500929298454139,0.0006500929298454139,0.0006500929298454139,0.0006500929298454139,0.0006412332470517867,0.0006412332470517867,0.0006412332470517867,0.0006279910284092693,0.0006279910284092693,0.0006279910284092693,0.0006279910284092693,0.0006279910284092693,0.0006279910284092693,0.0006279910284092693,0.0006279910284092693,0.0006279910284092693,0.0006279910284092693,0.0006279910284092693,0.0006279910284092693,0.0006279910284092693,0.0006279910284092693,0.0006279910284092693,0.0006279910284092693,0.0006279910284092693,0.0006279910284092693,0.0006279910284092693,0.0006279910284092693,0.0006279910284092693,0.0006279910284092693,0.0006279910284092693,0.0006279910284092693,0.0006279910284092693,0.0006279910284092693,0.0006279910284092693,0.0006279910284092693,0.0006279910284092693,0.0006279910284092693,0.0006279910284092693
main/cec2022_F05_D10/WOA/default/1,3.6920252938957674,3.1574881444331595,2.689017729663533,2.37279603443028,2.2803672074167025,2.2738166625714484,2.268602957476787,2.267835359771766,2.2671073264259576,2.24911636132515,2.247494524646413,2.2447814997805153,2.2421072599627223,2.2418725630240033,2.241603156555243,2.241227157686353,2.2411480458425785,2.2408508497337607,2.2406511236301867,2.2405743762878956,2.2405552284975556,2.2405479224829605,2.24053240028843,2.240520162256189,2.240516777777543,2.2405118642158186,2.240499690998149,2.2404918825798177,2.2404850064019683,2.2404812768716056,2.2404772390273138,2.240475752385919,2.2404746930778856,2.2404741574333684,2.2404738909033313,2.240473353624452,2.240473082483504,2.240473035637933,2.2404729835933495,2.2404729569132087,2.240472937411255,2.2404729317024703,2.240472922101276,2.2404729183600693,2.240472883136704,2.2404728465290873,2.2404728237170275,2.240472820248783,2.2404728135652476,2.2404728045505635,2.24047276201145,2.240472714328348,2.24047269931782,2.2404726937563737,2.240472681079609,2.2404726736008342,2.240472652405515,2.240472648580635,2.240472647462866,2.240472647191609,2.2404726470452943,2.2404726468445233,2.240472646287344,2.2404726461589917,2.240472641803649,2.2404726381619184,2.2404726373101767,2.2404726365290344,2.240472636159211,2.24047263597663,2.240472635514948,2.2404726352609714,2.240472635133642,2.240472635133642,2.2404726351317095,2.2404726351317095,2.2404726351317095,2.2404726351317095,2.2404726351317095,2.2404726351317095,2.2404726351317095,2.2404726351317095,2.2404726351317095,2.2404726351317095,2.2404726351317095,2.2404726351317095,2.2404726351317095,2.2404726351317095,2.2404726351317095,2.2404726351317095,2.2404726351317095,2.2404726351317095,2.2404726351317095,2.2404726351317095,2.2404726351317095,2.2404726351317095,2.2404726351317095,2.2404726351317095,2.2404726351317095,2.2404726351317095
main/cec2022_F05_D10/L-SHADE/default/1,1.9889469244907332,1.297623274636294,0.5462014694834352,0.3833583058481054,0.17011828615852664,0.05852059702738188,0.0054315157642577105,0.0020687275574573505,0.0003005632861459162,7.745982520646066e-05,1.3304778462952527e-05,3.618717528297566e-06,6.497729145849007e-07,4.787898433278315e-08,1.0790358828671742e-08,1.3196768122725189e-09,2.1873347577638924e-10,2.830802259268239e-11,2.0463630789890885e-12,4.547473508864641e-13,1.1368683772161603e-13,0.0,0.0,0.0,0.0,0.0,0.0,0.0,0.0,0.0,0.0,0.0,0.0,0.0,0.0,0.0,0.0,0.0,0.0,0.0,0.0,0.0,0.0,0.0,0.0,0.0,0.0,0.0,0.0,0.0,0.0,0.0,0.0,0.0,0.0,0.0,0.0,0.0,0.0,0.0,0.0,0.0,0.0,0.0,0.0,0.0,0.0,0.0,0.0,0.0,0.0,0.0,0.0,0.0,0.0,0.0,0.0,0.0,0.0,0.0,0.0,0.0,0.0,0.0,0.0,0.0,0.0,0.0,0.0,0.0,0.0,0.0,0.0,0.0,0.0,0.0,0.0,0.0,0.0,0.0
main/cec2022_F05_D10/CA/default/2,0.007469549579809609,0.0005084957462031525,1.97768666794218e-05,5.74317073187558e-06,9.015910791276838e-07,3.907863401764189e-07,1.8364755760558182e-07,5.217839316173922e-08,1.7605884750082623e-08,6.962295628909487e-09,1.7056436263374053e-09,6.018581188982353e-10,1.8428636394673958e-10,4.934008757118136e-11,2.7966962079517543e-11,9.777068044058979e-12,3.524291969370097e-12,1.7053025658242404e-12,5.684341886080801e-13,3.410605131648481e-13,2.2737367544323206e-13,1.1368683772161603e-13,1.1368683772161603e-13,1.1368683772161603e-13,1.1368683772161603e-13,1.1368683772161603e-13,1.1368683772161603e-13,1.1368683772161603e-13,1.1368683772161603e-13,1.1368683772161603e-13,1.1368683772161603e-13,1.1368683772161603e-13,1.1368683772161603e-13,1.1368683772161603e-13,1.1368683772161603e-13,1.1368683772161603e-13,1.1368683772161603e-13,1.1368683772161603e-13,1.1368683772161603e-13,1.1368683772161603e-13,1.1368683772161603e-13,1.1368683772161603e-13,1.1368683772161603e-13,1.1368683772161603e-13,1.1368683772161603e-13,1.1368683772161603e-13,1.1368683772161603e-13,1.1368683772161603e-13,1.1368683772161603e-13,1.1368683772161603e-13,1.1368683772161603e-13,1.1368683772161603e-13,1.1368683772161603e-13,1.1368683772161603e-13,1.1368683772161603e-13,1.1368683772161603e-13,1.1368683772161603e-13,1.1368683772161603e-13,1.1368683772161603e-13,1.1368683772161603e-13,1.1368683772161603e-13,1.1368683772161603e-13,1.1368683772161603e-13,1.1368683772161603e-13,1.1368683772161603e-13,1.1368683772161603e-13,1.1368683772161603e-13,1.1368683772161603e-13,1.1368683772161603e-13,1.1368683772161603e-13,1.1368683772161603e-13,1.1368683772161603e-13,1.1368683772161603e-13,1.1368683772161603e-13,1.1368683772161603e-13,1.1368683772161603e-13,1.1368683772161603e-13,1.1368683772161603e-13,1.1368683772161603e-13,1.1368683772161603e-13,1.1368683772161603e-13,1.1368683772161603e-13,1.1368683772161603e-13,1.1368683772161603e-13,1.1368683772161603e-13,1.1368683772161603e-13,1.1368683772161603e-13,1.1368683772161603e-13,1.1368683772161603e-13,1.1368683772161603e-13,1.1368683772161603e-13,1.1368683772161603e-13,1.1368683772161603e-13,1.1368683772161603e-13,1.1368683772161603e-13,1.1368683772161603e-13,1.1368683772161603e-13,1.1368683772161603e-13,1.1368683772161603e-13,1.1368683772161603e-13
main/cec2022_F05_D10/TFO-static/static/2,0.5059994147733278,0.32724927036178997,0.2786652349043379,0.25306761361889585,0.2502553775976821,0.24894447807048437,0.15555155118511266,0.0856640561197537,0.08285580840811235,0.08267460684078287,0.08105585030079965,0.0792147797568532,0.07757331850450555,0.07252938651527074,0.06493682571976933,0.04045219407566947,0.030603176390286535,0.030278788453415473,0.021050873302783657,0.021050873302783657,0.013837884341114659,0.013837884341114659,0.010772327508448143,0.007920743240447337,0.007920743240447337,0.006263619928290609,0.005320790202972603,0.004420506084443332,0.004420506084443332,0.002695710492503167,0.002695710492503167,0.002695710492503167,0.002695710492503167,0.002695710492503167,0.002695710492503167,0.002695710492503167,0.002695710492503167,0.002695710492503167,0.002695710492503167,0.002667124084155148,0.002667124084155148,0.002667124084155148,0.0026468644734904956,0.0026468644734904956,0.0026468644734904956,0.0026468644734904956,0.0026468644734904956,0.0026468644734904956,0.0026468644734904956,0.0026468644734904956,0.0026468644734904956,0.002411424167007681,0.002411424167007681,0.002411424167007681,0.002411424167007681,0.0024047068719710296,0.00211495831740649,0.00211495831740649,0.00211495831740649,0.00211495831740649,0.0017120974972613112,0.0015721944479309968,0.0015721944479309968,0.0015721944479309968,0.0015721944479309968,0.0015721944479309968,0.0015721944479309968,0.0015721944479309968,0.0015626327194695477,0.0015626327194695477,0.0015626327194695477,0.0015626327194695477,0.0015626327194695477,0.0015626327194695477,0.0015626327194695477,0.0015626327194695477,0.0015626327194695477,0.0015626327194695477,0.0015626327194695477,0.0015626327194695477,0.0015626327194695477,0.0015626327194695477,0.0015626327194695477,0.0014047894167106278,0.0014047894167106278,0.0014047894167106278,0.0014047894167106278,0.0011229409678890079,0.0011229409678890079,0.0011229409678890079,0.0011229409678890079,0.0010718676854821751,0.0010718676854821751,0.0010718676854821751,0.0010718676854821751,0.0010718676854821751,0.0010718676854821751,0.0010718676854821751,0.0010718676854821751,7.36580755074101e-05
main/cec2022_F05_D10/GA/default/2,0.10900443143748362,0.09254955077892646,0.09076348009546109,0.09019381336986498,0.08995829497030172,0.0897602416035852,0.08966303820841404,0.08964784633883482,0.08962479342380902,0.08962479342380902,0.08962437832451542,0.08962077288231285,0.08960551271854911,0.08959117346137191,0.08957878442504352,0.08957860850682664,0.08957244737302972,0.08956221501193795,0.08955916347531456,0.08955556697219436,0.08955439694693723,0.08955439694693723,0.08954685497587889,0.08954598414868542,0.08954598414868542,0.08954288083066331,0.08953719948954131,0.08953537054583194,0.08953470877224845,0.08953448676186326,0.08953448676186326,0.089533972010031,0.08953366800415097,0.08953277949774474,0.08953277949774474,0.08953277865180098,0.08953277865180098,0.08953196162030963,0.08953196162030963,0.08953147539057227,0.08953135482647667,0.08953096848119912,0.0895308616264856,0.08953078339618514,0.08953078339618514,0.08953078339618514,0.08953046006377008,0.08953046006377008,0.08952985152654946,0.08952984741210912,0.08952984741210912,0.08952984741210912,0.08952977259764339,0.08952977259764339,0.089529705566747,0.08952958416648471,0.08952958082181794,0.08952958082181794,0.08952947707575731,0.08952939707762653,0.08952919872388065,0.08952916105215536,0.08952909902598094,0.08952909902598094,0.08952895306754272,0.08952890128068702,0.08952890128068702,0.08952876562250367,0.08952876562250367,0.0895287373859901,0.0895287373859901,0.0895287373859901,0.0895287373859901,0.0895287373859901,0.0895287373859901,0.0895287373859901,0.0895287373859901,0.08952873191412891,0.08952865154458323,0.0895286430517217,0.08952855393215486,0.08952855393215486,0.08952854748008576,0.08952845329611137,0.08952842933013017,0.08952842933013017,0.08952840786650995,0.08952840786650995,0.08952840557435593,0.08952840557435593,0.08952837662775437,0.08952837662775437,0.08952836163086886,0.08952836163086886,0.08952834988235736,0.08952834988235736,0.08952834988235736,0.08952833462467424,0.08952833462467424,0.08952833462467424
main/cec2022_F05_D10/PSO/default/2,0.34068868816257236,0.22450375204095963,0.22450375204095963,0.22450375204095963,0.22450375204095963,0.22450375204095963,0.22450375204095963,0.1938371652505566,0.18260333514899685,0.0555539425582765,0.0555539425582765,0.0555539425582765,0.05170128094255233,0.03436719204387373,0.03436719204387373,0.028256917388148395,0.027187658448497132,0.02705624512839222,0.02705624512839222,0.022643970358558363,0.012757845768646803,0.012650026145706761,0.012650026023038663,0.012280093411732196,0.0036654358723353653,0.0020415726044120674,0.0009420604743581862,0.0007784771388514855,0.00012546281948289106,6.475024031260546e-05,5.695386403203884e-05,5.486587349423644e-05,4.354411305484973e-05,2.740326783623459e-05,1.868415711214766e-05,1.8658055751075153e-05,8.600227829447249e-06,6.503346185127157e-06,2.3866318770160433e-06,1.5458801954082446e-06,5.463497245727922e-07,2.4904056772356853e-07,1.7991203549172496e-07,3.4819208849512506e-08,8.99274255061755e-09,2.0005472833872773e-09,4.664570951717906e-10,5.1727511163335294e-11,9.890754881780595e-12,3.865352482534945e-12,1.1368683772161603e-12,3.410605131648481e-13,1.1368683772161603e-13,1.1368683772161603e-13,1.1368683772161603e-13,1.1368683772161603e-13,1.1368683772161603e-13,1.1368683772161603e-13,1.1368683772161603e-13,1.1368683772161603e-13,1.1368683772161603e-13,1.1368683772161603e-13,1.1368683772161603e-13,1.1368683772161603e-13,1.1368683772161603e-13,1.1368683772161603e-13,1.1368683772161603e-13,1.1368683772161603e-13,1.1368683772161603e-13,1.1368683772161603e-13,1.1368683772161603e-13,1.1368683772161603e-13,1.1368683772161603e-13,1.1368683772161603e-13,1.1368683772161603e-13,1.1368683772161603e-13,1.1368683772161603e-13,1.1368683772161603e-13,1.1368683772161603e-13,1.1368683772161603e-13,1.1368683772161603e-13,1.1368683772161603e-13,1.1368683772161603e-13,1.1368683772161603e-13,1.1368683772161603e-13,1.1368683772161603e-13,1.1368683772161603e-13,1.1368683772161603e-13,1.1368683772161603e-13,1.1368683772161603e-13,1.1368683772161603e-13,1.1368683772161603e-13,1.1368683772161603e-13,1.1368683772161603e-13,1.1368683772161603e-13,1.1368683772161603e-13,1.1368683772161603e-13,1.1368683772161603e-13,1.1368683772161603e-13,1.1368683772161603e-13
main/cec2022_F05_D10/GWO/default/2,2.2393267574691436,0.8973158438960809,0.8973158438960809,0.8973158438960809,0.8973158438960809,0.8622624489970576,0.8622624489970576,0.8622624489970576,0.8622624489970576,0.8622624489970576,0.8622624489970576,0.8622624489970576,0.8622624489970576,0.7262612966693496,0.7262612966693496,0.5026884342983067,0.5026884342983067,0.5026884342983067,0.5026884342983067,0.5026884342983067,0.5026884342983067,0.5026884342983067,0.5026884342983067,0.5026884342983067,0.5026884342983067,0.5026884342983067,0.34997193677895666,0.34997193677895666,0.34997193677895666,0.34997193677895666,0.34997193677895666,0.34997193677895666,0.34997193677895666,0.34997193677895666,0.34997193677895666,0.34997193677895666,0.34997193677895666,0.34997193677895666,0.34997193677895666,0.34997193677895666,0.34997193677895666,0.34997193677895666,0.34997193677895666,0.34997193677895666,0.34997193677895666,0.34997193677895666,0.34997193677895666,0.34997193677895666,0.34997193677895666,0.3454504953814421,0.3454504953814421,0.23286514286462534,0.23286514286462534,0.23286514286462534,0.1713051406489967,0.1713051406489967,0.1713051406489967,0.1713051406489967,0.1713051406489967,0.1713051406489967,0.1713051406489967,0.1713051406489967,0.1713051406489967,0.1713051406489967,0.09709080209188414,0.09709080209188414,0.09709080209188414,0.09709080209188414,0.09709080209188414,0.09709080209188414,0.09709080209188414,0.09709080209188414,0.09709080209188414,0.0923462446622807,0.0923462446622807,0.0923462446622807,0.0923462446622807,0.0923462446622807,0.06340240340307446,0.06340240340307446,0.0629837244977125,0.0629837244977125,0.04240714937293433,0.04240714937293433,0.04240714937293433,0.04142544304545481,0.04063691120325075,0.027841850213349062,0.02651997456416666,0.01892405792432328,0.01892405792432328,0.016856123304933135,0.011831205464886807,0.008004191019608697,0.005731115684056931,0.0035665622510805406,0.0025450449569461853,0.0010759383317235915,0.0002831156426736925,7.124207286324236e-07
main/cec2022_F05_D10/CMA-ES (IPOP)/default/2,2.05773176276125e-11,0.0,0.0,0.0,0.0,0.0,0.0,0.0,0.0,0.0,0.0,0.0,0.0,0.0,0.0,0.0,0.0,0.0,0.0,0.0,0.0,0.0,0.0,0.0,0.0,0.0,0.0,0.0,0.0,0.0,0.0,0.0,0.0,0.0,0.0,0.0,0.0,0.0,0.0,0.0,0.0,0.0,0.0,0.0,0.0,0.0,0.0,0.0,0.0,0.0,0.0,0.0,0.0,0.0,0.0,0.0,0.0,0.0,0.0,0.0,0.0,0.0,0.0,0.0,0.0,0.0,0.0,0.0,0.0,0.0,0.0,0.0,0.0,0.0,0.0,0.0,0.0,0.0,0.0,0.0,0.0,0.0,0.0,0.0,0.0,0.0,0.0,0.0,0.0,0.0,0.0,0.0,0.0,0.0,0.0,0.0,0.0,0.0,0.0,0.0
main/cec2022_F05_D10/TFO/full/3,0.31722306954452506,0.23444955972513526,0.14277380352075397,0.06762571324838973,0.05438423450868868,0.02853008253907774,0.02853008253907774,0.015292329898329626,0.010188281516434472,0.008791718804786797,0.00865500566146693,0.0081346150226409,0.00678239295871208,0.00678239295871208,0.00526367963618668,0.00500182319740361,0.00500182319740361,0.00500182319740361,0.00500182319740361,0.00500182319740361,0.004700667091469768,0.004700667091469768,0.004700667091469768,0.0033593694133742247,0.0033593694133742247,0.0031355574166127553,0.0031355574166127553,0.0031355574166127553,0.0031355574166127553,0.0031355574166127553,0.0031355574166127553,0.0030954897307537976,0.0028714980223867315,0.0028714980223867315,0.002119454325111292,0.002119454325111292,0.002119454325111292,0.0019488261075366609,0.0019488261075366609,0.0019488261075366609,0.001900098663895733,0.0018903642655914155,0.0018886531551061125,0.0018886531551061125,0.0018886531551061125,0.001866230689074655,0.001866230689074655,0.001866230689074655,0.001866230689074655,0.001866230689074655,0.0017074299161095041,0.0017074299161095041,0.0017074299161095041,0.0017074299161095041,0.0017074299161095041,0.0017074299161095041,0.0017074299161095041,0.0017074299161095041,0.0017074299161095041,0.0017074299161095041,0.0017074299161095041,0.0017074299161095041,0.0017074299161095041,0.0017074299161095041,0.0017074299161095041,0.0017065031720449042,0.0017065031720449042,0.0017065031720449042,0.0017065031720449042,0.0017065031720449042,0.0014083301872460652,0.0014083301872460652,0.0014083301872460652,0.0013507472673381926,0.0012981817849322397,0.0012981817849322397,0.0012981817849322397,0.0012981817849322397,0.0012981817849322397,0.0012365458894691983,0.0012365458894691983,0.0012365458894691983,0.0012365458894691983,0.0012365458894691983,0.0012365458894691983,0.0012365458894691983,0.0012365458894691983,0.0012365458894691983,0.0012365458894691983,0.0012118919679551254,0.0012118919679551254,0.0012118919679551254,0.0012118919679551254,0.0012118919679551254,0.0012118919679551254,0.0012118919679551254,0.001083989039784683,0.001083989039784683,0.001083989039784683,0.001083989039784683
main/cec2022_F05_D10/WOA/default/2,0.8781511803113062,0.6823178831433552,0.570198582243961,0.5606696013926467,0.5571441934590666,0.5516700311369505,0.5502331780515988,0.5482373795588273,0.5453311949643194,0.5445465960862066,0.5442892662248369,0.5440822822193923,0.5440385192782742,0.5439593179478379,0.5439257273595786,0.5438903209070531,0.543883576944836,0.5438752179334188,0.5438670899511635,0.5438597047094618,0.5438568186632438,0.543855080517119,0.543853925971348,0.5438532182033669,0.5438530028674222,0.5438527162890523,0.5438525873972822,0.5438524382253718,0.54385240541842,0.5438523919596037,0.5438523883819926,0.5438523778146873,0.5438523506742285,0.5438523331603164,0.5438523176727585,0.5438523052022219,0.543852289466713,0.5438522830088459,0.543852281164618,0.5438522799156544,0.5438522736077402,0.5438522725311259,0.5438522719646244,0.5438522718684453,0.5438522718676495,0.5438522718676495,0.5438522718676495,0.5438522718676495,0.5438522718676495,0.5438522718599188,0.5438522718599188,0.5438522718599188,0.5438522718599188,0.5438522718599188,0.5438522718599188,0.5438522718599188,0.5438522718599188,0.5438522718599188,0.5438522718599188,0.5438522718599188,0.5438522718599188,0.5438522718599188,0.5438522718599188,0.5438522718599188,0.5438522718599188,0.5438522718599188,0.5438522718599188,0.5438522718599188,0.5438522718599188,0.5438522718599188,0.5438522718599188,0.5438522718599188,0.5438522718599188,0.5438522718599188,0.5438522718599188,0.5438522718599188,0.5438522718599188,0.5438522718599188,0.5438522718599188,0.5438522718599188,0.5438522718599188,0.5438522718599188,0.5438522718599188,0.5438522718599188,0.5438522718599188,0.5438522718599188,0.5438522718599188,0.5438522718599188,0.5438522718599188,0.5438522718599188,0.5438522718599188,0.5438522718599188,0.5438522718599188,0.5438522718599188,0.5438522718599188,0.5438522718599188,0.5438522718599188,0.5438522718599188,0.5438522718599188,0.5438522718599188
main/cec2022_F05_D10/L-SHADE/default/2,1.5961157678451627,1.0245347056285254,0.4175368339678016,0.377458009491761,0.17588001917238216,0.05949236549633952,0.0161667486057695,0.004501154275317276,0.00045677928414988855,0.00011007769512616505,1.1302901953058608e-05,2.7295337758914684e-06,4.0229406295111403e-07,8.077131496975198e-08,1.8470473150955513e-08,3.3526248444104567e-09,1.7564616427989677e-10,7.537437340943143e-11,1.1141310096718371e-11,1.2505552149377763e-12,1.1368683772161603e-13,0.0,0.0,0.0,0.0,0.0,0.0,0.0,0.0,0.0,0.0,0.0,0.0,0.0,0.0,0.0,0.0,0.0,0.0,0.0,0.0,0.0,0.0,0.0,0.0,0.0,0.0,0.0,0.0,0.0,0.0,0.0,0.0,0.0,0.0,0.0,0.0,0.0,0.0,0.0,0.0,0.0,0.0,0.0,0.0,0.0,0.0,0.0,0.0,0.0,0.0,0.0,0.0,0.0,0.0,0.0,0.0,0.0,0.0,0.0,0.0,0.0,0.0,0.0,0.0,0.0,0.0,0.0,0.0,0.0,0.0,0.0,0.0,0.0,0.0,0.0,0.0,0.0,0.0,0.0
main/cec2022_F05_D10/CA/default/3,0.02405446166517322,0.0013395306076517954,9.44211687965435e-05,2.2555126179213403e-05,6.463151976277004e-06,1.8785880229188479e-06,5.796016466774745e-07,1.6364776911359513e-07,5.744789177697385e-08,1.9230355974286795e-08,1.0608346201479435e-08,5.878064257558435e-09,2.159595169359818e-09,1.0589928933768533e-09,2.4078872229438275e-10,1.0879830369958654e-10,4.9681148084346205e-11,3.2741809263825417e-11,1.3983481039758772e-11,6.59383658785373e-12,3.637978807091713e-12,1.9326762412674725e-12,6.821210263296962e-13,2.2737367544323206e-13,1.1368683772161603e-13,0.0,0.0,0.0,0.0,0.0,0.0,0.0,0.0,0.0,0.0,0.0,0.0,0.0,0.0,0.0,0.0,0.0,0.0,0.0,0.0,0.0,0.0,0.0,0.0,0.0,0.0,0.0,0.0,0.0,0.0,0.0,0.0,0.0,0.0,0.0,0.0,0.0,0.0,0.0,0.0,0.0,0.0,0.0,0.0,0.0,0.0,0.0,0.0,0.0,0.0,0.0,0.0,0.0,0.0,0.0,0.0,0.0,0.0,0.0,0.0,0.0,0.0,0.0,0.0,0.0,0.0,0.0,0.0,0.0,0.0,0.0,0.0,0.0,0.0,0.0
main/cec2022_F05_D10/TFO-static/static/3,0.31722306954452506,0.23444955972513526,0.20496597558678786,0.19762028097875373,0.1561295758591541,0.14257217827594104,0.13203544122688982,0.09790940671280168,0.09701216262590151,0.09672048530626398,0.09479607662876788,0.09479607662876788,0.092201224755172,0.092201224755172,0.06559245446578643,0.06358262973958517,0.03846178202650208,0.03846178202650208,0.03380564041344769,0.0321537131670766,0.023622066906455075,0.023622066906455075,0.023622066906455075,0.023622066906455075,0.020259430599480766,0.019260539402239374,0.019260539402239374,0.018710589677993994,0.018064213083221148,0.01358795881549213,0.012602100284084372,0.010542315987095208,0.010542315987095208,0.008933746369734763,0.008933746369734763,0.008933746369734763,0.007759107447213864,0.007495231226471333,0.007495231226471333,0.007495231226471333,0.007277854579911036,0.007266379878842599,0.006950274566406733,0.006950274566406733,0.006950274566406733,0.006580617203667316,0.006403648053833422,0.006400478070304416,0.006400478070304416,0.006400478070304416,0.005714621256629471,0.005714621256629471,0.002696036267252566,0.002696036267252566,0.002696036267252566,0.002696036267252566,0.002696036267252566,0.002696036267252566,0.002696036267252566,0.002696036267252566,0.002696036267252566,0.002696036267252566,0.002696036267252566,0.0026908645531875663,0.0026908645531875663,0.002292493742629631,0.002292493742629631,0.0020470361450861674,0.0020470361450861674,0.001962081078204392,0.001937000859697946,0.001937000859697946,0.001937000859697946,0.001937000859697946,0.001937000859697946,0.0017484191043877217,0.0017484191043877217,0.0017484191043877217,0.0017484191043877217,0.0017484191043877217,0.0017484191043877217,0.0017484191043877217,0.0017484191043877217,0.0017222340028411054,0.0017212106254191895,0.0017212106254191895,0.0017212106254191895,0.0017212106254191895,0.0017212106254191895,0.0017212106254191895,0.001697551669508357,0.001697551669508357,0.0010918163278574866,0.0010918163278574866,0.001049746949661312,0.001049746949661312,0.001049746949661312,0.001049746949661312,0.001049746949661312,0.00034524425052495644
main/cec2022_F05_D10/PSO/default/3,0.26501392002398916,0.24911653061064953,0.24911653061064953,0.21530064078899613,0.1705584268918301,0.1705584268918301,0.1705584268918301,0.1279136620664758,0.1279136620664758,0.1279136620664758,0.1279136620664758,0.1279136620664758,0.09106888934854851,0.0872145187992146,0.0872145187992146,0.0872145187992146,0.05581919111921252,0.05581919111921252,0.05581919111921252,0.0433667794034136,0.04318144976173244,0.021793893528297303,0.009027739173006921,0.009027739173006921,0.008564655666646104,0.005957267155963564,0.005957267155963564,0.003246198563715552,0.0029154844240792954,0.0029154844240792954,0.0013247560582385631,0.0009136736001664758,0.0005506602499281144,0.00018426977317176352,8.292349593830295e-05,2.396386503278336e-05,7.906993573669752e-06,1.3804559557684115e-06,7.078618864397868e-07,3.171618345731986e-07,8.830090791889234e-08,4.6376158024941105e-08,1.2007035365968477e-08,6.850427780591417e-09,3.3612650440772995e-09,2.1020696294726804e-09,8.122924555209465e-10,3.6777692002942786e-10,3.717559593496844e-11,9.322320693172514e-12,1.8189894035458565e-12,5.684341886080801e-13,3.410605131648481e-13,3.410605131648481e-13,2.2737367544323206e-13,2.2737367544323206e-13,2.2737367544323206e-13,2.2737367544323206e-13,2.2737367544323206e-13,2.2737367544323206e-13,2.2737367544323206e-13,2.2737367544323206e-13,2.2737367544323206e-13,2.2737367544323206e-13,2.2737367544323206e-13,2.2737367544323206e-13,2.2737367544323206e-13,2.2737367544323206e-13,2.2737367544323206e-13,2.2737367544323206e-13,2.2737367544323206e-13,2.2737367544323206e-13,2.2737367544323206e-13,2.2737367544323206e-13,2.2737367544323206e-13,2.2737367544323206e-13,2.2737367544323206e-13,2.2737367544323206e-13,2.2737367544323206e-13,2.2737367544323206e-13,2.2737367544323206e-13,2.2737367544323206e-13,2.2737367544323206e-13,2.2737367544323206e-13,2.2737367544323206e-13,2.2737367544323206e-13,2.2737367544323206e-13,2.2737367544323206e-13,2.2737367544323206e-13,2.2737367544323206e-13,2.2737367544323206e-13,2.2737367544323206e-13,2.2737367544323206e-13,2.2737367544323206e-13,2.2737367544323206e-13,2.2737367544323206e-13,2.2737367544323206e-13,2.2737367544323206e-13,2.2737367544323206e-13,2.2737367544323206e-13
main/cec2022_F05_D10/GA/default/3,0.007099729031892821,0.0012100718092824536,0.0003748903317273289,0.00017609893643566465,5.11025270952814e-05,4.55620980801541e-05,2.1629816615131858e-05,1.3994731375532865e-05,1.3125565942573303e-05,1.1117040799035749e-05,1.1117040799035749e-05,9.455106805944524e-06,9.455106805944524e-06,9.455106805944524e-06,9.455106805944524e-06,9.455106805944524e-06,6.41110455035232e-06,5.823857350151229e-06,5.119037155054684e-06,4.2936952695527e-06,3.11024905386148e-06,3.106224994553486e-06,3.106224994553486e-06,3.106224994553486e-06,3.106224994553486e-06,3.0297862849693047e-06,3.0297862849693047e-06,2.6182420924669714e-06,2.6182420924669714e-06,2.6182420924669714e-06,2.6182420924669714e-06,2.6182420924669714e-06,2.36130381381372e-06,2.36130381381372e-06,2.36130381381372e-06,2.339937282158644e-06,2.339937282158644e-06,2.145549387932988e-06,1.992255647564889e-06,1.9831624058497255e-06,1.4769582321605412e-06,1.4122708762442926e-06,1.259621399185562e-06,7.705710913796793e-07,7.705710913796793e-07,7.705710913796793e-07,7.705710913796793e-07,6.90790216140158e-07,5.890128704777453e-07,5.890128704777453e-07,5.764171646660543e-07,5.764171646660543e-07,5.764171646660543e-07,5.576027888309909e-07,5.576027888309909e-07,5.576027888309909e-07,5.299172016748344e-07,5.299172016748344e-07,4.980049652658636e-07,4.980049652658636e-07,4.980049652658636e-07,4.842438556806883e-07,4.842438556806883e-07,4.3777970404335065e-07,4.3777970404335065e-07,4.3777970404335065e-07,4.3777970404335065e-07,4.336118308856385e-07,4.336118308856385e-07,3.4036702345474623e-07,3.4036702345474623e-07,3.4036702345474623e-07,3.1365584618470166e-07,3.1364209007733734e-07,2.8780436878150795e-07,2.6870873170992127e-07,2.57815258919436e-07,2.5672306946944445e-07,2.5672306946944445e-07,2.5672306946944445e-07,2.5672306946944445e-07,2.5672306946944445e-07,2.1309347175701987e-07,1.548738737255917e-07,1.455811116102268e-07,1.3804435639030999e-07,5.461572527565295e-08,5.461572527565295e-08,5.461572527565295e-08,5.461572527565295e-08,5.461572527565295e-08,4.423145583132282e-08,3.869229203701252e-08,3.869229203701252e-08,3.862737685267348e-08,3.862737685267348e-08,3.748493782040896e-08,3.115007984888507e-08,3.115007984888507e-08,3.115007984888507e-08
main/cec2022_F05_D10/GWO/default/3,2.743585176800593,1.0982539468050163,1.0982539468050163,1.0982539468050163,1.0982539468050163,1.0982539468050163,1.0982539468050163,1.0982539468050163,1.0982539468050163,1.0982539468050163,1.0982539468050163,0.7108245060269383,0.7108245060269383,0.7108245060269383,0.7108245060269383,0.7108245060269383,0.7108245060269383,0.7108245060269383,0.7108245060269383,0.7108245060269383,0.7108245060269383,0.7108245060269383,0.7108245060269383,0.7008292142901382,0.7008292142901382,0.7008292142901382,0.7008292142901382,0.7008292142901382,0.39403139182195446,0.39403139182195446,0.39403139182195446,0.39403139182195446,0.39403139182195446,0.39403139182195446,0.39403139182195446,0.39403139182195446,0.39403139182195446,0.35860769984242324,0.35860769984242324,0.35860769984242324,0.35860769984242324,0.35860769984242324,0.35860769984242324,0.35860769984242324,0.35860769984242324,0.35860769984242324,0.35860769984242324,0.35860769984242324,0.35860769984242324,0.35860769984242324,0.3327546146043687,0.234016999289679,0.234016999289679,0.234016999289679,0.234016999289679,0.234016999289679,0.234016999289679,0.234016999289679,0.234016999289679,0.234016999289679,0.2132364718485178,0.2132364718485178,0.2132364718485178,0.2132364718485178,0.21109399899512482,0.21109399899512482,0.14660075161680197,0.14660075161680197,0.14660075161680197,0.14660075161680197,0.14660075161680197,0.1387716524568532,0.119992255891475,0.119992255891475,0.119992255891475,0.08549682821148963,0.08549682821148963,0.08549682821148963,0.0671348619729315,0.0671348619729315,0.05780389019082577,0.05780389019082577,0.05780389019082577,0.04548162294781832,0.02418553412849178,0.02418553412849178,0.02418553412849178,0.02418553412849178,0.01435131769369491,0.01435131769369491,0.01435131769369491,0.011737864159044875,0.005797516049256046,0.005797516049256046,0.005797516049256046,0.005041480032105028,0.0030497960090087872,0.0005229148985108623,0.00031808797155008506,1.907229830067081e-06
main/cec2022_F05_D10/CMA-ES (IPOP)/default/3,1.3869794202037156e-11,0.0,0.0,0.0,0.0,0.0,0.0,0.0,0.0,0.0,0.0,0.0,0.0,0.0,0.0,0.0,0.0,0.0,0.0,0.0,0.0,0.0,0.0,0.0,0.0,0.0,0.0,0.0,0.0,0.0,0.0,0.0,0.0,0.0,0.0,0.0,0.0,0.0,0.0,0.0,0.0,0.0,0.0,0.0,0.0,0.0,0.0,0.0,0.0,0.0,0.0,0.0,0.0,0.0,0.0,0.0,0.0,0.0,0.0,0.0,0.0,0.0,0.0,0.0,0.0,0.0,0.0,0.0,0.0,0.0,0.0,0.0,0.0,0.0,0.0,0.0,0.0,0.0,0.0,0.0,0.0,0.0,0.0,0.0,0.0,0.0,0.0,0.0,0.0,0.0,0.0,0.0,0.0,0.0,0.0,0.0,0.0,0.0,0.0,0.0
main/cec2022_F05_D10/TFO/full/4,1.5080247200103258,0.9773916820688555,0.7817678202534353,0.6453543288001811,0.574695031819374,0.21152567719593662,0.15016164958888112,0.05687999401197885,0.020344286299746273,0.014440367081419936,0.007820915389743277,0.007820915389743277,0.007532804775792101,0.005481496543893627,0.0052110689522351095,0.0052110689522351095,0.004418067078063359,0.004418067078063359,0.004418067078063359,0.004292843609619013,0.004292843609619013,0.0029478125497917063,0.0029478125497917063,0.0029478125497917063,0.0025519545454244508,0.0025519545454244508,0.002543614393516691,0.002543614393516691,0.002543614393516691,0.002543614393516691,0.0023617313614749946,0.0023617313614749946,0.0023617313614749946,0.0022821363472758094,0.0022821363472758094,0.0022821363472758094,0.0022821363472758094,0.0022821363472758094,0.0022821363472758094,0.0022821363472758094,0.0022821363472758094,0.0017990979966953091,0.0017990979966953091,0.0007239213434786507,0.0007239213434786507,0.0007239213434786507,0.0007239213434786507,0.0007239213434786507,0.0007239213434786507,0.0006972751783678177,0.0006972751783678177,0.0006972751783678177,0.0006972751783678177,0.0006972751783678177,0.0006773206126808873,0.0006773206126808873,0.0006773206126808873,0.0006522183256265635,0.0006522183256265635,0.0005221384724336531,0.0005221384724336531,0.0005221384724336531,0.0005221384724336531,0.0005221384724336531,0.0005221384724336531,0.0005221384724336531,0.0005221384724336531,0.0005221384724336531,0.0005221384724336531,0.0005221384724336531,0.0005221384724336531,0.0005188011399468451,0.0004889465157020823,0.0004889465157020823,0.0004889465157020823,0.0004889465157020823,0.0004394167018517692,0.0004394167018517692,0.0004394167018517692,0.0004394167018517692,0.0004394167018517692,0.0004394167018517692,0.0004394167018517692,0.00018912257428382873,0.00018912257428382873,0.00018912257428382873,0.00018912257428382873,0.00018912257428382873,0.00018912257428382873,0.00018912257428382873,0.00018912257428382873,0.00018912257428382873,0.00018912257428382873,0.0001782982685654133,0.0001782982685654133,0.0001782982685654133,0.0001782982685654133,0.0001782982685654133,0.0001782982685654133,0.0001782982685654133
main/cec2022_F05_D10/L-SHADE/default/3,1.9130338762020074,0.5110701584496837,0.40035682764471403,0.20278708818955238,0.08689226719604903,0.030933644775018365,0.007508062825422712,0.0011115353199784295,0.0002914537117248983,2.1800340846311883e-05,5.690231091648457e-06,1.066528852788906e-06,2.6904785954684485e-07,7.565961368527496e-08,4.511207407631446e-09,1.1280008038738742e-09,1.6996182239381596e-10,1.261923898709938e-11,2.5011104298755527e-12,4.547473508864641e-13,0.0,0.0,0.0,0.0,0.0,0.0,0.0,0.0,0.0,0.0,0.0,0.0,0.0,0.0,0.0,0.0,0.0,0.0,0.0,0.0,0.0,0.0,0.0,0.0,0.0,0.0,0.0,0.0,0.0,0.0,0.0,0.0,0.0,0.0,0.0,0.0,0.0,0.0,0.0,0.0,0.0,0.0,0.0,0.0,0.0,0.0,0.0,0.0,0.0,0.0,0.0,0.0,0.0,0.0,0.0,0.0,0.0,0.0,0.0,0.0,0.0,0.0,0.0,0.0,0.0,0.0,0.0,0.0,0.0,0.0,0.0,0.0,0.0,0.0,0.0,0.0,0.0,0.0,0.0,0.0
main/cec2022_F05_D10/WOA/default/3,2.696933717193815,2.5650657337157554,2.530804444703108,2.5223781695226535,2.5067888750443217,2.496354975565623,2.380176230702318,2.289397634173156,2.257176851356121,2.242523421299097,2.230160364147764,2.209478941241855,2.199515312000358,2.1956546809805104,2.191019426760022,2.1871927595622083,2.1853629139244504,2.1840002293466796,2.183673200405906,2.1834926563445833,2.1833383121644374,2.1831979104415495,2.1828526394804157,2.1826974350614137,2.1826390693155417,2.1825495558717876,2.182478724073462,2.1824237229672008,2.182378082792866,2.1823538441557275,2.1823403887423183,2.182326165587824,2.182298174940115,2.1822531411597765,2.1822053433110113,2.1821828571623882,2.1821644992974143,2.182126956324396,2.1821183238795356,2.182109411272563,2.1820912841307063,2.1820872186937095,2.1820824371006893,2.182077321795532,2.1820763326403494,2.1820756736469775,2.1820748644687455,2.182074211078202,2.1820731523750965,2.182072666863519,2.1820724046471014,2.182072231402799,2.182071976551015,2.1820719232548527,2.182071797834624,2.182071720431395,2.18207168716458,2.182071599518167,2.1820714877067076,2.182071369131563,2.1820712474612947,2.1820711721480848,2.1820711200865617,2.182071056055406,2.1820710276617774,2.182070991218552,2.1820709341103566,2.182070906680451,2.1820708856004103,2.1820708749853566,2.1820708402152604,2.182070824685411,2.182070799011285,2.1820707790978986,2.1820707626252442,2.182070757572319,2.18207075434691,2.1820707524694853,2.182070751839774,2.1820707425314367,2.1820707254423723,2.1820707229754817,2.18207071850361,2.1820707098647745,2.182070705342767,2.1820707010504066,2.18207070015967,2.182070700048598,2.182070699237215,2.1820706968505874,2.182070695070138,2.182070693108699,2.1820706927203446,2.1820706916007566,2.1820706914504626,2.1820706914380708,2.1820706914380708,2.1820706912370724,2.1820706903037035,2.18207068962829
main/cec2022_F05_D10/CA/default/4,0.12692555832700236,0.09081403775724084,0.08970209429025999,0.08955305143615533,0.08953724698744736,0.0895323828774508,0.08953040119433808,0.0895293753221722,0.0895287067036179,0.08952841812003953,0.08952831591079757,0.0895282803093096,0.08952826269228353,0.08952825920891883,0.08952825483254401,0.08952825310018397,0.08952825119592944,0.08952825097583172,0.08952825050391766,0.08952825045662394,0.08952825042956647,0.08952825042342738,0.08952825042001678,0.08952825041842516,0.08952825041751566,0.08952825041706092,0.08952825041671986,0.08952825041660617,0.08952825041660617,0.08952825041649248,0.08952825041649248,0.08952825041649248,0.08952825041649248,0.08952825041649248,0.08952825041649248,0.08952825041649248,0.08952825041649248,0.08952825041649248,0.08952825041649248,0.08952825041649248,0.08952825041649248,0.08952825041649248,0.08952825041649248,0.08952825041649248,0.08952825041649248,0.08952825041649248,0.08952825041649248,0.08952825041649248,0.08952825041649248,0.08952825041649248,0.08952825041649248,0.08952825041649248,0.08952825041649248,0.08952825041649248,0.08952825041649248,0.08952825041649248,0.08952825041649248,0.08952825041649248,0.08952825041649248,0.08952825041649248,0.08952825041649248,0.08952825041649248,0.08952825041649248,0.08952825041649248,0.08952825041649248,0.08952825041649248,0.08952825041649248,0.08952825041649248,0.08952825041649248,0.08952825041649248,0.08952825041649248,0.08952825041649248,0.08952825041649248,0.08952825041649248,0.08952825041649248,0.08952825041649248,0.08952825041649248,0.08952825041649248,0.08952825041649248,0.08952825041649248,0.08952825041649248,0.08952825041649248,0.08952825041649248,0.08952825041649248,0.08952825041649248,0.08952825041649248,0.08952825041649248,0.08952825041649248,0.08952825041649248,0.08952825041649248,0.08952825041649248,0.08952825041649248,0.08952825041649248,0.08952825041649248,0.08952825041649248,0.08952825041649248,0.08952825041649248,0.08952825041649248,0.08952825041649248,0.08952825041649248
main/cec2022_F05_D10/TFO-static/static/4,1.5080247200103258,0.7282476351872447,0.3139168149195939,0.26385575896563296,0.2468349227294766,0.18415104921859893,0.1534594873721744,0.07944649232626944,0.07331299334543928,0.06981730663221697,0.06923133985537788,0.06923133985537788,0.06267372522461301,0.03364138660117533,0.026454489310708595,0.026382281230553417,0.026081797579763588,0.022499735980886726,0.02020523159080767,0.02020523159080767,0.01942225317611701,0.01721947220733,0.01721947220733,0.01721947220733,0.01721947220733,0.016449246154820685,0.016449246154820685,0.010893518054331253,0.006653260296957342,0.006653260296957342,0.006653260296957342,0.006653260296957342,0.006653260296957342,0.006653260296957342,0.006653260296957342,0.006554931245773332,0.006554931245773332,0.006554931245773332,0.006554931245773332,0.006550431010055036,0.006550431010055036,0.006442380252337898,0.005838466474870074,0.005838466474870074,0.005479087224330215,0.005479087224330215,0.005329268715740909,0.005329268715740909,0.005329268715740909,0.005329268715740909,0.005187129825799275,0.005187129825799275,0.005187129825799275,0.005187129825799275,0.005085316054191935,0.005013267311028358,0.005013267311028358,0.005013267311028358,0.005013267311028358,0.005013267311028358,0.0047889891205841195,0.0047889891205841195,0.0047889891205841195,0.0047889891205841195,0.0047889891205841195,0.004455027978110593,0.004455027978110593,0.004214734715333179,0.004198316162955962,0.004198316162955962,0.004198316162955962,0.0038624867871703827,0.003833435567344168,0.003833435567344168,0.003833435567344168,0.003453364974006945,0.003453364974006945,0.003453364974006945,0.0033525657825066446,0.0033525657825066446,0.0033525657825066446,0.0033525657825066446,0.0033525657825066446,0.0030271674278310456,0.0029855179794822106,0.0029855179794822106,0.0029855179794822106,0.0029855179794822106,0.0028102370266651633,0.0028102370266651633,0.0026419898979384016,0.0026419898979384016,0.0026419898979384016,0.0026419898979384016,0.0025709492888381646,0.0025709492888381646,0.0023720735215420063,0.0023720735215420063,0.002179450632525004,0.0004177952783948058
main/cec2022_F05_D10/PSO/default/4,0.26684128264582796,0.26684128264582796,0.26684128264582796,0.26684128264582796,0.2614348878562396,0.22548062725354612,0.11662518150683354,0.11662518150683354,0.09668631417923734,0.09668631417923734,0.09668631417923734,0.09668631417923734,0.09668631417923734,0.07900954709486996,0.0601717175882186,0.025453513208162803,0.025453513208162803,0.025453513208162803,0.0191114717815708,0.005261374660108231,0.005261374660108231,0.004898856444810917,0.0047980662677673536,0.0035452742046118146,0.0029385643716750565,0.0007033562112610525,0.0005753675811774883,0.00024320373813679907,0.00024320373813679907,0.00010587008250695362,8.312042905345152e-05,6.817012115334364e-05,5.5261337365664076e-05,3.580778627565451e-05,1.5076210502229515e-05,1.3662973060490913e-05,6.139507377156406e-06,1.916372298182978e-06,7.90345438872464e-07,3.678670736917411e-07,1.2568250440381235e-07,7.306823590624845e-08,3.082379862462403e-08,2.2649260245088954e-08,1.4770989764656406e-08,3.1374156606034376e-09,1.0436451702844352e-09,1.3847056834492832e-10,2.262368070660159e-11,7.617018127348274e-12,1.1368683772161603e-12,3.410605131648481e-13,3.410605131648481e-13,2.2737367544323206e-13,2.2737367544323206e-13,1.1368683772161603e-13,1.1368683772161603e-13,1.1368683772161603e-13,1.1368683772161603e-13,1.1368683772161603e-13,1.1368683772161603e-13,1.1368683772161603e-13,1.1368683772161603e-13,1.1368683772161603e-13,1.1368683772161603e-13,1.1368683772161603e-13,1.1368683772161603e-13,1.1368683772161603e-13,1.1368683772161603e-13,1.1368683772161603e-13,1.1368683772161603e-13,1.1368683772161603e-13,1.1368683772161603e-13,1.1368683772161603e-13,1.1368683772161603e-13,1.1368683772161603e-13,1.1368683772161603e-13,1.1368683772161603e-13,1.1368683772161603e-13,1.1368683772161603e-13,1.1368683772161603e-13,1.1368683772161603e-13,1.1368683772161603e-13,1.1368683772161603e-13,1.1368683772161603e-13,1.1368683772161603e-13,1.1368683772161603e-13,1.1368683772161603e-13,1.1368683772161603e-13,1.1368683772161603e-13,1.1368683772161603e-13,1.1368683772161603e-13,1.1368683772161603e-13,1.1368683772161603e-13,1.1368683772161603e-13,1.1368683772161603e-13,1.1368683772161603e-13,1.1368683772161603e-13,1.1368683772161603e-13,1.1368683772161603e-13
main/cec2022_F05_D10/GWO/default/4,1.579337817170881,1.579337817170881,1.579337817170881,1.579337817170881,1.579337817170881,1.579337817170881,1.579337817170881,1.579337817170881,1.579337817170881,1.579337817170881,0.8997839632201021,0.8997839632201021,0.8997839632201021,0.8997839632201021,0.8997839632201021,0.8997839632201021,0.8997839632201021,0.8997839632201021,0.8997839632201021,0.8997839632201021,0.8291295523961253,0.8291295523961253,0.8291295523961253,0.8041141975961636,0.6117749511779493,0.6117749511779493,0.6117749511779493,0.6117749511779493,0.6117749511779493,0.6117749511779493,0.6117749511779493,0.48906376196737256,0.48906376196737256,0.48906376196737256,0.48906376196737256,0.48906376196737256,0.3834241358919144,0.3834241358919144,0.3834241358919144,0.3385424625453197,0.3385424625453197,0.3385424625453197,0.3385424625453197,0.3385424625453197,0.3385424625453197,0.3385424625453197,0.3385424625453197,0.3385424625453197,0.3385424625453197,0.3385424625453197,0.30493460755076285,0.30493460755076285,0.30493460755076285,0.27116815205579314,0.27116815205579314,0.27116815205579314,0.27116815205579314,0.27116815205579314,0.24384370418977142,0.24384370418977142,0.20496818006392914,0.20496818006392914,0.19564546074525424,0.19564546074525424,0.1925311297529788,0.1925311297529788,0.1925311297529788,0.17968705997554935,0.1332743858027925,0.1332743858027925,0.12506372991890657,0.12506372991890657,0.12506372991890657,0.12506372991890657,0.12506372991890657,0.1010741793413672,0.1010741793413672,0.09575429410881497,0.0896912738339779,0.07454433704958774,0.07454433704958774,0.05688116187025116,0.05688116187025116,0.05688116187025116,0.05688116187025116,0.022731093861466434,0.022731093861466434,0.01997040570927311,0.01997040570927311,0.01997040570927311,0.019943617139006165,0.009180750324503606,0.00729598808004539,0.004311057091172188,0.004311057091172188,0.004311057091172188,0.0014909933444187118,0.0013673964980398523,0.0005248850503676294,4.2980241232726257e-07
main/cec2022_F05_D10/GA/default/4,0.9773196062893703,0.9218281928316401,0.9118033459238859,0.9102195953156524,0.909848727554845,0.909100471058764,0.9088622148195782,0.9087323505146969,0.9087284237206177,0.9087172455116388,0.908714291962724,0.908707833360495,0.908700459079796,0.9086845855894126,0.9086798633576336,0.9086755904371557,0.9086744234730304,0.9086734588859144,0.9086734588859144,0.9086734588859144,0.9086734588859144,0.9086718466719503,0.9086682822464809,0.9086682822464809,0.9086682822464809,0.9086662386048374,0.9086612333467201,0.9086605056671715,0.9086605056671715,0.9086602155376795,0.9086602155376795,0.9086598518363189,0.908659843061173,0.9086598240107833,0.908659614870885,0.9086579045150529,0.9086574370858216,0.9086574370858216,0.9086573574873,0.9086566199412118,0.9086566199412118,0.9086566199412118,0.9086566199412118,0.9086566199412118,0.9086566199412118,0.9086563226363751,0.9086563226363751,0.9086559741048177,0.9086559741048177,0.9086559741048177,0.9086558516495415,0.9086555696454752,0.9086551861289536,0.9086546318967521,0.9086545056062505,0.9086537066835945,0.9086533860091777,0.9086533727252117,0.9086532276264734,0.9086527333264485,0.9086527042860553,0.9086525411838693,0.9086525361143458,0.9086525361092299,0.9086525361092299,0.9086524809283674,0.9086522704607205,0.9086519242839586,0.9086517716220897,0.9086517667233238,0.9086517667233238,0.9086515719516228,0.9086513205841129,0.9086511846921894,0.9086511497935135,0.9086511497935135,0.908650997019322,0.908650997019322,0.908650997019322,0.9086509820114088,0.9086507941340187,0.9086504137327438,0.9086504137327438,0.9086503497096601,0.9086502989798646,0.908650284185228,0.908649735332915,0.9086495479828045,0.9086494781787451,0.9086494289981601,0.9086494289981601,0.9086493643706035,0.9086491983899805,0.9086491429899297,0.908648981067131,0.9086489514961613,0.9086489514961613,0.9086489514961613,0.9086489514961613,0.9086487509083554
main/cec2022_F05_D10/CMA-ES (IPOP)/default/4,4.903313310933299e-10,0.0,0.0,0.0,0.0,0.0,0.0,0.0,0.0,0.0,0.0,0.0,0.0,0.0,0.0,0.0,0.0,0.0,0.0,0.0,0.0,0.0,0.0,0.0,0.0,0.0,0.0,0.0,0.0,0.0,0.0,0.0,0.0,0.0,0.0,0.0,0.0,0.0,0.0,0.0,0.0,0.0,0.0,0.0,0.0,0.0,0.0,0.0,0.0,0.0,0.0,0.0,0.0,0.0,0.0,0.0,0.0,0.0,0.0,0.0,0.0,0.0,0.0,0.0,0.0,0.0,0.0,0.0,0.0,0.0,0.0,0.0,0.0,0.0,0.0,0.0,0.0,0.0,0.0,0.0,0.0,0.0,0.0,0.0,0.0,0.0,0.0,0.0,0.0,0.0,0.0,0.0,0.0,0.0,0.0,0.0,0.0,0.0,0.0,0.0
main/cec2022_F05_D10/WOA/default/4,6.0876609312315395,5.946351283937588,5.895570984601477,5.8916402724248655,5.869113121509713,5.820566230931263,5.813804033989754,5.811994605829227,5.811137872518316,5.810731892214449,5.8106641678207325,5.810635372170964,5.810276748192678,5.810088475817338,5.809915391764434,5.809878063693986,5.809862076855666,5.809841386176458,5.809824011764931,5.809814271025971,5.8098081042218155,5.8098064665442735,5.809806086955405,5.809804887034488,5.8098030091426835,5.809802582805673,5.809802249446307,5.809799610456253,5.809799050894526,5.809798817539331,5.809798602461115,5.809798598309044,5.809798595958341,5.809798555704788,5.809798537009215,5.809798536047538,5.8097985360163875,5.809798536016274,5.809798536016274,5.809798536016274,5.809798536016274,5.809798536016274,5.809798536016274,5.809798536016274,5.809798536016274,5.809798536016274,5.809798536016274,5.809798536016274,5.809798536016274,5.809798536016274,5.809798536016274,5.809798536016274,5.809798536016274,5.809798536016274,5.809798536016274,5.809798536016274,5.809798536016274,5.809798536016274,5.809798536016274,5.809798536016274,5.809798536016274,5.809798536016274,5.809798536016274,5.809798536016274,5.809798536016274,5.809798536016274,5.809798536016274,5.809798536016274,5.809798536016274,5.809798536016274,5.809798536016274,5.809798536016274,5.809798536016274,5.809798536016274,5.809798536016274,5.809798536016274,5.809798536016274,5.809798536016274,5.809798536016274,5.809798536016274,5.809798536016274,5.809798536016274,5.809798536016274,5.809798536016274,5.809798536016274,5.809798536016274,5.809798536016274,5.809798536016274,5.809798536016274,5.809798536016274,5.809798536016274,5.809798536016274,5.809798536016274,5.809798536016274,5.809798536016274,5.809798536016274,5.809798536016274,5.809798536016274,5.809798536016274,5.809798536016274
main/cec2022_F05_D10/L-SHADE/default/4,1.4265425015602204,0.5929128754642079,0.5929128754642079,0.25487367484242895,0.15009125374774612,0.028667258038581167,0.007163513460341164,0.0007900375437657203,0.00019638519472664484,5.706982346964651e-05,1.020182628508337e-05,2.7603995249592117e-06,2.0966160718671745e-07,7.796722911734832e-08,8.71625616127858e-09,2.7018813852919266e-09,3.5083758120890707e-10,4.718003765447065e-11,4.774847184307873e-12,6.821210263296962e-13,1.1368683772161603e-13,0.0,0.0,0.0,0.0,0.0,0.0,0.0,0.0,0.0,0.0,0.0,0.0,0.0,0.0,0.0,0.0,0.0,0.0,0.0,0.0,0.0,0.0,0.0,0.0,0.0,0.0,0.0,0.0,0.0,0.0,0.0,0.0,0.0,0.0,0.0,0.0,0.0,0.0,0.0,0.0,0.0,0.0,0.0,0.0,0.0,0.0,0.0,0.0,0.0,0.0,0.0,0.0,0.0,0.0,0.0,0.0,0.0,0.0,0.0,0.0,0.0,0.0,0.0,0.0,0.0,0.0,0.0,0.0,0.0,0.0,0.0,0.0,0.0,0.0,0.0,0.0,0.0,0.0,0.0
main/cec2022_F12_D10/TFO/full/0,178.65673201765003,173.4710322327128,171.39418718603383,170.14356965934667,169.22128906016223,167.79015294553074,167.6925366585847,167.46234058261734,166.96299720218894,166.96299720218894,166.79159187259074,166.79159101094046,166.32705228188206,166.32705228188206,166.17501352740283,166.15461659687526,166.15259089075244,165.84753770597808,165.8179926499588,165.76422837277687,165.76422837277687,165.74882536927635,165.71793324660348,165.71793324660348,165.71793324660348,165.66906930923233,165.66138368457132,165.66138368457132,165.66138368457132,165.65767570027674,165.04260713748954,164.93595135851183,164.93595135851183,164.93595135851183,164.92891328989845,164.90096990497796,164.90096990497796,164.90096990497796,164.90096990497796,164.90025864865947,164.90025864865947,164.90025864865947,164.90025864865947,164.90025864865947,164.90025864865947,164.900199761787,164.90018220352476,164.90018220352476,164.90018220352476,164.90018220352476,164.90018220352476,164.90018220352476,164.90018220352476,164.90018220352476,164.90018220352476,164.90018160582576,164.90018160582576,164.9001795583731,164.9001795583731,164.9001795583731,164.9001795583731,164.88523052846676,164.82376449291087,164.82376449291087,164.82376449291087,164.819941895812,164.819941895812,164.816686159872,164.816686159872,164.816686159872,164.816686159872,164.78448363516463,164.78448363516463,164.77459854282688,164.77459854282688,164.77459854282688,164.77459854282688,164.77459854282688,164.76935613605656,164.76935613605656,164.76935613605656,164.76935613605656,164.76935613605656,164.76935613605656,164.76935613605656,164.76935613605656,164.76935613605656,164.76935613605656,164.76935613605656,164.76935613605656,164.76935613605656,164.76935613605656,164.76935613605656,164.76935613605656,164.76935613605656,164.76863625963097,164.76863625963097,164.76863625963097,164.76863625963097,164.76825756063226
main/cec2022_F12_D10/GA/default/0,167.4533523894088,167.0974616067515,167.08314401310372,167.07446792395604,166.9123893801957,166.82585049618547,166.8028172297404,166.73368933843312,166.73304225941138,165.89911650354998,165.62533360162843,165.45069657277236,165.40089151073335,165.28310232151853,165.25844562982275,165.16117830660505,165.13822020586804,165.12814565118288,165.0600261252016,165.0397206000157,165.01264938683153,164.94402670767158,164.92739827910054,164.86351751491748,164.8593273025008,164.85453656753634,164.85453656753634,164.8421387048529,164.8389745323152,164.82905165268812,164.82905165268812,164.82905165268812,164.82893809914685,164.82893809914685,164.82893809914685,164.82810528490745,164.82810528490745,164.82810528490745,164.82214252915583,164.81542384454815,164.81241826780342,164.7812871578667,164.74825861321733,164.74510986150108,164.74428808506855,164.70620710170806,164.69970056844568,164.6713084836947,164.66284806239446,164.66039087848276,164.65757894899662,164.65757894899662,164.65753607890792,164.6523643510277,164.6493162553893,164.64912141019204,164.64912141019204,164.6474648378512,164.64728698038198,164.6472500460177,164.64608885983444,164.645972858802,164.645972858802,164.64593389704532,164.64592624904617,164.64592624904617,164.6452375222102,164.64448111419415,164.64448111419415,164.64362541659966,164.64330334596252,164.64330334596252,164.64166069520297,164.64045433409,164.64045433409,164.64045433409,164.64041001499618,164.64041001499618,164.63974853255604,164.63888584684673,164.6383977790715,164.6367129473083,164.6367129473083,164.6367129473083,164.6367129473083,164.63648387291914,164.63648387291914,164.63648387291914,164.63115835607186,164.6310380134919,164.6310380134919,164.63102507173653,164.60808289548186,164.5973047851112,164.59500953606812,164.59285473652426,164.582942565753,164.5825333941675,164.5825333941675,164.58246605800605
main/cec2022_F12_D10/CA/default/0,169.26287885685042,169.09159090013918,169.0878078191049,169.08564775049217,168.10943305365663,166.7360621899811,166.54168876893937,166.4086688678417,166.37758950044736,166.35891535336714,166.34423513209413,166.33658763704125,166.32270574342056,166.32054261578742,166.32025004442858,166.31946510805346,166.3189198764594,166.31857886026592,166.31812515310094,166.31812515310094,166.31812515310094,166.3178257646282,166.31777491194725,166.31777491194725,166.31777488068565,166.31776982569409,166.31775903076777,166.31775903076777,166.31774388229678,166.31773474363672,166.3177249892101,166.3177249892101,166.31771054827868,166.31771014371998,166.31771014371998,166.31770967998864,166.3176939454179,166.31769176887337,166.31769131588317,166.31769131588317,166.3176870798634,166.3176870798634,166.3176858340289,166.3176858340289,166.3176858340289,166.31768322893686,166.31768214850172,166.31768214850172,166.31768214850172,166.31768214850172,166.31768175121624,166.31767870535077,166.31767653572797,166.3176722726589,166.31767219459744,166.3176669188847,166.31766667679085,166.31766632676045,166.31766632644167,166.31766515208437,166.31766425870183,166.31766425870183,166.31766425870183,166.31766425870183,166.31766394512897,166.31766361982181,166.31766359418543,166.3176629943132,166.31766284766854,166.31766231086976,166.3176621106877,166.31766165416684,166.31766164108467,166.31766158188202,166.3176615414768,166.3176613895921,166.31766134162126,166.31766134162126,166.31766134162126,166.31766133993597,166.317661241726,166.31766123378293,166.31766123378293,166.31766123302214,166.31766123302214,166.31766123302214,166.31766123172474,166.31766123172474,166.31766123172474,166.31766123172474,166.3176612298812,166.3176612298812,166.3176612298812,166.3176612298812,166.31766120391012,166.31766120391012,166.31766103054633,166.31766103054633,166.3176610289479,166.31766102464098
main/cec2022_F12_D10/TFO-static/static/0,178.65673201765003,173.4710322327128,171.39418718603383,170.14356965934667,169.22128906016223,168.632437003193,168.16239168188395,168.16239168188395,167.9749113709022,167.9749113709022,167.9495978276591,167.03367084822094,166.80505874781556,166.7305143489607,166.52353485951426,166.49939744969743,166.48728101909865,165.97808977607656,165.97808977607656,165.97808977607656,165.8822635763081,165.87855244866205,165.87855244866205,165.8183011484066,165.79995522068475,165.68040953806758,165.60863450088937,165.607578271256,165.607578271256,165.5795793974412,165.5725166676607,165.5077465972845,165.5077465972845,165.49572772601505,165.49572772601505,165.49572772601505,165.49565781599267,165.49565781599267,165.49565781599267,165.49565781599267,165.48797379699954,165.37917957086165,165.363319666777,165.3628968106741,165.3628968106741,165.3628968106741,165.13204161310523,165.13204161310523,165.13204161310523,165.13204161310523,165.08804722077366,165.0570049297712,165.05643618770546,165.05623623223119,165.05623623223119,165.05615856480608,165.04511629764465,165.04511629764465,165.03950105493004,165.03950105493004,165.0345050108599,165.0345050108599,165.0345050108599,165.0345050108599,165.0345050108599,165.0344878564233,165.0344878564233,165.0344878564233,165.0344253264975,165.0344175292862,165.0332847344025,165.0332847344025,165.0332847344025,165.0332847344025,165.0332847344025,165.0332847344025,165.0332847344025,165.0332847344025,165.0332847344025,165.0332847344025,165.03126567589152,165.02949260190735,165.02949178111567,165.02949137334372,165.02832475930336,165.02832475930336,165.02755157884712,165.02755157884712,165.0082754202017,165.0045838928345,164.8313498396019,164.8313498396019,164.8313498396019,164.63416236322337,164.4136445941631,164.4136445941631,164.3775386846255,164.28281224505508,164.13680615985413,164.08894121282265
main/cec2022_F12_D10/PSO/default/0,171.37473319111768,171.35389132651108,171.35147636993133,171.35147636993133,171.35147636993133,171.35147636993133,171.35141007991024,171.35137276875685,171.35137276875685,171.35137276875685,171.35137276875685,171.35137276875685,171.3513668936671,171.35135526631802,171.35135526631802,171.3513552250215,171.35135518432617,171.35135518432617,171.35135517074605,171.35135517026265,171.35135517007848,171.3513551700753,171.3513551700753,171.3513551700753,171.3513551700753,171.3513551700753,171.3513551700753,171.3513551700753,171.3513551700753,171.3513551700753,171.3513551700753,171.3513551700753,171.3513551700753,171.3513551700753,171.3513551700753,171.3513551700753,171.3513551700753,171.3513551700753,171.3513551700753,171.3513551700753,171.3513551700753,171.3513551700753,171.3513551700753,171.3513551700753,171.3513551700753,171.3513551700753,171.3513551700753,171.3513551700753,171.3513551700753,171.3513551700753,171.3513551700753,171.3513551700753,171.3513551700753,171.3513551700753,171.3513551700753,171.3513551700753,171.3513551700753,171.3513551700753,171.3513551700753,171.3513551700753,171.3513551700753,171.3513551700753,171.3513551700753,171.3513551700753,171.3513551700753,171.3513551700753,171.3513551700753,171.3513551700753,171.3513551700753,171.3513551700753,171.3513551700753,171.3513551700753,171.3513551700753,171.3513551700753,171.3513551700753,171.3513551700753,171.3513551700753,171.3513551700753,171.3513551700753,171.3513551700753,171.3513551700753,171.3513551700753,171.3513551700753,171.3513551700753,171.3513551700753,171.3513551700753,171.3513551700753,171.3513551700753,171.3513551700753,171.3513551700753,171.3513551700753,171.3513551700753,171.3513551700753,171.3513551700753,171.3513551700753,171.3513551700753,171.3513551700753,171.3513551700753,171.3513551700753,171.3513551700753
main/cec2022_F12_D10/GWO/default/0,169.54865205191845,168.80936103329213,168.80936103329213,168.80936103329213,168.80936103329213,168.80936103329213,168.80936103329213,168.80936103329213,168.80936103329213,168.80936103329213,168.80936103329213,168.80936103329213,168.80936103329213,166.9794418881279,166.9794418881279,166.9794418881279,166.9794418881279,166.9794418881279,166.9794418881279,166.9794418881279,166.9794418881279,166.9794418881279,166.9794418881279,166.9794418881279,166.9794418881279,166.9794418881279,166.9794418881279,166.9794418881279,166.9794418881279,166.9794418881279,166.9794418881279,166.9794418881279,166.9794418881279,166.9794418881279,166.9794418881279,166.9794418881279,166.9794418881279,166.9794418881279,166.9794418881279,166.9794418881279,166.9794418881279,166.9794418881279,166.9794418881279,166.9794418881279,166.9794418881279,166.9794418881279,166.9794418881279,166.9794418881279,166.9794418881279,166.9794418881279,166.9794418881279,166.9794418881279,166.9794418881279,166.9794418881279,166.9794418881279,166.9794418881279,166.9794418881279,166.9794418881279,166.9794418881279,166.88152520463473,166.88152520463473,166.88152520463473,166.88152520463473,166.88152520463473,166.88152520463473,166.88152520463473,166.88152520463473,166.88152520463473,166.88152520463473,166.88152520463473,166.88152520463473,166.88152520463473,166.88152520463473,166.88152520463473,166.88152520463473,166.88152520463473,166.88152520463473,166.88152520463473,166.88152520463473,166.88152520463473,166.69895400220003,166.69895400220003,166.69895400220003,166.69895400220003,166.66426127076102,166.66426127076102,166.66372564593485,166.66372564593485,166.66372564593485,166.65269344362378,166.6058006430262,166.6058006430262,166.6058006430262,166.6058006430262,166.6058006430262,166.6058006430262,166.59213820711057,166.59213820711057,166.57121384208313,166.54202865982597
main/cec2022_F12_D10/L-SHADE/default/0,188.8484124305628,168.60344645981831,168.60344645981831,168.05937581893068,167.48582406536343,167.48582406536343,167.18622107221472,166.62166003114498,166.62166003114498,166.16523870929132,165.73228611184095,165.7094662427926,165.6537037538983,165.58837807698546,165.52022120266156,165.4844533544997,165.4736518937657,165.47028354644226,165.46908423311652,165.46865101218918,165.46854796760408,165.46845812269612,165.4684308135429,165.46842550528345,165.4684227968719,165.46842211376634,165.46842187649645,165.4684217707363,165.46842173759205,165.46842172304696,165.46842172118068,165.46842172064225,165.46842172037577,165.46842172035076,165.46842172032484,165.4684217203212,165.46842172031938,165.46842172031893,165.46842172031893,165.46842172031893,165.46842172031893,165.46842172031893,165.46842172031893,165.46842172031893,165.46842172031893,165.46842172031893,165.46842172031893,165.46842172031893,165.46842172031893,165.46842172031893,165.46842172031893,165.46842172031893,165.46842172031893,165.46842172031893,165.46842172031893,165.46842172031893,165.46842172031893,165.46842172031893,165.46842172031893,165.46842172031893,165.46842172031893,165.46842172031893,165.46842172031893,165.46842172031893,165.46842172031893,165.46842172031893,165.46842172031893,165.46842172031893,165.46842172031893,165.46842172031893,165.46842172031893,165.46842172031893,165.46842172031893,165.46842172031893,165.46842172031893,165.46842172031893,165.46842172031893,165.46842172031893,165.46842172031893,165.46842172031893,165.46842172031893,165.46842172031893,165.46842172031893,165.46842172031893,165.46842172031893,165.46842172031893,165.46842172031893,165.46842172031893,165.46842172031893,165.46842172031893,165.46842172031893,165.46842172031893,165.46842172031893,165.46842172031893,165.46842172031893,165.46842172031893,165.46842172031893,165.46842172031893,165.46842172031893,165.46842172031893
main/cec2022_F12_D10/WOA/default/0,307.0323846159072,301.1565302700469,294.9861434189279,281.7303578269266,256.48185994312917,253.8659059984484,253.632308545632,253.62759804004418,253.62759804001507,253.62759804001507,253.62759804001507,253.62759804001507,253.62759804001507,253.62759804001507,253.62759804001507,253.62759804001507,253.62759804001507,253.62759804001507,253.62759804001507,253.62759804001507,253.62759804001507,253.62759804001507,253.62759804001507,253.62759804001507,253.62759804001507,253.62759804001507,253.62759804001507,253.62759804001507,253.62759804001507,253.62759804001507,253.62759804001507,253.62759804001507,253.62759804001507,253.62759804001507,253.62759804001507,253.62759804001507,253.62759804001507,253.62759804001507,253.62759804001507,253.62759804001507,253.62759804001507,253.62759804001507,253.62759804001507,253.62759804001507,253.62759804001507,253.62759804001507,253.62759804001507,253.62759804001507,253.62759804001507,253.62759804001507,253.62759804001507,253.62759804001507,253.62759804001507,253.62759804001507,253.62759804001507,253.62759804001507,253.62759804001507,253.62759804001507,253.62759804001507,253.62759804001507,253.62759804001507,253.62759804001507,253.62759804001507,253.62759804001507,253.62759804001507,253.62759804001507,253.62759804001507,253.62759804001507,253.62759804001507,253.62759804001507,253.62759804001507,253.62759804001507,253.62759804001507,253.62759804001507,253.62759804001507,253.62759804001507,253.62759804001507,253.62759804001507,253.62759804001507,253.62759804001507,253.62759804001507,253.62759804001507,253.62759804001507,253.62759804001507,253.62759804001507,253.62759804001507,253.62759804001507,253.62759804001507,253.62759804001507,253.62759804001507,253.62759804001507,253.62759804001507,253.62759804001507,253.62759804001507,253.62759804001507,253.62759804001507,253.62759804001507,253.62759804001507,253.62759804001507,253.62759804001507
main/cec2022_F12_D10/CMA-ES (IPOP)/default/0,166.39675745938848,166.38756112427882,166.38750728899277,166.38750694189912,166.3875069415858,166.3875069415858,166.3875069415858,166.3875069415858,166.3875069415858,166.3875069415858,166.38750694156897,166.38750694156897,166.38750694156897,166.38750694156897,166.38750694156897,166.38750694156897,166.38750694156897,166.38750694156897,166.38750694156897,166.38750694156852,166.38750694156852,166.38750694156852,166.38750694156852,166.38750694156852,166.38750694156852,166.38750694156852,166.38750694156852,166.38750694156852,166.38750694156852,166.32475442709028,165.95674466528726,165.89598392622565,165.89202052053543,165.89176331257886,165.89175712699307,165.89175689778995,165.89175687891384,165.89175687708757,165.89175687696252,165.89175687696252,165.89175687696252,165.89175687696252,165.89175687696252,165.89175687696252,165.89175687696252,165.89175687696252,165.89175687696252,165.89175687696252,165.89175687696252,165.89175687696252,165.89175687696252,165.89175687696252,165.89175687696252,165.89175687696252,165.89175687696252,165.89175687696252,165.89175687696252,165.89175687696252,165.89175687696252,165.89175687696252,165.89175687696252,165.89175687696252,165.89175687696252,165.89175687696252,165.89175687696252,165.89175687696252,165.89175687696252,165.89175687696252,165.89175687696252,165.89175687696252,165.89175687696252,165.89175687696252,165.89175687696252,165.89175687696252,165.89175687696252,165.89175687696252,165.89175687696252,165.89175687696252,165.89175687696252,165.89175687696252,165.89175687696252,165.89175687696252,165.89175687696252,165.89175687696252,165.89175687696252,165.89175687696252,165.89175687696252,165.89175687696252,165.89175687696252,165.89175687696252,165.8917568769607,165.8917568769607,165.8917568769607,165.8917568769607,165.8917568769607,165.8917568769607,165.8917568769607,165.8917568769607,165.8917568769607,165.8917568769607
main/cec2022_F12_D10/TFO/full/1,225.98963083040007,177.41270277491685,173.0974546037196,170.11650520293097,168.43360465124942,167.54366455264017,167.53835461371546,167.23621156714444,166.9911482143816,166.67925708504936,166.6769067899936,166.6769067899936,166.6769067899936,166.6769067899936,166.6729692026588,166.6729692026588,166.6729692026588,166.6729692026588,166.6729692026588,166.6729692026588,166.6729692026588,166.6729692026588,166.6729692026588,166.67273761694696,166.4429393418336,166.4429393418336,166.14828083048405,165.41365885170626,165.41365885170626,165.41365885170626,165.3884095753142,165.3750143663524,165.3750143663524,165.3750143663524,165.37453736118232,165.33986065897125,165.33763168650012,165.33741359862233,165.33741359862233,165.33716701781805,165.33686185601118,165.33686185601118,165.33685985956754,165.33677056695979,165.33677056695979,165.33677056695979,165.33673653742835,165.33673653742835,165.33673653742835,165.33673653742835,165.33673653742835,165.33670912039724,165.33117374433823,165.33117374433823,165.33117374433823,165.33114646098375,165.33110703057127,165.33110604487638,165.32654318388268,165.24653919681032,165.24652954795192,165.24652954795192,165.23880940752179,165.23879267290113,165.23878478376264,165.23878339213252,165.23878339213252,165.23878290030507,165.23878290030507,165.23878290030507,165.23877979992903,165.23714019298495,165.23713121841638,165.23594965076109,165.23594922252187,165.2359422293216,165.2359422293216,165.2359422293216,165.2359421438673,165.23537035904974,165.23537035904974,165.23537035904974,165.23537035904974,165.2353703575045,165.2353703575045,165.2353703575045,165.2353703575045,165.2353703575045,165.2353703575045,165.2353166310113,165.2352169320916,165.23521668100602,165.23521668100602,165.2352165626853,165.23521656260664,165.23521652999716,165.23521652999716,165.2352164832132,165.2352164832132,165.2352164831691
main/cec2022_F12_D10/CA/default/1,168.47464264571772,167.15840800638352,166.93319248211765,166.83899678535045,166.68340333498782,166.61372184871152,166.6000598435894,166.57470541847988,166.57100777329197,166.56609151095472,166.55275464582746,166.55186714305455,166.54961840803708,166.54841285857538,166.54791869251585,166.54547816379,166.54547816379,166.54511784901888,166.54511784901888,166.54462418886942,166.54288590662054,166.54288590662054,166.54288590662054,166.5407684368338,166.5405768704709,166.5405768704709,166.5405768704709,166.5405768704709,166.5405768704709,166.5405768704709,166.5405768704709,166.5405768704709,166.5405768704709,166.54042009022305,166.54042009022305,166.54042009022305,166.53952228581875,166.53736716162257,166.53736716162257,166.5373327086104,166.5373327086104,166.5373327086104,166.5373327086104,166.5373327086104,166.5373327086104,166.5373327086104,166.5373327086104,166.53731942592367,166.53731942592367,166.53731942592367,166.53720760043052,166.5365468205614,166.53646391388475,166.5362812012845,166.53628020685255,166.53623602400103,166.53623602400103,166.53611643552404,166.53604410125172,166.53587403936763,166.53587403936763,166.53586706305532,166.53582959951382,166.53582205799557,166.53582205799557,166.53575393044503,166.53575393044503,166.5357217985511,166.53571723160303,166.5357020567867,166.53570069622128,166.53570069622128,166.53569927917033,166.53569367367027,166.53569367367027,166.53569357830747,166.5356912431198,166.5356912431198,166.53568473562973,166.53568473562973,166.53568164535864,166.53568164535864,166.53568164535864,166.53568164535864,166.5356806484724,166.5356806484724,166.53567722299658,166.53567722299658,166.5356771961924,166.5356771961924,166.5356771894758,166.5356771894758,166.5356771894758,166.5356771894758,166.5356771894758,166.5356771894758,166.5356771894758,166.5356771894758,166.53567718928025,166.53567566269385
main/cec2022_F12_D10/GA/default/1,167.17205123575468,166.42708860395805,166.42445168881977,166.4230933812014,166.42308831140917,166.42308639806924,166.42308603637912,166.42296266772246,166.42295466567975,166.42293002753513,166.4229282162387,166.42292775439591,166.42292775439591,166.42292774604493,166.4229277460413,166.4229277460413,166.4229277460413,166.42292367649043,166.42292347207058,166.42292347167268,166.42292347167268,166.42292347167268,166.422923456616,166.42292343546478,166.4229061228084,166.42290164421274,166.4229016175559,166.4229016175409,166.42290115375363,166.42290115372907,166.42290115372907,166.42290110993144,166.42290109149872,166.42290109149872,166.42290109149872,166.42290102621155,166.42290101050867,166.42290100810624,166.42290100677383,166.42290100463924,166.42290100463742,166.42290100463742,166.42290100463742,166.42290100463742,166.42290100463742,166.42290100463742,166.42290100463742,166.42290100460377,166.42290100460377,166.42290100460377,166.42290100460377,166.42290100460377,166.42290100460377,166.4229010046024,166.4229010046024,166.4229010046024,166.4229010046024,166.4229010046024,166.4229010046024,166.42290100458013,166.42290100457967,166.42290100457967,166.42290100457967,166.42290100457967,166.42290100457967,166.42290100457967,166.42290100457967,166.42290100457967,166.42290100457967,166.42290100457967,166.42290100457967,166.42290100457967,166.42290100457967,166.42290100457967,166.42290100457967,166.42290100333503,166.42290100333503,166.4229010032568,166.4229010032427,166.4229010032427,166.4229010032427,166.4229010032427,166.4229010032309,166.42290100317723,166.4229010031113,166.4229010031113,166.4229010031113,166.4229010031113,166.4229010031113,166.4229010031113,166.4229010031113,166.4229010031113,166.4229010031113,166.4229010031113,166.4229010031113,166.4229010029867,166.42290100298578,166.42290100298578,166.42290100298578,166.42290100298578
main/cec2022_F12_D10/TFO-static/static/1,225.98963083040007,177.41270277491685,173.0974546037196,170.01370308852984,169.00347898186737,168.35532690471155,167.64765047278706,167.42639667763387,167.42639667763387,167.42517209952348,167.42517209952348,167.41267081203978,167.38485065763507,167.1697878860732,166.75690151393155,166.75690151393155,166.68903881853748,166.67545647163934,166.51769589562127,166.51769589562127,166.45906601508932,166.30901239972218,166.30901239972218,166.30901239972218,166.303462374824,166.29545559979033,166.2951498959692,166.2951498959692,166.2951498959692,166.21462548301224,166.21462548301224,166.06124017359616,166.01792607495963,166.01382840221777,166.01382840221777,166.01382840221777,166.00529037489787,166.00528569181643,165.98393826128813,165.98393826128813,165.97456017823197,165.97456017823197,165.97456017823197,165.97456017823197,165.97456017823197,165.97456017823197,165.97456017823197,165.97456017823197,165.97456017823197,165.89921868780903,165.89546599519963,165.8894679560235,165.8894679560235,165.88688083566376,165.88688083566376,165.88688083566376,165.88688083566376,165.88688083566376,165.88688083566376,165.88374816786745,165.88374816786745,165.88374816786745,165.88374816786745,165.88356146121032,165.88356146121032,165.88356146121032,165.88342776460968,165.813511167843,165.813511167843,165.813511167843,165.813511167843,165.81349063896732,165.80295787828754,165.79881198967178,165.79881198967178,165.79881198967178,165.79881198967178,165.79881198967178,165.79881198967178,165.79881198967178,165.79881140871476,165.79881140871476,165.79881140871476,165.79881117053492,165.79881086674231,165.79881086674231,165.79881059213494,165.79881059213494,165.79881059213494,165.79881059213494,165.79881059213494,165.79881059213494,165.79881059213494,165.79881059213494,165.79881059213494,165.79881055887836,165.79881055887836,165.79881055887836,165.79881047614435,165.74293863543926
main/cec2022_F12_D10/PSO/default/1,171.4274259056947,171.35929184140423,171.35234720388507,171.35136749684443,171.35136749684443,171.35135597598082,171.35135597598082,171.35135597598082,171.35135597598082,171.35135597598082,171.35135597598082,171.35135597598082,171.35135528874025,171.35135528874025,171.35135520561334,171.35135517042363,171.35135517042363,171.35135517042363,171.35135517008848,171.35135517007666,171.3513551700762,171.3513551700753,171.3513551700753,171.3513551700753,171.3513551700753,171.3513551700753,171.3513551700753,171.3513551700753,171.3513551700753,171.3513551700753,171.3513551700753,171.3513551700753,171.3513551700753,171.3513551700753,171.3513551700753,171.3513551700753,171.3513551700753,171.3513551700753,171.3513551700753,171.3513551700753,171.3513551700753,171.3513551700753,171.3513551700753,171.3513551700753,171.3513551700753,171.3513551700753,171.3513551700753,171.3513551700753,171.3513551700753,171.3513551700753,171.3513551700753,171.3513551700753,171.3513551700753,171.3513551700753,171.3513551700753,171.3513551700753,171.3513551700753,171.3513551700753,171.3513551700753,171.3513551700753,171.3513551700753,171.3513551700753,171.3513551700753,171.3513551700753,171.3513551700753,171.3513551700753,171.3513551700753,171.3513551700753,171.3513551700753,171.3513551700753,171.3513551700753,171.3513551700753,171.3513551700753,171.3513551700753,171.3513551700753,171.3513551700753,171.3513551700753,171.3513551700753,171.3513551700753,171.3513551700753,171.3513551700753,171.3513551700753,171.3513551700753,171.3513551700753,171.3513551700753,171.3513551700753,171.3513551700753,171.3513551700753,171.3513551700753,171.3513551700753,171.3513551700753,171.3513551700753,171.3513551700753,171.3513551700753,171.3513551700753,171.3513551700753,171.3513551700753,171.3513551700753,171.3513551700753,171.3513551700753
main/cec2022_F12_D10/GWO/default/1,170.49063047137224,168.85710631998109,168.85710631998109,168.85710631998109,167.87209081609217,167.87209081609217,167.87209081609217,167.87209081609217,167.87209081609217,167.87209081609217,167.87209081609217,167.87209081609217,167.87209081609217,167.87209081609217,167.87209081609217,167.87209081609217,167.87209081609217,167.87209081609217,167.87209081609217,167.1100307766992,167.1100307766992,167.1100307766992,167.1100307766992,167.1100307766992,167.1100307766992,167.1100307766992,167.1100307766992,167.1100307766992,167.1100307766992,167.1100307766992,167.1100307766992,167.1100307766992,167.1100307766992,167.1100307766992,167.1100307766992,167.1100307766992,167.1100307766992,167.1100307766992,167.1100307766992,167.0179590034886,167.0179590034886,167.0179590034886,167.0179590034886,166.99371130601503,166.99371130601503,166.99371130601503,166.99371130601503,166.99371130601503,166.99371130601503,166.99371130601503,166.99371130601503,166.99371130601503,166.99371130601503,166.99371130601503,166.99371130601503,166.99371130601503,166.99371130601503,166.99371130601503,166.99371130601503,166.99371130601503,166.99371130601503,166.90765877158537,166.90765877158537,166.90765877158537,166.90765877158537,166.90765877158537,166.90765877158537,166.90765877158537,166.90765877158537,166.76698542152553,166.76698542152553,166.76698542152553,166.75645937022546,166.75645937022546,166.75645937022546,166.75645937022546,166.75645937022546,166.75645937022546,166.75645937022546,166.75645937022546,166.75645937022546,166.75645937022546,166.75645937022546,166.75645937022546,166.75645937022546,166.75645937022546,166.75645937022546,166.75645937022546,166.68612530326072,166.67283119514923,166.67283119514923,166.67283119514923,166.64589779043854,166.64589779043854,166.64589779043854,166.64589779043854,166.64589779043854,166.58902208302834,166.47973559409547,166.46530851472608
main/cec2022_F12_D10/WOA/default/1,323.2099663455351,316.58031847002303,281.16772176041604,274.13234824412575,247.83257201363085,236.734047187766,230.58925623683217,230.58925507942513,230.58925507942513,230.58925507942513,230.58925507942513,230.58925507942513,230.58925507942513,230.58925507942513,230.58925507942513,230.58925507942513,230.58925507942513,230.58925507942513,230.58925507942513,230.58925507942513,230.58925507942513,230.58925507942513,230.58925507942513,230.58925507942513,230.58925507942513,230.58925507942513,230.58925507942513,230.58925507942513,230.58925507942513,230.58925507942513,230.58925507942513,230.58925507942513,230.58925507942513,230.58925507942513,230.58925507942513,230.58925507942513,230.58925507942513,230.58925507942513,230.58925507942513,230.58925507942513,230.58925507942513,230.58925507942513,230.58925507942513,230.58925507942513,230.58925507942513,230.58925507942513,230.58925507942513,230.58925507942513,230.58925507942513,230.58925507942513,230.58925507942513,230.58925507942513,230.58925507942513,230.58925507942513,230.58925507942513,230.58925507942513,230.58925507942513,230.58925507942513,230.58925507942513,230.58925507942513,230.58925507942513,230.58925507942513,230.58925507942513,230.58925507942513,230.58925507942513,230.58925507942513,230.58925507942513,230.58925507942513,230.58925507942513,230.58925507942513,230.58925507942513,230.58925507942513,230.58925507942513,230.58925507942513,230.58925507942513,230.58925507942513,230.58925507942513,230.58925507942513,230.58925507942513,230.58925507942513,230.58925507942513,230.58925507942513,230.58925507942513,230.58925507942513,230.58925507942513,230.58925507942513,230.58925507942513,230.58925507942513,230.58925507942513,230.58925507942513,230.58925507942513,230.58925507942513,230.58925507942513,230.58925507942513,230.58925507942513,230.58925507942513,230.58925507942513,230.58925507942513,230.58925507942513,230.58925507942513
main/cec2022_F12_D10/CMA-ES (IPOP)/default/1,166.22720618457015,166.21853193481002,166.21836902196173,166.218304110565,166.2182678309996,166.21824121328564,166.21822253766368,166.21821065228096,166.21820243471802,166.21819713603782,166.2181910096192,166.21818783652407,166.2181853198449,166.21818374884242,166.21818290360352,166.21818217771488,166.21818175626277,166.21818130206793,166.21818097177083,166.2181807910083,166.21818064282706,166.21818053100378,166.218180460256,166.21818039359232,166.2181803483927,166.21818031320117,166.21818029047972,166.21818027379413,166.21818026276196,165.9387035446548,165.89185927712515,165.89175775357626,165.89175688872956,165.89175687733677,165.89175687707848,165.89175687707848,165.89175687707848,165.89175687707848,165.89175687707848,165.89175687707848,165.89175687707848,165.89175687707848,165.89175687707848,165.89175687707848,165.89175687707848,165.89175687707848,165.89175687707848,165.89175687707848,165.89175687707848,165.89175687707848,165.89175687707848,165.89175687707848,165.89175687707848,165.89175687707848,165.89175687707848,165.89175687707848,165.89175687707848,165.89175687707848,165.89175687707848,165.89175687707848,165.89175687707848,165.89175687707848,165.89175687707848,165.89175687707848,165.89175687707848,165.89175687707848,165.89175687707848,165.89175687707848,165.89175687707848,165.89175687707848,165.89175687707848,165.89175687707848,165.89175687707848,165.89175687707848,165.89175687707848,165.89175687707848,165.89175687707848,165.89175687707848,165.89175687707848,165.89175687707848,165.89175687707848,165.89175687707848,165.89175687707848,165.89175687707848,165.89175687707848,165.89175687707848,165.89175687707848,165.89175687707848,165.89175687707848,165.89175687707848,165.89175687707848,165.89175687707848,165.89175687707848,165.89175687707848,165.89175687707848,165.89175687707848,165.89175687707848,165.89175687707848,165.89175687707848,165.89175687707848
main/cec2022_F12_D10/L-SHADE/default/1,180.16304197733007,169.94548771224345,168.7358725794311,167.8422312722846,167.3530991684047,167.29211747880163,166.8234653601903,166.2160473192307,165.5254808974355,165.5254808974355,164.82624934762907,164.68318629145188,164.55783705879048,164.51404269819386,164.4921888173376,164.481353121153,164.47496653297685,164.47401932290495,164.47372160372333,164.47357321431537,164.47354498463847,164.47352619222238,164.47352301991623,164.47352073965885,164.47351966878614,164.4735194327459,164.47351936583982,164.47351935761844,164.47351934974222,164.4735193475135,164.4735193462211,164.4735193461679,164.4735193460624,164.47351934603694,164.4735193460292,164.47351934602693,164.47351934602648,164.47351934602648,164.47351934602648,164.47351934602648,164.47351934602648,164.47351934602648,164.47351934602648,164.47351934602648,164.47351934602648,164.47351934602648,164.47351934602648,164.47351934602648,164.47351934602648,164.47351934602648,164.47351934602648,164.47351934602648,164.47351934602648,164.47351934602648,164.47351934602648,164.47351934602648,164.47351934602648,164.47351934602648,164.47351934602648,164.47351934602648,164.47351934602648,164.47351934602648,164.47351934602648,164.47351934602648,164.47351934602648,164.47351934602648,164.47351934602648,164.47351934602648,164.47351934602648,164.47351934602648,164.47351934602648,164.47351934602648,164.47351934602648,164.47351934602648,164.47351934602648,164.47351934602648,164.47351934602648,164.47351934602648,164.47351934602648,164.47351934602648,164.47351934602648,164.47351934602648,164.47351934602648,164.47351934602648,164.47351934602648,164.47351934602648,164.47351934602648,164.47351934602648,164.47351934602648,164.47351934602648,164.47351934602648,164.47351934602648,164.47351934602648,164.47351934602648,164.47351934602648,164.47351934602648,164.47351934602648,164.47351934602648,164.47351934602648,164.47351934602648
main/cec2022_F12_D10/TFO/full/2,179.76693615573686,173.39532425988818,171.38667750761851,170.54715482751635,168.34824139554712,167.7714265144682,167.102334190055,167.0441713678424,166.99064268558232,166.95180596907994,166.4402634348353,166.27175381786856,166.18509350080512,166.06049627905895,166.06049627905895,165.99623132596025,165.96242142363417,165.96242142363417,165.96091336013524,165.95680841522153,165.9548647397378,165.92807298417165,165.90263688489495,165.8833064359742,165.8833064359742,165.8833064359742,165.86926422035503,165.86770485729494,165.86751075118536,165.867488701414,165.86747632582365,165.86747632582365,165.86747632582365,165.86747632582365,165.86732981437262,165.86732981437262,165.86732981437262,165.86732981437262,165.86732981437262,165.86732981437262,165.86732981437262,165.86732981437262,165.86732981437262,165.86732981437262,165.86732981437262,165.86732981437262,165.86732981437262,165.86723252728189,165.86696430830716,165.86689192957283,165.86689024752422,165.86689024752422,165.86687940934917,165.86490920171855,165.86490920171855,165.85003809149794,165.8469372005129,165.8285826555907,165.82435473676423,165.8218844897997,165.82142738409902,165.82142738409902,165.82142738409902,165.8213311249665,165.8213311249665,165.8213311249665,165.8213311249665,165.8213311249665,165.8213311249665,165.8213311249665,165.8213311249665,165.8213311249665,165.82132341330816,165.82132016165087,165.82131424018507,165.82131424018507,165.82131424018507,165.82131424018507,165.82131424018507,165.82131424018507,165.82131424018507,165.66226191028,165.647405360226,165.53537727596722,165.5054882287768,165.494562356223,165.494562356223,165.494562356223,165.49367611481148,165.49367611481148,165.49367611481148,165.49367611481148,165.49367611481148,165.4936745431105,165.4935331488632,165.4935331488632,165.4108613516555,165.40599747970646,165.40599747970646,165.40599400105248
main/cec2022_F12_D10/CA/default/2,171.3627519287379,167.6194005086545,167.47269769273726,167.45427386925712,167.44752320380348,167.44710959278837,167.44685995615419,167.44684482008233,167.44684274506017,167.44684211980848,167.44684199439962,167.44684194894307,167.4468419391187,167.4468419348491,167.4468419337054,167.4468419328664,167.4468419319751,167.44684193126523,167.44684193124885,167.4468419311861,167.44684193115154,167.44684193114608,167.44684193114517,167.44684193114517,167.44684193114517,164.28852601326025,163.79080503559635,163.77335672402842,163.77203995490981,163.77175141566113,163.77045400501675,163.77040585243458,163.77007892647634,163.76982649998354,163.76982649730098,163.76982649730098,163.76982649730098,163.76977440607288,163.76957573005575,163.76957415560992,163.76953574787512,163.76953574787512,163.76953574787512,163.76953574787512,163.76949999381986,163.7694988179319,163.76946558257123,163.76946505032674,163.76946491750095,163.76946491750095,163.7694600316122,163.7694339753366,163.7694300591911,163.76942033562227,163.76942033562227,163.76942033562227,163.7694154249184,163.7694154249184,163.7694154249184,163.76941500934527,163.76941494334142,163.76941401370505,163.76941306102708,163.76941306102708,163.76941305273795,163.76941251560947,163.76941216710975,163.76941216710975,163.76941216710975,163.76941215261377,163.76941197258293,163.76941197258293,163.7694119718749,163.7694119718749,163.7694119676271,163.7694119676271,163.7694119676271,163.76941196637472,163.76941196637472,163.76941196637472,163.76941196637472,163.76941196178677,163.76941194075334,163.76941192508457,163.76941168105486,163.76941165761355,163.76941158553836,163.7694109107333,163.7694108938872,163.7694108938872,163.7694108938872,163.7694108938872,163.76941077393712,163.76941077393712,163.76941076810408,163.76941073599573,163.76941072252748,163.76941071810506,163.76941071810506,163.76941071746342
main/cec2022_F12_D10/GA/default/2,173.2546924520866,168.5833446797119,167.4659719660972,166.707418577907,166.51532669698918,166.50137593182808,166.48056224330594,166.46619238323228,166.4627694292276,166.4627694292276,166.46150232481068,166.460761908108,166.4607575612331,166.4607575612331,166.4607575612331,166.46020651430263,165.20138757200448,164.74667830266617,164.33385214220516,164.23725986209774,164.15631003786848,164.11652213112302,164.09512958453388,164.07233954270896,164.05241298209785,164.0443836511954,164.04253562995518,164.04102649133165,164.03919075408385,164.03734327251732,164.03721669515107,164.03655938929342,164.0355298620102,164.03498301147738,164.03486879143702,164.03484391588108,164.03446527766573,164.03396296408164,164.03246629766954,164.03246629766954,164.0314383450218,164.03116998343876,164.03004327124745,164.02990782987126,164.02852869586013,164.0243224732094,164.02430935301072,164.02214907686403,164.0220156239302,164.0220156239302,164.02197790573246,164.02197712060433,164.02138707884797,164.02130066166637,164.02119162222698,164.02119118491873,164.02053232864364,164.0204344304052,164.0203078319546,164.02021331065362,164.02017854947826,164.02017433020228,164.02010732937788,164.01999571334136,164.01999571334136,164.01987555058713,164.01987547241924,164.01987543920222,164.01987543920222,164.01987543920222,164.01987543920222,164.01984074822667,164.01984049364728,164.01984049364728,164.01983844727056,164.01976410703173,164.01970414994912,164.01970414994912,164.01969458465646,164.0196803597446,164.0196803597446,164.0196724590869,164.01966829209323,164.01965784923323,164.01965784923323,164.01965784923323,164.01965784923323,164.01965784923323,164.01965784923323,164.0196576007438,164.0196458291598,164.0192488799903,164.0190317301326,164.01888352691867,164.01884778106387,164.0188313686699,164.0188310582903,164.01881928823605,164.01881928823605,164.01881131771643
main/cec2022_F12_D10/TFO-static/static/2,179.76693615573686,173.39532425988818,171.38667750761851,170.54715482751635,169.22643566762918,169.11254273058285,169.11254273058285,168.12423412392172,168.05938803998652,167.71409488057634,167.4581979577565,166.90855879996707,166.90855879996707,166.89546466325237,166.89546466325237,166.89546466325237,166.767402002788,166.767402002788,166.73449778803342,166.66464662701264,166.66464662701264,166.66464662701264,166.66464662701264,166.66464662701264,166.66464662701264,166.6631327532691,166.6631327532691,166.66232400220724,166.66232400220724,166.66232400220724,166.66225350083778,166.66214129614355,166.66206660141825,166.66206356929342,166.66206356929342,166.56437410179433,166.56437410179433,166.5643723876965,166.55163088538256,166.55163088538256,166.55163070346725,166.55163070346725,166.55162583045194,166.55162583045194,166.55162472031952,166.55162298238974,166.55162298238974,166.55162298238974,166.55162298238974,166.55162298238974,166.55162298238974,166.5516213430651,166.55162128532675,166.22700750051763,166.0889293489886,166.0206357848365,166.004540299768,166.004540299768,166.004540299768,165.76725598926714,165.7668223128626,165.6669498192946,165.66661281745564,165.66661281745564,165.6664897575506,165.63483608529987,165.63483608529987,165.6246242386187,165.62460857519818,165.61790517884674,165.61790517884674,165.61790517884674,165.61790517884674,165.61790177737885,165.5859940563373,165.5859940563373,165.5859940563373,165.5859940563373,165.55951230251685,165.54437549715476,165.52308359946937,165.52308359946937,165.52308353548597,165.52308353548597,165.52308353548597,165.52274497556937,165.51202383925101,165.51202383925101,165.51202383925101,165.50895889096046,165.50895889096046,165.50895889096046,165.50569451743877,165.50363113226786,165.50363113226786,165.50363113226786,165.4007851120964,165.4007851120964,165.33714915506562,165.33714915506562
main/cec2022_F12_D10/PSO/default/2,175.97312187646958,174.4025129976044,173.78151838385838,173.78151838385838,173.73568522708274,173.73001789267573,173.72995631520052,173.72995631520052,173.72811140072827,173.72811140072827,173.72811140072827,173.72531780348208,173.72531780348208,173.72531780348208,173.72531780348208,173.7247912040193,173.72475699015467,173.7247464570928,173.72469409229507,173.72467739290641,173.72467458281517,173.7246722445111,173.72466864728767,173.724668358695,173.72466835062687,173.7246683481908,173.72466834766783,173.72466834765464,173.72466834764464,173.72466834764327,173.72466834764282,173.72466834764282,173.72466834764282,173.72466834764282,173.72466834764282,173.72466834764282,173.72466834764282,173.72466834764282,173.72466834764282,173.72466834764282,173.72466834764282,173.72466834764282,173.72466834764282,173.72466834764282,173.72466834764282,173.72466834764282,173.72466834764282,173.72466834764282,173.72466834764282,173.72466834764282,173.72466834764282,173.72466834764282,173.72466834764282,173.72466834764282,173.72466834764282,173.72466834764282,173.72466834764282,173.72466834764282,173.72466834764282,173.72466834764282,173.72466834764282,173.72466834764282,173.72466834764282,173.72466834764282,173.72466834764282,173.72466834764282,173.72466834764282,173.72466834764282,173.72466834764282,173.72466834764282,173.72466834764282,173.72466834764282,173.72466834764282,173.72466834764282,173.72466834764282,173.72466834764282,173.72466834764282,173.72466834764282,173.72466834764282,173.72466834764282,173.72466834764282,173.72466834764282,173.72466834764282,173.72466834764282,173.72466834764282,173.72466834764282,173.72466834764282,173.72466834764282,173.72466834764282,173.72466834764282,173.72466834764282,173.72466834764282,173.72466834764282,173.72466834764282,173.72466834764282,173.72466834764282,173.72466834764282,173.72466834764282,173.72466834764282,173.72466834764282
main/cec2022_F12_D10/GWO/default/2,169.57713161213087,169.17886031230864,169.17886031230864,168.94894507337676,168.94894507337676,168.70895615585914,168.70895615585914,168.26692677255096,168.26692677255096,168.26692677255096,168.26692677255096,168.26692677255096,167.38869133657408,167.38869133657408,167.38869133657408,167.38869133657408,167.38869133657408,167.38869133657408,167.38869133657408,167.38869133657408,167.38869133657408,167.38869133657408,167.38869133657408,167.38869133657408,167.38869133657408,167.38869133657408,167.38869133657408,167.38869133657408,167.38869133657408,167.13992375781163,167.13992375781163,167.13992375781163,167.13992375781163,167.13992375781163,167.13992375781163,167.13992375781163,167.13992375781163,167.13992375781163,167.13992375781163,167.13992375781163,167.13992375781163,167.13992375781163,167.13992375781163,167.13992375781163,167.13992375781163,167.13992375781163,167.13992375781163,167.13992375781163,167.13992375781163,167.13992375781163,167.13992375781163,166.9284875565927,166.9284875565927,166.9284875565927,166.9284875565927,166.9284875565927,166.9284875565927,166.9284875565927,166.9284875565927,166.9284875565927,166.9284875565927,166.9284875565927,166.9284875565927,166.9284875565927,166.9284875565927,166.9284875565927,166.9284875565927,166.9284875565927,166.9284875565927,166.9284875565927,166.75781402316989,166.75781402316989,166.75781402316989,166.75781402316989,166.75781402316989,166.75781402316989,166.75781402316989,166.75781402316989,166.75781402316989,166.75781402316989,166.75781402316989,166.7488865528544,166.7488865528544,166.7488865528544,166.7488865528544,166.7488865528544,166.7488865528544,166.67758984364582,166.63996656853715,166.63996656853715,166.62589064057647,166.62589064057647,166.60556941681534,166.584161498899,166.584161498899,166.5212810919238,166.50313172600954,166.50313172600954,166.492167259104,166.4830450386794
main/cec2022_F12_D10/CMA-ES (IPOP)/default/2,168.18359244747398,168.18165254169026,168.18164514028103,168.18164510722727,168.18164510697216,168.18164510697216,168.18164510697216,168.18164510697216,168.18164510697216,168.1816451069708,168.1816451069708,168.1816451069708,168.1816451069708,166.39993002187293,165.89560391768373,165.89181803854945,165.89175809711742,165.89175689985768,165.89175687710213,165.89175687702755,165.89175687702755,165.89175687702755,165.89175687700344,165.89175687698298,165.89175687698298,165.89175687698298,165.89175687698298,165.89175687698298,165.89175687698298,165.89175687698298,165.89175687698298,165.89175687698298,165.89175687698298,165.89175687698298,165.89175687698298,165.89175687698298,165.89175687698298,165.89175687698298,165.89175687698298,165.89175687696616,165.89175687696616,165.89175687696616,165.89175687696616,165.89175687696616,165.89175687696616,165.89175687696616,165.89175687696616,165.89175687696616,165.89175687696616,165.89175687696616,165.89175687696616,165.89175687696616,165.89175687696616,165.89175687696616,165.89175687696616,165.89175687696616,165.89175687696616,165.89175687696616,165.89175687696616,165.89175687696616,165.89175687696616,165.89175687696616,165.89175687696616,165.89175687696616,165.89175687696616,165.89175687696616,165.89175687696616,165.89175687696616,165.89175687696616,165.89175687696616,165.89175687696616,165.89175687696616,165.89175687696616,165.89175687696616,165.89175687696616,165.89175687696616,165.89175687696616,165.89175687696616,165.89175687696616,165.89175687696616,165.89175687696616,165.89175687696616,165.89175687696616,165.89175687696616,165.89175687696616,165.89175687696616,165.89175687696616,165.89175687696616,165.89175687696616,165.89175687696616,165.89175687696616,165.89175687696616,165.89175687696616,165.89175687696616,165.89175687696616,165.89175687696616,165.89175687696616,165.89175687696616,165.89175687696616,165.89175687696616
main/cec2022_F12_D10/WOA/default/2,393.6588356605489,392.13721583839697,390.2838889326267,390.2703574874986,390.2606969465828,390.1548133883889,389.702396802169,389.61514326872657,389.59839960570116,389.43849496091616,388.5478082679401,388.2835353775108,388.2230520527505,388.19150578023573,388.1825587766675,388.16098556454926,387.3287680448889,387.2207001508864,387.21155567565575,387.10216928353975,386.9356371074168,386.879565349891,386.8543630641143,386.85435613027994,386.85435613023355,386.85435613023355,386.85435613023355,386.85435613023355,386.85435613023355,386.85435613023355,386.85435613023355,386.85435613023355,386.85435613023355,386.85435613023355,386.85435613023355,386.85435613023355,386.85435613023355,386.85435613023355,386.85435613023355,386.85435613023355,386.85435613023355,386.85435613023355,386.85435613023355,386.85435613023355,386.85435613023355,386.85435613023355,386.85435613023355,386.85435613023355,386.85435613023355,386.85435613023355,386.85435613023355,386.85435613023355,386.85435613023355,386.85435613023355,386.85435613023355,386.85435613023355,386.85435613023355,386.85435613023355,386.85435613023355,386.85435613023355,386.85435613023355,386.85435613023355,386.85435613023355,386.85435613023355,386.85435613023355,386.85435613023355,386.85435613023355,386.85435613023355,386.85435613023355,386.85435613023355,386.85435613023355,386.85435613023355,386.85435613023355,386.85435613023355,386.85435613023355,386.85435613023355,386.85435613023355,386.85435613023355,386.85435613023355,386.85435613023355,386.85435613023355,386.85435613023355,386.85435613023355,386.85435613023355,386.85435613023355,386.85435613023355,386.85435613023355,386.85435613023355,386.85435613023355,386.85435613023355,386.85435613023355,386.85435613023355,386.85435613023355,386.85435613023355,386.85435613023355,386.85435613023355,386.85435613023355,386.85435613023355,386.85435613023355,386.85435613023355
main/cec2022_F12_D10/L-SHADE/default/2,182.17855288724923,170.4928391620565,169.06692992765738,167.85069282997483,167.24670657208526,167.1845377611835,166.38072303289437,166.06701368413815,165.91750633440643,165.64811502340945,165.57776305685866,165.51969741340918,165.4758277999931,165.47347288836227,165.46995805998176,165.46898688217698,165.46878155443073,165.4685653439251,165.46846480360455,165.46844068295104,165.46842856993226,165.46842364401346,165.46842237127476,165.4684218710836,165.46842177930284,165.46842173055484,165.46842172292827,165.46842172159813,165.46842172076413,165.46842172045626,165.46842172035076,165.46842172032984,165.46842172032302,165.46842172031984,165.46842172031938,165.46842172031893,165.46842172031893,165.46842172031893,165.46842172031893,165.46842172031893,165.46842172031893,165.46842172031893,165.46842172031893,165.46842172031893,165.46842172031893,165.46842172031893,165.46842172031893,165.46842172031893,165.46842172031893,165.46842172031893,165.46842172031893,165.46842172031893,165.46842172031893,165.46842172031893,165.46842172031893,165.46842172031893,165.46842172031893,165.46842172031893,165.46842172031893,165.46842172031893,165.46842172031893,165.46842172031893,165.46842172031893,165.46842172031893,165.46842172031893,165.46842172031893,165.46842172031893,165.46842172031893,165.46842172031893,165.46842172031893,165.46842172031893,165.46842172031893,165.46842172031893,165.46842172031893,165.46842172031893,165.46842172031893,165.46842172031893,165.46842172031893,165.46842172031893,165.46842172031893,165.46842172031893,165.46842172031893,165.46842172031893,165.46842172031893,165.46842172031893,165.46842172031893,165.46842172031893,165.46842172031893,165.46842172031893,165.46842172031893,165.46842172031893,165.46842172031893,165.46842172031893,165.46842172031893,165.46842172031893,165.46842172031893,165.46842172031893,165.46842172031893,165.46842172031893,165.46842172031893
main/cec2022_F12_D10/TFO/full/3,174.6167931812265,171.5994024200436,170.42258349699978,169.6956742501843,168.70392244690902,168.23958885959973,167.11080063720328,167.10594306864368,166.2071673050391,166.17997361689777,165.71319958168488,165.71319958168488,165.71280858834598,165.71280858834598,165.70137620589276,165.70132506904065,165.70132506904065,165.70132506904065,165.70132506904065,165.70120563048613,165.70120563048613,165.62580563902475,165.62580563902475,165.2893057043516,165.27164880510827,165.25251371321974,165.25149751653134,165.22723073848192,165.22721704385322,165.22721704385322,165.22721704385322,165.22721704385322,165.2238720262162,165.2238720262162,165.2238720262162,165.2238720262162,165.1659087296116,165.1659087296116,165.16397474876203,165.16397474423957,165.16397474423957,165.16397474423957,165.16397474423957,165.16397474423957,165.16397474423957,165.16397474423957,165.1639746900687,165.1639746900687,165.1639746900687,165.1639746900687,165.1639746900687,165.1639321743005,165.16247646332067,165.16247646332067,165.16247646332067,165.162446664443,165.162446664443,165.162446664443,165.16244649173404,165.16244649173404,165.16244649173404,165.16244649173404,165.16244649173404,165.16244649173404,165.16244649173404,165.16244649173404,165.16244649173404,165.16244649173404,165.16244529607957,165.16244529607957,165.16227147895916,165.16227023318652,165.16140932760936,165.16140932760936,165.16140932760936,165.16140932760936,165.1076511125907,165.07979238898042,165.0797710203592,165.0797710203592,165.07547779654442,165.07120488205328,165.07120488205328,165.06132571224134,165.06132571224134,165.06132571224134,165.04340867363226,165.04340867363226,165.04222386852007,165.04222386852007,165.0352625546352,165.0350909119029,165.0350909119029,165.0350909119029,165.0350909119029,164.95790409941674,164.95769465651847,164.95769465651847,164.95763574940338,164.95763574940338
main/cec2022_F12_D10/CA/default/3,166.17543439422207,165.4936487348541,165.48355347626148,165.48045159894582,165.4803314378246,165.4766424265108,165.4760870465775,165.47494010891523,165.47401837122698,165.47388665855624,165.47388665855624,165.47342700688387,165.47259792649857,165.47185921344862,165.47144173341394,165.47144173341394,165.47112869246666,165.47112869246666,165.47112869246666,165.47112869246666,165.47112869246666,165.47097003500448,165.47051137903918,165.47051137903918,165.47047494862,165.47033362037837,165.47019111353438,165.47018092358485,165.46994934462055,165.46992988021657,165.46992988021657,165.46992988021657,165.46992973975648,165.46990394585373,165.46984565550974,165.4698400007187,165.46982645310754,165.46982645310754,165.46982645310754,165.46982645310754,165.46982645310754,165.46982645310754,165.46982645310754,165.46982645310754,165.46982645310754,165.46944824939146,165.4693081372784,165.4693081372784,165.4693081372784,165.4693081372784,165.46930763848468,165.46930110066705,165.4692941504095,165.46927755501156,165.46926984981974,165.46924813999067,165.46924229265005,165.46924229265005,165.46924019403377,165.4692160385257,165.46893545453258,165.46893130777335,165.4689209951648,165.4689103284377,165.4689070883769,165.46888811391818,165.46882995572741,165.46866615028057,165.46866615028057,165.468652774191,165.468652774191,165.468652774191,165.468652774191,165.468615015473,165.468615015473,165.468615015473,165.46860639541046,165.46848881437063,165.46848881437063,165.4684842699371,165.4684842699371,165.4684810596018,165.46846889177323,165.46846689074573,165.46846689074573,165.46846689074573,165.46846645993492,165.4684569115866,165.4684569115866,165.4684569115866,165.4684569115866,165.4684569115866,165.4684569115866,165.4684569115866,165.4684569115866,165.4684544825268,165.4684544825268,165.46845444599194,165.46845444599194,165.4684538549718
main/cec2022_F12_D10/GA/default/3,167.51776456922744,167.48782803040376,167.487812302345,167.4877631596405,167.4877593157944,167.48774334003338,167.48770466062797,167.48761420348637,167.48761420348637,167.4875944933956,167.48759427164987,167.48759211425158,167.4875689393666,167.48756632367486,167.48756627874218,167.48724150918906,167.48723182191907,167.48723150141677,167.48722403445208,167.4872235215048,167.4872226342518,167.48722223594996,167.48722219545834,167.48720990906259,167.48705515206711,167.48689667498184,167.48689425363182,167.48689425363182,167.4868942489543,167.4868942489543,167.4868942489543,167.48660306169586,167.48659902466943,167.48659173665328,167.48659173665328,167.48626365999462,167.48626339938983,167.48626130811408,167.48625611280067,167.48624823993714,167.48624600567473,167.4862448272729,167.4862448040044,167.48624466790034,167.48623162156946,167.48622367622238,167.48622149352832,167.48555899903204,167.4855578645188,167.48550743974147,167.48550649276694,167.48539268375998,167.48538289510225,167.48536824337998,167.48532576738899,167.48531773159812,167.48487150899928,167.48480917643565,167.48480036507135,167.4847555935121,167.48473634497122,167.48471662995144,167.4847158138009,167.4847158138009,167.48463515981894,167.48463515492995,167.4839996387027,167.48395335977375,167.48386781713452,167.48305817960954,167.48303314519035,167.48303166855385,167.48303139858854,167.48242313321543,167.481567545321,167.4815544191024,167.48154972464408,167.48154796363906,167.48154239745554,167.48154144857108,167.48143578560303,167.48137807968533,167.4813504981048,167.4813504981048,167.4813504981048,167.48135030407593,167.48135030332787,167.48135030332787,167.48135030332787,167.48135030266485,167.48135030266485,167.48135030266485,167.48135030266485,167.48135030247113,167.48135030247113,167.48135030247113,167.48135030247113,167.48135030247113,167.48135030247113,167.48135030247113
main/cec2022_F12_D10/TFO-static/static/3,174.6167931812265,171.5994024200436,171.30569911153134,171.19803064799316,170.7563738216313,168.43167400653647,168.43167400653647,168.12621368039845,168.0507586739077,167.94548395957554,167.36946385489182,167.23732396778132,167.23732396778132,167.23665916745585,167.236577694287,167.236577694287,167.236577694287,167.21517099569837,167.11480405592556,167.1148040559019,167.11477891400955,167.11477891400955,167.09450834530207,167.03669723307985,167.03669723307985,167.00854865001384,167.00854864559142,167.00521674892616,166.9492328219858,166.94657756161905,166.9461407298404,166.9461407298404,166.9461407298404,166.9431689579992,166.9427343373627,166.9427343373627,166.9427343373627,166.86075763865256,166.86075763865256,166.86075763865256,166.8491148679468,166.8491148679468,166.80569028924947,166.79044042787746,166.78421182182592,166.78421182182592,166.78421182182592,166.78421182182592,166.77210100496313,166.77210100496313,166.77210100496313,166.77210100496313,166.77210100496313,166.77210100496313,166.77210100496313,166.77210100496313,166.77210100496313,166.77210100496313,166.77210100496313,166.77210100496313,166.77210100496313,166.77210100496313,166.77210100496313,166.77210100496313,166.77210100496313,166.77210100496313,166.77210100496313,166.77210100496313,166.74221919210459,166.74221919210459,166.74221919210459,166.74221919210459,166.74221919210459,166.74221919210459,166.74221919210459,166.72876554635423,166.72876554635423,166.72876554635423,166.72647788857375,166.72647788857375,166.71366248841105,166.71366248841105,166.71366248841105,166.71366248841105,166.71366248841105,166.71366248841105,166.71366248841105,166.71366248841105,166.71366248841105,166.71366248841105,166.71312140247392,166.71312140247392,166.71312140247392,166.71312140247392,166.6765106987632,166.6573090420402,166.65359528995805,166.60971755967648,166.4977110869172,166.4977110869172
main/cec2022_F12_D10/PSO/default/3,171.35819231582536,171.35323648266285,171.35140910683276,171.35140910683276,171.35140910683276,171.35140910683276,171.35135749126948,171.35135749126948,171.35135749126948,171.35135749126948,171.35135749126948,171.35135556470277,171.35135556470277,171.35135551603844,171.35135551603844,171.35135522384599,171.35135522384599,171.35135517877416,171.3513551705255,171.35135517008393,171.3513551700753,171.3513551700753,171.3513551700753,171.3513551700753,171.3513551700753,171.3513551700753,171.3513551700753,171.3513551700753,171.3513551700753,171.3513551700753,171.3513551700753,171.3513551700753,171.3513551700753,171.3513551700753,171.3513551700753,171.3513551700753,171.3513551700753,171.3513551700753,171.3513551700753,171.3513551700753,171.3513551700753,171.3513551700753,171.3513551700753,171.3513551700753,171.3513551700753,171.3513551700753,171.3513551700753,171.3513551700753,171.3513551700753,171.3513551700753,171.3513551700753,171.3513551700753,171.3513551700753,171.3513551700753,171.3513551700753,171.3513551700753,171.3513551700753,171.3513551700753,171.3513551700753,171.3513551700753,171.3513551700753,171.3513551700753,171.3513551700753,171.3513551700753,171.3513551700753,171.3513551700753,171.3513551700753,171.3513551700753,171.3513551700753,171.3513551700753,171.3513551700753,171.3513551700753,171.3513551700753,171.3513551700753,171.3513551700753,171.3513551700753,171.3513551700753,171.3513551700753,171.3513551700753,171.3513551700753,171.3513551700753,171.3513551700753,171.3513551700753,171.3513551700753,171.3513551700753,171.3513551700753,171.3513551700753,171.3513551700753,171.3513551700753,171.3513551700753,171.3513551700753,171.3513551700753,171.3513551700753,171.3513551700753,171.3513551700753,171.3513551700753,171.3513551700753,171.3513551700753,171.3513551700753,171.3513551700753
main/cec2022_F12_D10/GWO/default/3,169.93721371236234,169.93721371236234,169.93721371236234,169.09746431876783,169.09746431876783,169.09432974339643,167.92228835989772,167.92228835989772,167.92228835989772,167.92228835989772,167.92228835989772,167.92228835989772,167.92228835989772,167.92228835989772,167.92228835989772,167.92228835989772,167.92228835989772,167.92228835989772,167.92228835989772,167.92228835989772,167.41179561547597,167.41179561547597,167.41179561547597,167.41179561547597,167.41179561547597,167.41179561547597,167.41179561547597,167.23945243891058,167.23945243891058,167.23945243891058,167.23945243891058,167.23945243891058,167.23945243891058,167.23945243891058,167.23945243891058,167.23945243891058,167.23945243891058,167.23945243891058,167.23945243891058,166.81574449795335,166.81574449795335,166.81574449795335,166.81574449795335,166.81574449795335,166.81574449795335,166.81574449795335,166.81574449795335,166.81574449795335,166.81574449795335,166.81574449795335,166.81574449795335,166.81574449795335,166.81574449795335,166.81574449795335,166.81574449795335,166.81574449795335,166.81574449795335,166.81574449795335,166.81574449795335,166.81574449795335,166.81574449795335,166.71993387990506,166.71993387990506,166.71993387990506,166.71993387990506,166.71993387990506,166.69477256724258,166.69477256724258,166.69477256724258,166.69477256724258,166.69477256724258,166.69477256724258,166.69477256724258,166.69477256724258,166.69477256724258,166.69477256724258,166.69477256724258,166.69477256724258,166.69477256724258,166.69477256724258,166.69477256724258,166.69477256724258,166.69477256724258,166.69477256724258,166.69477256724258,166.69477256724258,166.69477256724258,166.69477256724258,166.69477256724258,166.67938219793268,166.67938219793268,166.66727233631627,166.66727233631627,166.66727233631627,166.66727233631627,166.51614817252266,166.4772732768579,166.4762182164004,166.4321300444376,166.41332932433397
main/cec2022_F12_D10/CMA-ES (IPOP)/default/3,164.90194592386206,164.89754760027972,164.89754759196376,164.89754759196376,164.89754759196376,164.89754759196376,164.89754759196376,164.89754759196376,164.89754759196376,164.89754759196376,164.89754759196376,164.89754759196376,164.89754759196376,164.89754759196376,164.89754759196376,164.89754759196376,164.89754759196376,164.89754759196376,164.89754759196376,164.89754759196376,164.89754759196376,164.89754759196376,164.89754759196376,164.89754759196376,164.89754759196376,164.89754759196376,164.89754759196376,164.89754759196376,164.89754759196376,164.89754759196376,164.89754759196376,164.89754759196376,164.89754759196376,164.89754759196376,164.89754759196376,164.89754759196376,164.89754759196376,164.89754759196376,164.89754759196376,164.89754759196376,164.89754759196376,164.89754759196376,164.89754759196376,164.89754759196376,164.89754759196376,164.89754759196376,164.89754759196376,164.89754759196376,164.89754759196376,164.89754759196376,164.89754759196376,164.89754759196376,164.89754759196376,164.89754759196376,164.89754759196376,164.89754759196376,164.89754759196376,164.89754759196376,164.89754759196376,164.89754759196376,164.89754759196376,164.89754759196376,164.89754759196376,164.89754759196376,164.89754759196376,164.89754759196376,164.89754759196376,164.89754759196376,164.89754759196376,164.89754759196376,164.89754759196376,164.89754759196376,164.89754759196376,164.89754759196376,164.89754759196376,164.89754759196376,164.89754759196376,164.89754759196376,164.89754759196376,164.89754759196376,164.89754759196376,164.89754759196376,164.89754759196376,164.89754759196376,164.89754759196376,164.89754759196376,164.89754759196376,164.89754759196376,164.89754759196376,164.89754759196376,164.89754759196376,164.89754759196376,164.89754759196376,164.89754759196376,164.89754759196376,164.89754759196376,164.89754759196376,164.89754759196376,164.89754759196376,164.89754759196376
main/cec2022_F12_D10/WOA/default/3,175.68785746325102,175.2313563115581,175.22665149293152,175.22665149116983,175.22665149116983,175.22665149116983,175.22665149116983,175.22665149116983,175.22665149116983,175.22665149116983,175.22665149116983,175.22665149116983,175.22665149116983,175.22665149116983,175.22665149116983,175.22665149116983,175.22665149116983,175.22665149116983,175.22665149116983,175.22665149116983,175.22665149116983,175.22665149116983,175.22665149116983,175.22665149116983,175.22665149116983,175.22665149116983,175.22665149116983,175.22665149116983,175.22665149116983,175.22665149116983,175.22665149116983,175.22665149116983,175.22665149116983,175.22665149116983,175.22665149116983,175.22665149116983,175.22665149116983,175.22665149116983,175.22665149116983,175.22665149116983,175.22665149116983,175.22665149116983,175.22665149116983,175.22665149116983,175.22665149116983,175.22665149116983,175.22665149116983,175.22665149116983,175.22665149116983,175.22665149116983,175.22665149116983,175.22665149116983,175.22665149116983,175.22665149116983,175.22665149116983,175.22665149116983,175.22665149116983,175.22665149116938,175.22665149116938,175.22665149116938,175.22665149116938,175.22665149116938,175.22665149116938,175.22665149116938,175.22665149116938,175.22665149116938,175.22665149116938,175.22665149116938,175.22665149116938,175.22665149116938,175.22665149116938,175.22665149116938,175.22665149116938,175.22665149116938,175.22665149116938,175.22665149116938,175.22665149116938,175.22665149116938,175.22665149116938,175.22665149116938,175.22665149116938,175.22665149116938,175.22665149116938,175.22665149116938,175.22665149116938,175.22665149116938,175.22665149116938,175.22665149116938,175.22665149116938,175.22665149116938,175.22665149116938,175.22665149116938,175.22665149116938,175.22665149116938,175.22665149116938,175.22665149116938,175.22665149116938,175.22665149116938,175.22665149116938,175.22665149116938
main/cec2022_F12_D10/L-SHADE/default/3,188.5495755099214,171.07126868086561,168.58377201673375,168.10574633971873,167.35879488294995,167.09447850079732,166.61012194353953,166.61012194353953,166.43480286851081,166.09050136667383,166.03660149992766,166.03036454198946,165.99111013193806,165.94966246713057,165.9194492207107,165.90605665084422,165.8971336137124,165.89439109850673,165.89288280121036,165.8920420510285,165.89192461778657,165.8918103801666,165.8917814599422,165.89176776854674,165.89176114225074,165.89175855247686,165.89175764221,165.89175717823264,165.8917570375679,165.89175692567005,165.89175690694447,165.89175688224623,165.89175687875286,165.89175687793522,165.89175687731677,165.89175687699844,165.89175687696343,165.89175687694296,165.89175687693432,165.8917568769316,165.89175687693069,165.89175687693069,165.89175687693023,165.89175687693023,165.89175687693023,165.89175687693023,165.89175687693023,165.89175687693023,165.89175687693023,165.89175687693023,165.89175687693023,165.89175687693023,165.89175687693023,165.89175687693023,165.89175687693023,165.89175687693023,165.89175687693023,165.89175687693023,165.89175687693023,165.89175687693023,165.89175687693023,165.89175687693023,165.89175687693023,165.89175687693023,165.89175687693023,165.89175687693023,165.89175687693023,165.89175687693023,165.89175687693023,165.89175687693023,165.89175687693023,165.89175687693023,165.89175687693023,165.89175687693023,165.89175687693023,165.89175687693023,165.89175687693023,165.89175687693023,165.89175687693023,165.89175687693023,165.89175687693023,165.89175687693023,165.89175687693023,165.89175687693023,165.89175687693023,165.89175687693023,165.89175687693023,165.89175687693023,165.89175687693023,165.89175687693023,165.89175687693023,165.89175687693023,165.89175687693023,165.89175687693023,165.89175687693023,165.89175687693023,165.89175687693023,165.89175687693023,165.89175687693023,165.89175687693023
main/cec2022_F12_D10/TFO/full/4,178.63895974845127,174.29009502893405,171.01098534014181,171.01098534014181,170.03792697953804,168.28236586083403,168.2402818291498,167.55729814964798,167.31334547943516,166.9546159778929,166.61125649032465,166.61125649032465,166.61125649032465,166.59070459438,166.54352834026804,166.54352834026804,166.50262264321418,166.44493428256783,166.44493428256783,166.44493428256783,166.44493428256783,166.44493428256783,166.44493428256783,166.44493428256783,166.44493428256783,166.44493428256783,166.44493428256783,166.44493428256783,166.4039044308447,166.4039044308447,166.4039044308447,166.4039044308447,166.4039044308447,166.3893587175612,166.3863253650543,166.33273147499176,166.07349014052124,166.06086046704195,166.00053797508917,166.00053797508917,166.00053797508917,165.94673177060668,165.86696833096448,165.86696833096448,165.86696833096448,165.84196228767678,165.81548214159056,165.81548214159056,165.81548214159056,165.81548214159056,165.81548214159056,165.81081974409517,165.7902460109717,165.7902460109717,165.7902460109717,165.7902460109717,165.7902460109717,165.79000050909644,165.789998279683,165.789998279683,165.789998279683,165.789998279683,165.789998279683,165.789998279683,165.789998279683,165.789998279683,165.70080833544853,165.70080833544853,165.70080833544853,165.6823392369256,165.6823392369256,165.6823392369256,165.6823392369256,165.6823392369256,165.6823392369256,165.6823392369256,165.6823392369256,165.6823392369256,165.67477671414736,165.67477671414736,165.67477671414736,165.65590558892745,165.65590558892745,165.65590558892745,165.65590558892745,165.6558841172082,165.65292392456467,165.65292392456467,165.65292392456467,165.6508534112213,165.6508534112213,165.6508534112213,165.6508534112213,165.6508534112213,165.65045883076027,165.65013875053182,165.64872807848133,165.64870405227384,165.64870405227384,165.64853874299206
main/cec2022_F12_D10/GA/default/4,166.612205630674,166.2233196848647,166.21168119193953,166.19223141159046,166.1830422477201,166.18023556337312,166.17876635765788,166.1787654441987,166.1786806665691,166.1771650928431,166.16892279815238,166.16892279815238,166.12495471207376,165.46825617897275,165.45242701459574,165.45170456732103,165.43906969341924,165.4383071803186,165.43790281786642,165.43781404473748,165.43441918245253,165.43360594283558,165.43360594283558,165.43351898971878,165.43247507948308,165.43203553942385,165.43203553942385,165.43000933617668,165.4290995685069,165.42866879291387,165.42866879291387,165.42866879291387,165.42864499934512,165.42864243745225,165.42864243745225,165.42858880029598,165.42808503037122,165.42808485814294,165.42808485814294,165.4280817085155,165.42807643725973,165.42807643725973,165.42803390957215,165.42803390957215,165.42803390957215,165.42803390957215,165.42803390957215,165.42800857277825,165.42800855397536,165.4279879991118,163.80336393464404,163.78872348492632,163.78290793517226,163.7773038191899,163.77702627746476,163.77702537774212,163.77693686458042,163.7767879396588,163.77551473341782,163.77395042041098,163.77273155163948,163.77089781419772,163.7701132816028,163.7701008738518,163.7701008738518,163.77009604248406,163.77009575038983,163.77006041341156,163.77005461393946,163.77005461393946,163.77000103858018,163.76999832157617,163.76999832157617,163.76999832157617,163.76999832157617,163.7699981020769,163.7699981020769,163.76999277467576,163.7699908607915,163.76998224281806,163.76998091081077,163.76998091081077,163.76998091081077,163.7699703925864,163.769969999777,163.76996943090853,163.76996943090853,163.76996943090853,163.76996861905172,163.76996851791228,163.76996851791228,163.76996851791228,163.7697716539842,163.76973112741598,163.76968243403098,163.7696634433969,163.7696634433969,163.7696590099531,163.7696590099531,163.7696590099531
main/cec2022_F12_D10/CA/default/4,169.2633718583188,166.92419990757298,166.78085920999956,166.67716787592235,166.63643868117288,166.60979195302525,166.53859357242663,166.515312353662,166.49297632665412,166.48895044608844,166.4806850886839,166.4804284271945,166.479681167541,166.479681167541,166.47811692471805,166.4774392480308,166.4774392480308,166.47676064433608,166.4762012926335,166.47503004011833,166.47370669646443,166.47234388157995,166.47117569939655,166.46975851475645,166.4594678961048,166.45662395456884,166.43373692727346,166.40617460976227,166.40617460976227,166.40617460976227,166.4042804574483,166.40014682809397,166.39668292541637,166.39668292541637,166.39606825447026,166.39606825447026,166.39495680035088,166.3926801630705,166.3923723091748,166.39235367842275,166.39235367842275,166.39235367842275,166.3918159351997,166.39176328539907,166.39176328539907,166.39176328539907,166.39039557948172,166.3899393100064,166.3899393100064,166.3899393100064,166.38958453724308,166.38858781027375,166.38838483340442,166.38834390969396,166.38825647610838,166.38823854658358,166.38821746218082,166.38818979655207,166.38818979655207,166.38818979655207,166.38818949003007,166.38813459942094,166.38812556054836,166.3881242086186,166.38812024438494,166.38812024438494,166.38811973862994,166.3880711183674,166.3880164287816,166.3880164287816,166.38797479308232,166.38797284511566,166.38795936478164,166.38795445617689,166.38795093547697,166.38795093547697,166.3879441074605,166.38794298198445,166.38794013263987,166.3879401321733,166.3879401321733,166.38794004808233,166.38793937621904,166.38793937621904,166.38793937621904,166.38793893437833,166.38793814832343,166.38793138389656,166.38792750480206,166.38792666350992,166.38792412689963,166.38792375148296,166.38792375148296,166.3879226474496,166.38792229208957,166.3879213367477,166.3879213367477,166.3879213367477,166.38792087377806,166.3879194006431
main/cec2022_F12_D10/TFO-static/static/4,178.63895974845127,174.29009502893405,171.01098534014181,171.01098534014181,170.03792697953804,168.28236586083403,168.24647645699633,167.94413333951388,167.75976695657573,167.75976695657573,167.57952912862538,167.57952912862538,167.57952912862538,167.57952912862538,167.57952912862538,167.46903882240713,167.4682980330408,166.8645717576651,166.4664566525471,166.39552944511934,166.3421965787129,166.34219656814548,166.28338995553622,166.27373664927381,166.27373664927381,166.26716111013639,166.2671610345792,166.2671610345792,166.26505793717115,166.26046569667824,166.2591979244562,166.24465889099474,166.24465888597797,166.2251784015766,166.18509468464117,166.16693995859987,166.16693995859987,166.16582315428104,166.16026168806002,166.16026168806002,166.16026168806002,166.15962329586046,166.1585290604139,166.1585290604139,166.15539686301736,166.15539686301736,166.1539146796763,166.15296082036593,166.15296082036593,166.14545040877556,166.10435298517268,166.10431493960004,166.10068912211318,166.09876318504575,166.09876318504575,166.09876318504575,166.09876318504575,166.09876318504575,166.09876318504575,166.09876275963552,166.09876275963552,166.09876023786774,166.0987406963468,166.095221232536,166.09520465745481,166.0787182990116,166.0787182990116,166.06607402058853,166.06607402058853,166.0640474970337,166.0640474970337,166.0640474970337,166.0640469734103,166.0640469734103,166.05448165912958,166.05448165912958,166.05448165912958,166.05448165912958,166.05448165912958,166.05448165912958,166.05448165912958,166.05448165912958,166.05448165912958,166.05448165912958,166.05448165912958,166.05448165912958,166.0489140967029,166.04295037488873,166.026317585583,166.01835508979593,166.01714597183127,166.01066111959335,166.01066111959335,166.01066111959335,166.01066111959335,166.01066111959335,166.01066111959335,166.00806783055987,166.00806783055987,165.99670621019777
main/cec2022_F12_D10/PSO/default/4,168.27973335464094,168.27973335464094,168.27973335464094,168.27973335464094,168.2414318309934,168.2259353804552,168.2259353804552,168.21932987906075,168.19949254801668,168.19949254801668,168.19949254801668,168.1909411479637,168.18722076166569,168.18351761765052,168.18351761765052,168.18351761765052,168.18351761765052,168.18295174801824,168.18291721832975,168.18291118087245,168.18290534138077,168.18290525754037,168.18290519006496,168.18290519005632,168.18290519005632,168.18290519005632,168.18290519005632,168.18290519005632,168.18290519005632,168.18290471002047,168.18290470792272,168.18290470475858,168.18290461193465,168.1829045484874,168.18290433182483,168.1829040755133,168.18290405075368,168.18290367797135,168.18290353682687,168.1829035080591,168.1829035080591,168.18290323421388,168.18290320027927,168.1829031267348,168.18290309921076,168.18290300412082,168.18290300412082,168.18290299862065,168.18290299850014,168.18290299850014,168.18290299850014,168.18290299850014,168.18290299695354,168.18290299403998,168.18290299403407,168.18290299403407,168.18290299403407,168.18290299403407,168.18290299403407,168.18290299403407,168.18290299403407,168.18290299403407,168.18290299403407,168.18290299403407,168.18290299403407,168.18290299403407,168.18290299403407,168.18290299403407,168.18290299403407,168.18290299403407,168.18290299403407,168.18290299403407,168.18290299403407,168.18290299403407,168.18290299403407,168.18290299403407,168.18290299403407,168.18290298642796,168.18290298475313,168.182902984463,168.1829029836399,168.18290298362808,168.1829029836199,168.18290298361944,168.18290298361944,168.18290298361944,168.18290298361944,168.18290298361944,168.18290298361944,168.18290298361944,168.18290298361944,168.18290298361944,168.18290298361944,168.18290298361944,168.18290298361944,168.18290298361944,168.18290298361944,168.18290298361944,168.18290298361944,168.18290298361944
main/cec2022_F12_D10/GWO/default/4,170.66072276488467,169.84521347853251,168.7059623852415,168.7059623852415,168.7059623852415,168.7059623852415,168.7059623852415,168.7059623852415,168.7059623852415,168.7059623852415,168.7059623852415,168.31648903830774,168.31648903830774,168.31648903830774,168.31648903830774,168.31648903830774,168.31648903830774,168.31648903830774,168.31648903830774,168.31648903830774,168.31648903830774,168.31648903830774,168.03609636880492,168.03609636880492,168.03609636880492,167.51965663484953,167.51965663484953,167.51965663484953,167.51965663484953,167.51965663484953,167.51965663484953,167.51965663484953,167.51965663484953,167.51965663484953,167.51965663484953,167.51965663484953,167.2567823240047,167.18683019122,167.18683019122,167.18683019122,167.18683019122,167.18683019122,167.18683019122,167.18683019122,167.18683019122,167.18683019122,167.18683019122,167.18683019122,167.18683019122,167.18683019122,167.18683019122,167.18683019122,167.18683019122,167.18683019122,167.18683019122,167.18683019122,167.18683019122,167.18683019122,167.18683019122,167.18683019122,167.18683019122,167.18683019122,167.18683019122,167.08754028475914,167.08754028475914,167.00708464321224,167.00708464321224,167.00708464321224,167.00708464321224,167.00708464321224,167.00708464321224,167.00708464321224,167.00308365292312,167.00308365292312,167.00308365292312,166.9961345111301,166.9961345111301,166.9961345111301,166.92504596553545,166.92504596553545,166.92504596553545,166.92504596553545,166.92504596553545,166.92478792299562,166.92478792299562,166.92478792299562,166.92478792299562,166.92478792299562,166.8225921622502,166.8225921622502,166.8225921622502,166.8225921622502,166.8225921622502,166.8225921622502,166.77712641843527,166.77712641843527,166.7652316688841,166.7652316688841,166.75375488858617,166.746450703522
main/cec2022_F12_D10/CMA-ES (IPOP)/default/4,164.48619798019945,164.47352032331764,164.4735193460765,164.47351934603557,164.47351934603557,164.47351934603557,164.47351934603557,164.47351934603557,164.4735193460292,164.4735193460292,164.4735193460292,164.4735193460292,164.4735193460292,164.4735193460292,164.4735193460292,164.4735193460292,164.4735193460292,164.4735193460292,164.4735193460292,164.4735193460292,164.4735193460292,164.4735193460292,164.4735193460292,164.4735193460292,164.4735193460292,164.4735193460292,164.4735193460292,164.4735193460292,164.4735193460292,164.4735193460292,164.4735193460292,164.4735193460292,164.4735193460292,164.4735193460292,164.4735193460292,164.4735193460292,164.4735193460292,164.4735193460292,164.4735193460292,164.4735193460292,164.4735193460292,164.4735193460292,164.4735193460292,164.4735193460292,164.4735193460292,164.4735193460292,164.4735193460292,164.4735193460292,164.4735193460292,164.4735193460292,164.4735193460292,164.4735193460292,164.4735193460292,164.4735193460292,164.4735193460292,164.4735193460292,164.4735193460292,164.4735193460292,164.4735193460292,164.4735193460292,164.4735193460292,164.4735193460292,164.4735193460292,164.4735193460292,164.4735193460292,164.4735193460292,164.4735193460292,164.4735193460292,164.4735193460292,164.4735193460292,164.4735193460292,164.4735193460292,164.4735193460292,164.4735193460292,164.4735193460292,164.4735193460292,164.4735193460292,164.4735193460292,164.4735193460292,164.4735193460292,164.4735193460292,164.4735193460292,164.4735193460292,164.4735193460292,164.4735193460292,164.4735193460292,164.4735193460292,164.4735193460292,164.4735193460292,164.4735193460292,164.4735193460292,164.4735193460292,164.4735193460292,164.4735193460292,164.4735193460292,164.4735193460292,164.4735193460292,164.4735193460292,164.4735193460292,164.4735193460292
main/cec2022_F12_D10/WOA/default/4,183.02297413401675,182.0162861496774,181.75310115915727,181.548749166554,181.50336079414092,181.49016334663156,181.41699541050184,181.3957827596605,181.3804163854029,181.37704262370926,181.37691225631306,181.37630332197477,181.37620079856106,181.3639601564264,181.3633598436918,181.36326196674145,181.3632513986454,181.3632512131162,181.3632511496312,181.36325109272775,181.36325107407583,181.36325107399125,181.36325107399125,181.36325107399125,181.36325107399125,181.36325107399125,181.36325107399125,181.36325107399125,181.36325107399125,181.36325107399125,181.36325107399125,181.36325107399125,181.36325107399125,181.36325107399125,181.36325107399125,181.36325107399125,181.36325107399125,181.36325107399125,181.36325107399125,181.36325107399125,181.36325107399125,181.36325107399125,181.36325107399125,181.36325107399125,181.36325107399125,181.36325107399125,181.36325107399125,181.36325107399125,181.36325107399125,181.36325107399125,181.36325107399125,181.36325107399125,181.36325107399125,181.36325107399125,181.36325107399125,181.36325107399125,181.36325107399125,181.36325107399125,181.36325107399125,181.36325107399125,181.36325107399125,181.36325107399125,181.36325107399125,181.36325107399125,181.36325107399125,181.36325107399125,181.36325107399125,181.36325107399125,181.36325107399125,181.36325107399125,181.36325107399125,181.36325107399125,181.36325107399125,181.36325107399125,181.36325107399125,181.36325107399125,181.36325107399125,181.36325107399125,181.36325107399125,181.36325107399125,181.36325107399125,181.36325107399125,181.36325107399125,181.36325107399125,181.36325107399125,181.36325107399125,181.36325107399125,181.36325107399125,181.36325107399125,181.36325107399125,181.36325107399125,181.36325107399125,181.36325107399125,181.36325107399125,181.36325107399125,181.36325107399125,181.36325107399125,181.36325107399125,181.36325107399125,181.36325107399125
main/cec2022_F12_D10/L-SHADE/default/4,186.14112274286163,171.1533944896023,167.88316840207426,167.36705763881218,167.36705763881218,167.20260341465564,166.9396519988968,166.52716305859622,166.47995525667238,166.44708761283346,166.40299650712586,166.393549581137,166.38942620705075,166.38828085104706,166.38782654679244,166.38766917730345,166.38759048601196,166.38753210880805,166.38751955004454,166.38751251526537,166.38750923815678,166.3875078977153,166.3875072104329,166.38750704006497,166.38750696668467,166.38750695203316,166.3875069460014,166.38750694317105,166.38750694206828,166.3875069416722,166.38750694159762,166.3875069415708,166.38750694156352,166.38750694156124,166.38750694155988,166.38750694155942,166.38750694155942,166.38750694155897,166.38750694155897,166.38750694155897,166.38750694155897,166.38750694155897,166.38750694155897,166.38750694155897,166.38750694155897,166.38750694155897,166.38750694155897,166.38750694155897,166.38750694155897,166.38750694155897,166.38750694155897,166.38750694155897,166.38750694155897,166.38750694155897,166.38750694155897,166.38750694155897,166.38750694155897,166.38750694155897,166.38750694155897,166.38750694155897,166.38750694155897,166.38750694155897,166.38750694155897,166.38750694155897,166.38750694155897,166.38750694155897,166.38750694155897,166.38750694155897,166.38750694155897,166.38750694155897,166.38750694155897,166.38750694155897,166.38750694155897,166.38750694155897,166.38750694155897,166.38750694155897,166.38750694155897,166.38750694155897,166.38750694155897,166.38750694155897,166.38750694155897,166.38750694155897,166.38750694155897,166.38750694155897,166.38750694155897,166.38750694155897,166.38750694155897,166.38750694155897,166.38750694155897,166.38750694155897,166.38750694155897,166.38750694155897,166.38750694155897,166.38750694155897,166.38750694155897,166.38750694155897,166.38750694155897,166.38750694155897,166.38750694155897,166.38750694155897
