run_key,c001,c002,c003,c004,c005,c006,c007,c008,c009,c010,c011,c012,c013,c014,c015,c016,c017,c018,c019,c020,c021,c022,c023,c024,c025,c026,c027,c028,c029,c030,c031,c032,c033,c034,c035,c036,c037,c038,c039,c040,c041,c042,c043,c044,c045,c046,c047,c048,c049,c050,c051,c052,c053,c054,c055,c056,c057,c058,c059,c060,c061,c062,c063,c064,c065,c066,c067,c068,c069,c070,c071,c072,c073,c074,c075,c076,c077,c078,c079,c080,c081,c082,c083,c084,c085,c086,c087,c088,c089,c090,c091,c092,c093,c094,c095,c096,c097,c098,c099,c100
main/engineering_WeldedBeam/TFO/full/0,1.431796245809539,0.9043250133940213,0.872724055243357,0.7101532559037709,0.39659942555957906,0.356937142553287,0.3189951765254462,0.2773994684585477,0.27508819544794716,0.27508819544794716,0.27508819544794716,0.1226497475868007,0.1226497475868007,0.1226497475868007,0.1226497475868007,0.10581419932853398,0.10581419932853398,0.10581419932853398,0.10581419932853398,0.09832088108288173,0.09832088108288173,0.09832088108288173,0.08350349054349349,0.08350349054349349,0.08350349054349349,0.08350349054349349,0.06780366009894889,0.05124826387968673,0.05124826387968673,0.015408572750793326,0.015408572750793326,0.015408572750793326,0.015408572750793326,0.015408572750793326,0.00782207958904002,0.00782207958904002,0.00782207958904002,0.00782207958904002,0.00782207958904002,0.00782207958904002,0.00782207958904002,0.00782207958904002,0.00782207958904002,0.00782207958904002,0.00782207958904002,0.00782207958904002,0.0038424931266254347,0.0038424931266254347,0.0038424931266254347,0.0038424931266254347,0.0038424931266254347,0.0038424931266254347,0.0038424931266254347,0.0038424931266254347,0.0038424931266254347,0.0038424931266254347,0.0038424931266254347,0.0038424931266254347,0.0038424931266254347,0.0038424931266254347,0.0038424931266254347,0.0038424931266254347,0.0038424931266254347,0.0038424931266254347,0.0038424931266254347,0.0038424931266254347,0.0038424931266254347,0.0038424931266254347,0.0038424931266254347,0.0038424931266254347,0.0038424931266254347,0.0038424931266254347,0.0038424931266254347,0.0038424931266254347,0.0038424931266254347,0.0038424931266254347,0.0038424931266254347,0.0038424931266254347,0.0038424931266254347,0.0038424931266254347,0.0038424931266254347,0.0038424931266254347,0.0038424931266254347,0.0038424931266254347,0.0038424931266254347,0.0038424931266254347,0.0038424931266254347,0.0038424931266254347,0.0038424931266254347,0.0038424931266254347,0.0038424931266254347,0.0038424931266254347,0.0038424931266254347,0.0038424931266254347,0.0038424931266254347,0.0038424931266254347,0.0038424931266254347,0.0038424931266254347,0.0038424931266254347,0.0038424931266254347
main/engineering_WeldedBeam/TFO-static/static/0,1.431796245809539,0.9043250133940213,0.872724055243357,0.7101532559037709,0.39659942555957906,0.356937142553287,0.3189951765254462,0.2773994684585477,0.27508819544794716,0.27508819544794716,0.27508819544794716,0.1226497475868007,0.1226497475868007,0.1226497475868007,0.1226497475868007,0.10581419932853398,0.10581419932853398,0.10581419932853398,0.10581419932853398,0.09832088108288173,0.09832088108288173,0.09832088108288173,0.08350349054349349,0.08350349054349349,0.08350349054349349,0.08350349054349349,0.06780366009894889,0.05124826387968673,0.05124826387968673,0.015408572750793326,0.015408572750793326,0.015408572750793326,0.015408572750793326,0.011069168006128338,0.0057100056735470694,0.0057100056735470694,0.0057100056735470694,0.0057100056735470694,0.0057100056735470694,0.0057100056735470694,0.0057100056735470694,0.0057100056735470694,0.0057100056735470694,0.0057100056735470694,0.0057100056735470694,0.0057100056735470694,0.0057100056735470694,0.0057100056735470694,0.0057100056735470694,0.0057100056735470694,0.0057100056735470694,0.0057100056735470694,0.0057100056735470694,0.0057100056735470694,0.0057100056735470694,0.0057100056735470694,0.0057100056735470694,0.0057100056735470694,0.0057100056735470694,0.0057100056735470694,0.0057100056735470694,0.0057100056735470694,0.0057100056735470694,0.0057100056735470694,0.0057100056735470694,0.0057100056735470694,0.0057100056735470694,0.0057100056735470694,0.0057100056735470694,0.0057100056735470694,0.0057100056735470694,0.0057100056735470694,0.0057100056735470694,0.0057100056735470694,0.0057100056735470694,0.0057100056735470694,0.0057100056735470694,0.0057100056735470694,0.0057100056735470694,0.0057100056735470694,0.0057100056735470694,0.0057100056735470694,0.0057100056735470694,0.0057100056735470694,0.0057100056735470694,0.0057100056735470694,0.0057100056735470694,0.0057100056735470694,0.0057100056735470694,0.0057100056735470694,0.0057100056735470694,0.0057100056735470694,0.0057100056735470694,0.0057100056735470694,0.0057100056735470694,0.0057100056735470694,0.0057100056735470694,0.0057100056735470694,0.0057100056735470694,0.0027414284366718
main/engineering_WeldedBeam/CA/default/0,1.9827849162514852,1.2139039282846988,0.6538019835147686,0.38997049053565,0.36380382630101926,0.33180162279666336,0.32450881372294993,0.31779327470638186,0.313766145067208,0.3136504674662721,0.2942869413233995,0.2942869413233995,0.27263196122702715,0.2654198574690574,0.2585464160024127,0.22946192813045552,0.22652935731743162,0.22371600835315997,0.22371600835315997,0.2231479751026495,0.22170065348381196,0.2207471715459668,0.219895817303416,0.21832018905826822,0.21805840872080062,0.21754856196754613,0.2164488310353454,0.2163863433729727,0.21603700663406156,0.21560617794212966,0.21549253803121093,0.21549253803121093,0.21549253803121093,0.21535257492772675,0.21533490512391995,0.21509771289558577,0.2134768974244623,0.21255919703643555,0.2053133971977994,0.20493101553941484,0.2040370228029269,0.1979996039839067,0.1963478828101619,0.1840339893378784,0.1820430712852419,0.1771888642330699,0.1537139842177182,0.08781382864400422,0.07744510488917777,0.0759848928692648,0.060677151580679656,0.034167983687955594,0.025038806877700992,0.024755829065449042,0.024729581570980264,0.024619672464536224,0.024542808580312547,0.02403905024818842,0.023972330155359156,0.023959652047068403,0.023884407883581815,0.023105128009525133,0.02301633102980838,0.022957821476105478,0.022947301148129595,0.02292253523115728,0.022873578234405167,0.02277960731802331,0.02276314901867571,0.022687063626036785,0.022687063626036785,0.02267509388481681,0.022652471975443067,0.02264480035272265,0.02264240972472864,0.02262937962468614,0.022620552968561913,0.022618080200350832,0.02261392479281099,0.022536811692887904,0.022526200569888966,0.022526200569888966,0.022526200569888966,0.022526200569888966,0.022526200569888966,0.022513644414915213,0.022511504511442126,0.02250480510959707,0.022499131320756094,0.02249883756214266,0.022497687421555446,0.02249650597173458,0.02249650597173458,0.02249619275312953,0.022496060022442865,0.022492656047070625,0.02238729832116393,0.022071706686772607,0.0169531426656071,0.0169531426656071
main/engineering_WeldedBeam/GA/default/0,2.1313439816044504,1.8938230951372075,1.842337354172187,1.4369632412963147,1.3670504693529566,1.3447746958033513,0.6608899138338671,0.6154653352429367,0.56207443111063,0.56207443111063,0.5490757497027239,0.5396731007288864,0.49340785942961385,0.48585480946777415,0.4836545633460425,0.4836545633460425,0.4836545633460425,0.4836545633460425,0.4836545633460425,0.4836545633460425,0.47877755708710557,0.47877755708710557,0.47877755708710557,0.47877755708710557,0.47877755708710557,0.47877755708710557,0.47877755708710557,0.47877755708710557,0.47877755708710557,0.47877755708710557,0.47877755708710557,0.47877755708710557,0.47877755708710557,0.47877755708710557,0.47877755708710557,0.47877755708710557,0.4754211895536853,0.43036139741574275,0.4138482547026687,0.23212335654624816,0.21872577483118194,0.2175960347262511,0.2175960347262511,0.20994520100981684,0.056946958580971874,0.04604093752605176,0.04102749726397925,0.04102749726397925,0.03734745551603802,0.03734745551603802,0.03161436556049346,0.03161436556049346,0.03161436556049346,0.030047952391600408,0.030047952391600408,0.027814755050261875,0.02636555469702273,0.02636555469702273,0.02636555469702273,0.02636555469702273,0.02636555469702273,0.02636555469702273,0.025558788506182317,0.025558788506182317,0.025141805017307117,0.018632808155173652,0.017187129313536387,0.017187129313536387,0.017187129313536387,0.017187129313536387,0.017187129313536387,0.017187129313536387,0.017187129313536387,0.016782461920611835,0.012199412667437626,0.008058887155606653,0.008058887155606653,0.003994097861402812,0.003994097861402812,0.003994097861402812,0.003994097861402812,0.003994097861402812,0.003994097861402812,0.003994097861402812,0.003994097861402812,0.003994097861402812,0.003994097861402812,0.003994097861402812,0.003994097861402812,0.003994097861402812,0.003994097861402812,0.003994097861402812,0.003994097861402812,0.003945780288301393,0.003945780288301393,0.0031439355865103824,0.0031439355865103824,0.0031439355865103824,0.002722149258329365,0.0023550836688441823
main/engineering_WeldedBeam/PSO/default/0,0.7950837081498239,0.5725210480933816,0.28647701334012265,0.28647701334012265,0.28647701334012265,0.28647701334012265,0.28647701334012265,0.28647701334012265,0.28647701334012265,0.25107032710325594,0.18293290491378666,0.18293290491378666,0.1330336848070568,0.09740407563054743,0.09740407563054743,0.09740407563054743,0.0498790737148842,0.043433146947329915,0.016605717460610014,0.01584763938961653,0.00760815688624028,0.00760815688624028,0.00760815688624028,0.00760815688624028,0.007007151758352093,0.007007151758352093,0.007007151758352093,0.007007151758352093,0.007007151758352093,0.0069858795548580765,0.0044951885103907685,0.0044951885103907685,0.0031524908913918015,0.0031524908913918015,0.0026952160968825023,0.0024003490892374746,0.0022088435001403894,0.0021359875724937805,0.002124488942933711,0.002124488942933711,0.0015849689340712292,0.001366165227173033,0.0010020946995481506,0.0010020946995481506,0.0005939195176027923,0.0005174619711711959,0.0003422583438279503,0.00013043165363413323,0.00013043165363413323,2.340066746064906e-05,-1.0739729820574695e-05,-1.0739729820574695e-05,-1.0988667914046957e-05,-2.0982961601578864e-05,-3.0128111237148758e-05,-3.45967468529107e-05,-4.491826959518441e-05,-4.582519483053993e-05,-4.609010228473487e-05,-4.7619702220114135e-05,-4.763368602200835e-05,-4.7946429602818696e-05,-4.796051660638234e-05,-4.8051845622731904e-05,-4.807074145007917e-05,-4.8092680759115325e-05,-4.8095434398653936e-05,-4.8095434398653936e-05,-4.8095434398653936e-05,-4.809544984496483e-05,-4.809551743711893e-05,-4.811755558509212e-05,-4.811755558509212e-05,-4.8125936295218e-05,-4.8128203442576734e-05,-4.8128407782455085e-05,-4.8133049584064835e-05,-4.8138858826929365e-05,-4.8140526664575134e-05,-4.8140707424870754e-05,-4.814517345241853e-05,-4.814517345241853e-05,-4.8146090982248424e-05,-4.814704318523155e-05,-4.8147043437030135e-05,-4.8147043437030135e-05,-4.814705686762011e-05,-4.8147384009267213e-05,-4.814740510838966e-05,-4.814774667827315e-05,-4.814799196806163e-05,-4.8148204778719617e-05,-4.814825960908209e-05,-4.814830781829649e-05,-4.814831040067524e-05,-4.814832604083108e-05,-4.8148328184449696e-05,-4.814834659283562e-05,-4.814836503697073e-05,-4.8148367040257156e-05
main/engineering_WeldedBeam/GWO/default/0,0.7477504899163991,0.3422842804270674,0.2488054587752062,0.2181567897240435,0.19772247715295643,0.16943227241290226,0.16943227241290226,0.16943227241290226,0.16510624582926137,0.16510624582926137,0.12528348427898273,0.12528348427898273,0.12528348427898273,0.12528348427898273,0.12528348427898273,0.12528348427898273,0.12528348427898273,0.12528348427898273,0.12528348427898273,0.12528348427898273,0.12528348427898273,0.12528348427898273,0.12528348427898273,0.12528348427898273,0.12528348427898273,0.12528348427898273,0.12528348427898273,0.12528348427898273,0.12528348427898273,0.12528348427898273,0.12528348427898273,0.12528348427898273,0.12528348427898273,0.1164909706259496,0.1164909706259496,0.11302190220544373,0.11302190220544373,0.11103001125211898,0.11103001125211898,0.11103001125211898,0.11103001125211898,0.09902610154778535,0.09902610154778535,0.07194162071224097,0.07194162071224097,0.07194162071224097,0.07194162071224097,0.04448261137851728,0.04448261137851728,0.04448261137851728,0.04448261137851728,0.04448261137851728,0.04448261137851728,0.04448261137851728,0.04448261137851728,0.04448261137851728,0.04448261137851728,0.04448261137851728,0.04448261137851728,0.04448261137851728,0.04448261137851728,0.04448261137851728,0.04448261137851728,0.03325727045129501,0.03325727045129501,0.03232635872010414,0.03232635872010414,0.03232635872010414,0.03232635872010414,0.028666131990173094,0.028666131990173094,0.028666131990173094,0.028666131990173094,0.028666131990173094,0.028666131990173094,0.028666131990173094,0.028666131990173094,0.020393444359608326,0.020393444359608326,0.020393444359608326,0.017968646972391866,0.017968646972391866,0.017968646972391866,0.017968646972391866,0.017968646972391866,0.013942819258420336,0.013942819258420336,0.013942819258420336,0.013942819258420336,0.013942819258420336,0.013942819258420336,0.013942819258420336,0.012307065782844573,0.012307065782844573,0.012307065782844573,0.012307065782844573,0.008872040052290586,0.006775394658506739,0.0017361632246524206,0.0008164002231501044
main/engineering_WeldedBeam/WOA/default/0,2.1836997799774194,2.178282689058406,2.178263199348459,2.1782625706728,2.1782625264394095,2.178262525416055,2.1782625254073436,2.1782625254071473,2.1782625254071464,2.178262525407143,2.178262525407117,2.178262525407093,2.1782625254070664,2.1782625254070433,2.1782625254062573,2.1782625250961285,2.1782625183629136,2.1782624281769722,2.178262018717448,2.178260875880806,2.1782589431478003,2.1782487631801652,2.1782485343958875,2.1782349418195794,2.1781289836402076,2.1778048629422564,2.1750918012470306,2.1750883967428223,2.175088355508664,2.1750883551478983,2.175088355086471,2.1750883550861415,2.1750883550853457,2.1750883550853075,2.1750883550853075,2.1750883550853075,2.1750883550853075,2.1750883550853075,2.1750883550853075,2.1750883550853075,2.1750883550853075,2.1750883550853075,2.1750883550853075,2.1750883550853075,2.1750883550853075,2.1750883550853075,2.1750883550853075,2.1750883550853075,2.1750883550853075,2.1750883550853075,2.1750883550853075,2.1750883550853075,2.1750883550853075,2.1750883550853075,2.1750883550853075,2.1750883550853075,2.1750883550853075,2.1750883550853075,2.1750883550853075,2.1750883550853075,2.1750883550853075,2.1750883550853075,2.1750883550853075,2.1750883550853075,2.1750883550853075,2.1750883550853075,2.1750883550853075,2.1750883550853075,2.1750883550853075,2.1750883550853075,2.1750883550853075,2.1750883550853075,2.1750883550853075,2.1750883550853075,2.1750883550853075,2.1750883550853075,2.1750883550853075,2.1750883550853075,2.1750883550853075,2.1750883550853075,2.1750883550853075,2.1750883550853075,2.1750883550853075,2.1750883550853075,2.1750883550853075,2.1750883550853075,2.1750883550853075,2.1750883550853075,2.1750883550853075,2.1750883550853075,2.1750883550853075,2.1750883550853075,2.1750883550853075,2.1750883550853075,2.1750883550853075,2.1750883550853075,2.1750883550853075,2.1750883550853075,2.1750883550853075,2.1750883550853075
main/engineering_WeldedBeam/L-SHADE/default/0,2.910341732437119,1.5604675486312798,0.9703033346255381,0.6269391146198602,0.28546697768685125,0.11438479619743713,0.11438479619743713,0.10341647236340101,0.054376482828148776,0.041161778079942035,0.010205452804981308,0.010205452804981308,0.010205452804981308,0.010205452804981308,0.010205452804981308,0.008012611675707992,0.0035072193662581963,0.0035072193662581963,0.0013370296692041261,0.0013370296692041261,0.0010614348230515436,0.0008368605861850398,0.00019086233434317812,0.00019086233434317812,1.1534822136782807e-05,1.1534822136782807e-05,1.1534822136782807e-05,1.1534822136782807e-05,1.1534822136782807e-05,-1.2469409841120438e-05,-2.3310144527499688e-05,-3.4335925330752914e-05,-4.029684942996603e-05,-4.439639618447622e-05,-4.5661512447559005e-05,-4.676880654486126e-05,-4.758731595222443e-05,-4.759332442749731e-05,-4.7766039774632674e-05,-4.795010529434762e-05,-4.800355698519887e-05,-4.80759856558155e-05,-4.8133644927839114e-05,-4.813657273494698e-05,-4.814048013468408e-05,-4.814236219252699e-05,-4.814605187641874e-05,-4.814845165879156e-05,-4.814883475345866e-05,-4.814917778173111e-05,-4.8149540312625305e-05,-4.814956214493904e-05,-4.814959550047959e-05,-4.814961372145987e-05,-4.814961372145987e-05,-4.814961521715233e-05,-4.8149615378356714e-05,-4.814961574428622e-05,-4.8149615766046594e-05,-4.8149615785808564e-05,-4.8149615785808564e-05,-4.8149615790249456e-05,-4.81496157904715e-05,-4.814961579091559e-05,-4.814961579091559e-05,-4.814961579091559e-05,-4.814961579091559e-05,-4.8149615791137634e-05,-4.8149615791137634e-05,-4.8149615791137634e-05,-4.8149615791137634e-05,-4.8149615791137634e-05,-4.8149615791137634e-05,-4.8149615791137634e-05,-4.8149615791137634e-05,-4.8149615791137634e-05,-4.8149615791137634e-05,-4.8149615791137634e-05,-4.8149615791137634e-05,-4.8149615791137634e-05,-4.8149615791137634e-05,-4.8149615791137634e-05,-4.8149615791137634e-05,-4.8149615791137634e-05,-4.8149615791137634e-05,-4.8149615791137634e-05,-4.8149615791137634e-05,-4.814961579135968e-05,-4.814961579135968e-05,-4.814961579135968e-05,-4.814961579135968e-05,-4.814961579135968e-05,-4.814961579135968e-05,-4.814961579135968e-05,-4.814961579135968e-05,-4.814961579135968e-05,-4.814961579135968e-05,-4.814961579135968e-05,-4.814961579135968e-05,-4.814961579135968e-05
main/engineering_WeldedBeam/CMA-ES (IPOP)/default/0,1.04047865605255,0.8619834367056576,0.41631214906221525,0.043886973875230106,0.00263213276366292,0.00017663020368363647,2.0560766448518564e-05,-4.6050540168263154e-05,-4.8115305460116886e-05,-4.8147785677965516e-05,-4.814959112109385e-05,-4.8149615321513295e-05,-4.8149615321513295e-05,-4.8149615321513295e-05,-4.8149615321513295e-05,-4.8149615321513295e-05,-4.8149615321513295e-05,-4.8149615321513295e-05,-4.8149615321513295e-05,-4.8149615321513295e-05,-4.8149615321513295e-05,-4.8149615321513295e-05,-4.8149615321513295e-05,-4.8149615321513295e-05,-4.8149615321513295e-05,-4.8149615321513295e-05,-4.8149615321513295e-05,-4.8149615321513295e-05,-4.8149615321513295e-05,-4.8149615321513295e-05,-4.8149615321513295e-05,-4.8149615321513295e-05,-4.8149615321513295e-05,-4.8149615321513295e-05,-4.8149615321513295e-05,-4.8149615321513295e-05,-4.8149615321513295e-05,-4.8149615321513295e-05,-4.8149615321513295e-05,-4.8149615321513295e-05,-4.8149615321513295e-05,-4.8149615321513295e-05,-4.8149615321513295e-05,-4.8149615321513295e-05,-4.8149615321513295e-05,-4.8149615386128275e-05,-4.814961564370002e-05,-4.814961564370002e-05,-4.814961564370002e-05,-4.814961564370002e-05,-4.814961564370002e-05,-4.814961564370002e-05,-4.814961564370002e-05,-4.814961564370002e-05,-4.814961564370002e-05,-4.814961564370002e-05,-4.814961564370002e-05,-4.814961564370002e-05,-4.814961564370002e-05,-4.814961564370002e-05,-4.814961564370002e-05,-4.814961564370002e-05,-4.814961564370002e-05,-4.814961564370002e-05,-4.814961564370002e-05,-4.814961564370002e-05,-4.814961564370002e-05,-4.814961564370002e-05,-4.814961564370002e-05,-4.814961564370002e-05,-4.814961564370002e-05,-4.814961564370002e-05,-4.814961564370002e-05,-4.814961564370002e-05,-4.814961564370002e-05,-4.814961564370002e-05,-4.814961564370002e-05,-4.814961564370002e-05,-4.8149615729409234e-05,-4.8149615729409234e-05,-4.8149615729409234e-05,-4.8149615729409234e-05,-4.8149615729409234e-05,-4.8149615729409234e-05,-4.8149615729409234e-05,-4.8149615729409234e-05,-4.8149615729409234e-05,-4.8149615729409234e-05,-4.8149615729409234e-05,-4.8149615729409234e-05,-4.8149615729409234e-05,-4.8149615729409234e-05,-4.8149615729409234e-05,-4.8149615729409234e-05,-4.8149615729409234e-05,-4.8149615729409234e-05,-4.8149615729409234e-05,-4.8149615729409234e-05,-4.8149615729409234e-05,-4.8149615729409234e-05
main/engineering_WeldedBeam/GA/default/1,1.1530571692545386,0.8326516065693557,0.4972322335406554,0.434755364294946,0.434755364294946,0.434755364294946,0.3552824465856921,0.25509760174733853,0.2452334272830261,0.23376254639400806,0.23376254639400806,0.23376254639400806,0.23376254639400806,0.23201870997011254,0.23201870997011254,0.23201870997011254,0.21964016745040627,0.21803483446596905,0.21803483446596905,0.21803483446596905,0.2026778374374394,0.2005556682170453,0.15718966133688128,0.12707109536816374,0.06559864170758067,0.05421874870585408,0.028728376114788512,0.026209095327807796,0.01688986696544048,0.012641138093679505,0.009544521641806192,0.009544521641806192,0.009544521641806192,0.009544521641806192,0.009544521641806192,0.009544521641806192,0.009544521641806192,0.009544521641806192,0.009544521641806192,0.009544521641806192,0.006800995696346179,0.006800995696346179,0.006800995696346179,0.006800995696346179,0.006800995696346179,0.006800995696346179,0.006800995696346179,0.006800995696346179,0.006800995696346179,0.006800995696346179,0.006800995696346179,0.006800995696346179,0.006800995696346179,0.006800995696346179,0.006800995696346179,0.006800995696346179,0.006800995696346179,0.006800995696346179,0.006800995696346179,0.006709752983812933,0.006709752983812933,0.006709752983812933,0.006709752983812933,0.006709752983812933,0.006054908461856634,0.006054908461856634,0.006054908461856634,0.006054908461856634,0.006054908461856634,0.006054908461856634,0.006054908461856634,0.006054908461856634,0.006054908461856634,0.006054908461856634,0.006054908461856634,0.006054908461856634,0.006054908461856634,0.006054908461856634,0.006054908461856634,0.006054908461856634,0.006054908461856634,0.006054908461856634,0.006054908461856634,0.006054908461856634,0.006054908461856634,0.006054908461856634,0.006054908461856634,0.006054908461856634,0.006054908461856634,0.006054908461856634,0.006054908461856634,0.006054908461856634,0.006054908461856634,0.006054908461856634,0.005286887435077103,0.004949343748654078,0.0038817169707696664,0.0030153867840956305,0.0030153867840956305,0.0030153867840956305
main/engineering_WeldedBeam/PSO/default/1,0.9229941978064284,0.6041611978240964,0.5083362681035435,0.2925276018714682,0.2925276018714682,0.2925276018714682,0.18401657137015826,0.18401657137015826,0.15442565985956924,0.1307927753990672,0.1307927753990672,0.1307927753990672,0.1307927753990672,0.1307927753990672,0.1307927753990672,0.1307927753990672,0.1307927753990672,0.12117038780597866,0.11264358280758202,0.07210457822180616,0.07210457822180616,0.07210457822180616,0.03710018806639215,0.03710018806639215,0.009674358316901666,0.009674358316901666,0.009674358316901666,0.009674358316901666,0.004097540435366032,0.004097540435366032,0.004097540435366032,0.004097540435366032,0.004097540435366032,0.0036493427235493314,0.0036493427235493314,0.0036493427235493314,0.003599180968072435,0.0020824308659987967,0.0016561586463372802,0.0008019489865740415,0.0008019489865740415,0.0008019489865740415,0.0008019489865740415,0.0007544658330214116,0.0007395260952363092,0.0007386744858031147,0.0007382463179370635,0.0004389933567685578,0.00031756805068505756,0.00018063251822786341,4.378553748196623e-05,5.414073579457224e-06,2.60908920690639e-07,-1.2422699858127828e-05,-1.5057433087939387e-05,-1.66007801181145e-05,-2.1467081262160903e-05,-2.961194778738907e-05,-3.8211805676091615e-05,-4.062662572668074e-05,-4.212560080008032e-05,-4.5558790488620104e-05,-4.564962169051334e-05,-4.573046965683503e-05,-4.6593646168435754e-05,-4.6593646168435754e-05,-4.7935098764329e-05,-4.802624797850541e-05,-4.803767547967297e-05,-4.8051494272671746e-05,-4.805274928010306e-05,-4.805274928010306e-05,-4.805358627857359e-05,-4.8054289849108756e-05,-4.8054547886922094e-05,-4.805454794887254e-05,-4.8054566271327204e-05,-4.8054566271327204e-05,-4.8054566271327204e-05,-4.80545663454901e-05,-4.8054567092004064e-05,-4.8054567908906165e-05,-4.808520676813366e-05,-4.8132463179584306e-05,-4.8142286494412545e-05,-4.8142412810703306e-05,-4.814309596445909e-05,-4.8145918178699176e-05,-4.8145971426771794e-05,-4.8146862420272996e-05,-4.8146862420272996e-05,-4.814699936406264e-05,-4.81471223012786e-05,-4.814729865820766e-05,-4.814744993630882e-05,-4.814763424865198e-05,-4.814773588890375e-05,-4.814774548855816e-05,-4.8147746595450513e-05,-4.814774932726529e-05
main/engineering_WeldedBeam/GWO/default/1,0.7188070509673319,0.16282275973229798,0.16282275973229798,0.16012373164598537,0.16012373164598537,0.15882849706820745,0.15882849706820745,0.15882849706820745,0.15882849706820745,0.15717930574770134,0.15717930574770134,0.15717930574770134,0.15717930574770134,0.15717930574770134,0.15717930574770134,0.15717930574770134,0.13855522149736998,0.1232824285375762,0.1232824285375762,0.1232824285375762,0.1232824285375762,0.11716877374176504,0.08914285284674861,0.08914285284674861,0.08914285284674861,0.08914285284674861,0.08914285284674861,0.08914285284674861,0.08914285284674861,0.08914285284674861,0.08914285284674861,0.08914285284674861,0.08914285284674861,0.08914285284674861,0.08914285284674861,0.08914285284674861,0.08914285284674861,0.08168714312422165,0.08168714312422165,0.08168714312422165,0.08168714312422165,0.08168714312422165,0.08168714312422165,0.08168714312422165,0.08168714312422165,0.08168714312422165,0.08168714312422165,0.08168714312422165,0.08168714312422165,0.08168714312422165,0.08168714312422165,0.08168714312422165,0.08168714312422165,0.08168714312422165,0.04874868186675885,0.04874868186675885,0.04874868186675885,0.04874868186675885,0.04874868186675885,0.04874868186675885,0.04874868186675885,0.04874868186675885,0.037928583634936563,0.037928583634936563,0.037928583634936563,0.037928583634936563,0.037928583634936563,0.037928583634936563,0.037928583634936563,0.037928583634936563,0.037928583634936563,0.03776409851890006,0.03521233922360012,0.03521233922360012,0.03521233922360012,0.03521233922360012,0.03521233922360012,0.0145877961268146,0.0145877961268146,0.0145877961268146,0.0145877961268146,0.0145877961268146,0.007385689443555332,0.007385689443555332,0.007385689443555332,0.007385689443555332,0.007385689443555332,0.005445422128574906,0.005445422128574906,0.005445422128574906,0.005445422128574906,0.005445422128574906,0.005445422128574906,0.005445422128574906,0.005445422128574906,0.005445422128574906,0.005445422128574906,0.004696870616124116,0.0038224484531419467,0.001338477286034534
main/engineering_WeldedBeam/CA/default/1,1.1699621784855305,0.42044018677487194,0.1741360210027436,0.1741360210027436,0.11826528729836183,0.11084303868187173,0.09736060992783035,0.050568765241008284,0.04387303418742694,0.0035464957417177256,0.0035464957417177256,0.003337614173484438,0.0014884193706163895,0.0013504951504212936,0.0011490482131741864,0.0008651728829704997,0.00046141985213243863,0.00019814656545169562,0.0001011101492729427,8.265503657578499e-05,-5.593522456104338e-06,-5.593522456104338e-06,-5.593522456104338e-06,-6.7735770543642104e-06,-8.713427981366095e-06,-9.013060949358831e-06,-9.013060949358831e-06,-3.0237019419843136e-05,-3.0237019419843136e-05,-3.760904516636465e-05,-3.760904516636465e-05,-3.8034247299423285e-05,-4.350004231379323e-05,-4.350004231379323e-05,-4.350004231379323e-05,-4.374097550186029e-05,-4.509361218985042e-05,-4.509361218985042e-05,-4.509361218985042e-05,-4.546045841813395e-05,-4.546045841813395e-05,-4.635475961078939e-05,-4.6401161970299754e-05,-4.6401161970299754e-05,-4.68253981089628e-05,-4.7026848962072876e-05,-4.705097798751723e-05,-4.705097798751723e-05,-4.705097798751723e-05,-4.705097798751723e-05,-4.783388313533976e-05,-4.79075165999987e-05,-4.79075165999987e-05,-4.79075165999987e-05,-4.799460926108168e-05,-4.800452444952974e-05,-4.800452444952974e-05,-4.8059691478030686e-05,-4.8059691478030686e-05,-4.8080223987501114e-05,-4.8090596677763386e-05,-4.8090596677763386e-05,-4.8118461737356455e-05,-4.8118461737356455e-05,-4.8118461737356455e-05,-4.81218359023039e-05,-4.81218359023039e-05,-4.81218359023039e-05,-4.81218359023039e-05,-4.81218359023039e-05,-4.81218359023039e-05,-4.81218359023039e-05,-4.812302144108216e-05,-4.812302144108216e-05,-4.812302144108216e-05,-4.812302144108216e-05,-4.812373455576058e-05,-4.812392209707639e-05,-4.812392209707639e-05,-4.812392209707639e-05,-4.812392209707639e-05,-4.812392209707639e-05,-4.812392209707639e-05,-4.812392209707639e-05,-4.812392209707639e-05,-4.812392209707639e-05,-4.812392209707639e-05,-4.8124087259848736e-05,-4.81250834787339e-05,-4.812694802902584e-05,-4.812694802902584e-05,-4.8127556188770626e-05,-4.812785794605645e-05,-4.812785794605645e-05,-4.812785794605645e-05,-4.812785794605645e-05,-4.812791017139162e-05,-4.812791017139162e-05,-4.812791017139162e-05,-4.8137328043429406e-05
main/engineering_WeldedBeam/TFO-static/static/1,0.9767404827104753,0.7253752800383995,0.1472472935627167,0.1472472935627167,0.1472472935627167,0.07949585100930223,0.07949585100930223,0.07949585100930223,0.07949585100930223,0.07949585100930223,0.07949585100930223,0.07949585100930223,0.07949585100930223,0.07949585100930223,0.07949585100930223,0.07949585100930223,0.07949585100930223,0.07949585100930223,0.07949585100930223,0.07949585100930223,0.07949585100930223,0.07949585100930223,0.07949585100930223,0.07949585100930223,0.07949585100930223,0.07949585100930223,0.07949585100930223,0.07949585100930223,0.07949585100930223,0.07808619262846173,0.05694462081020313,0.05694462081020313,0.05694462081020313,0.05694462081020313,0.05694462081020313,0.05694462081020313,0.05694462081020313,0.05694462081020313,0.05694462081020313,0.05694462081020313,0.05694462081020313,0.05694462081020313,0.05694462081020313,0.05694462081020313,0.05694462081020313,0.05694462081020313,0.05694462081020313,0.05694462081020313,0.05694462081020313,0.05694462081020313,0.05694462081020313,0.05694462081020313,0.05694462081020313,0.05694462081020313,0.05694462081020313,0.05694462081020313,0.05694462081020313,0.05694462081020313,0.05694462081020313,0.05694462081020313,0.05694462081020313,0.05694462081020313,0.05694462081020313,0.055950075803575805,0.055950075803575805,0.055950075803575805,0.055950075803575805,0.055950075803575805,0.055950075803575805,0.055950075803575805,0.055950075803575805,0.055950075803575805,0.055950075803575805,0.055950075803575805,0.055950075803575805,0.03441837073305232,0.03441837073305232,0.03441837073305232,0.03441837073305232,0.03441837073305232,0.033162210056175034,0.033162210056175034,0.033162210056175034,0.033162210056175034,0.033162210056175034,0.033162210056175034,0.033162210056175034,0.033162210056175034,0.033162210056175034,0.033162210056175034,0.018477260824406816,0.018477260824406816,0.018477260824406816,0.018477260824406816,0.018477260824406816,0.018477260824406816,0.017408617885199984,0.017408617885199984,0.014704373154803996,0.010221463387157348
main/engineering_WeldedBeam/TFO/full/1,0.9767404827104753,0.7253752800383995,0.1472472935627167,0.1472472935627167,0.1472472935627167,0.07949585100930223,0.07949585100930223,0.07949585100930223,0.07949585100930223,0.07949585100930223,0.07861411835272603,0.05624162766378871,0.05624162766378871,0.05624162766378871,0.05624162766378871,0.05624162766378871,0.05624162766378871,0.05624162766378871,0.05624162766378871,0.05624162766378871,0.05399639334565731,0.05399639334565731,0.05399639334565731,0.05399639334565731,0.05399639334565731,0.05399639334565731,0.05399639334565731,0.05399639334565731,0.05399639334565731,0.05252778399962277,0.05252778399962277,0.04742201555066772,0.04742201555066772,0.04742201555066772,0.04742201555066772,0.04742201555066772,0.04742201555066772,0.04742201555066772,0.04742201555066772,0.042433978651679416,0.02122870558916823,0.02122870558916823,0.02122870558916823,0.02122870558916823,0.02122870558916823,0.020041517363402983,0.020041517363402983,0.020041517363402983,0.020041517363402983,0.020041517363402983,0.020041517363402983,0.020041517363402983,0.014610359513679505,0.014610359513679505,0.014610359513679505,0.014610359513679505,0.014610359513679505,0.014610359513679505,0.014610359513679505,0.014610359513679505,0.014610359513679505,0.014610359513679505,0.014610359513679505,0.014610359513679505,0.014610359513679505,0.014610359513679505,0.014610359513679505,0.014610359513679505,0.014610359513679505,0.014610359513679505,0.014610359513679505,0.014610359513679505,0.014610359513679505,0.014610359513679505,0.014610359513679505,0.014610359513679505,0.014610359513679505,0.014610359513679505,0.014610359513679505,0.014610359513679505,0.014610359513679505,0.014610359513679505,0.014610359513679505,0.014610359513679505,0.014610359513679505,0.014610359513679505,0.014610359513679505,0.014610359513679505,0.014610359513679505,0.014610359513679505,0.014610359513679505,0.014610359513679505,0.014610359513679505,0.014610359513679505,0.014610359513679505,0.014610359513679505,0.014610359513679505,0.014610359513679505,0.014610359513679505,0.014610359513679505
main/engineering_WeldedBeam/WOA/default/1,3.8764060417804593,3.8756461991735867,3.8756230363967337,3.875622766466167,3.875622745447158,3.875622721781234,3.8756227216887034,3.8756227216798003,3.8756227216796564,3.8756227216796484,3.875622721679612,3.8756227216791226,3.8756227216533636,3.8756227214476455,3.8756226734320443,3.8756221864415057,3.875621420610324,3.875599451638024,3.8750483623804204,3.8182249984217895,3.743070704656274,3.7425651691536874,3.7425646339892555,3.742035449935985,3.7398440071614765,3.238513521396352,2.4791370103701507,2.467080879072654,2.460877431410381,2.4601852722719952,2.4601820116129423,2.4601819710290167,2.460181963288611,2.460181963245895,2.460181963245774,2.4601819632457316,2.4601819632457316,2.4601819632457307,2.4601819632457236,2.4601819632457165,2.460181963245703,2.4601819632456943,2.460181963245682,2.460181963245682,2.460181963245679,2.460181963245679,2.460181963245679,2.460181963245679,2.460181963245679,2.460181963245679,2.460181963245679,2.460181963245679,2.460181963245679,2.460181963245679,2.460181963245679,2.460181963245679,2.460181963245679,2.460181963245679,2.460181963245679,2.460181963245679,2.460181963245679,2.460181963245679,2.460181963245679,2.460181963245679,2.460181963245679,2.460181963245679,2.460181963245679,2.460181963245679,2.460181963245679,2.460181963245679,2.460181963245679,2.460181963245679,2.460181963245679,2.460181963245679,2.460181963245679,2.460181963245679,2.460181963245679,2.4601819632456747,2.4601819632456747,2.4601819632456747,2.4601819632456747,2.4601819632456747,2.4601819632456747,2.4601819632456747,2.4601819632456747,2.4601819632456747,2.4601819632456747,2.4601819632456747,2.4601819632456747,2.4601819632456747,2.4601819632456747,2.4601819632456747,2.4601819632456747,2.4601819632456747,2.4601819632456747,2.4601819632456747,2.4601819632456747,2.4601819632456747,2.4601819632456747,2.4601819632456747
main/engineering_WeldedBeam/L-SHADE/default/1,1.0280066930654816,0.38978698491263075,0.3185897673004916,0.22565704581233859,0.2227134604997616,0.08366610289667076,0.08366610289667076,0.08366610289667076,0.08366610289667076,0.08014283868025252,0.04150272331985638,0.018730599477737808,0.018730599477737808,0.009276279208829452,0.00604110673635061,0.004309339970071102,0.003547307422928192,0.0022215041446191908,0.0022103053251674165,0.0016100361429640664,0.001034258044667169,0.0004988081124654986,0.00017519674456201173,0.0001230014459663309,0.00010084160052481472,1.5136521703595918e-05,1.5136521703595918e-05,-1.2884596955586858e-05,-3.44017733984181e-05,-3.738780125916996e-05,-4.1834637299009714e-05,-4.457890463971381e-05,-4.5692055473889326e-05,-4.681947059559377e-05,-4.762535567803816e-05,-4.7748011234194365e-05,-4.805999790868931e-05,-4.8079069833395494e-05,-4.813365740052866e-05,-4.8140285134001815e-05,-4.8140285134001815e-05,-4.8144014946238656e-05,-4.8146610216903696e-05,-4.814755875748311e-05,-4.814831726940305e-05,-4.814915658180041e-05,-4.814935884289717e-05,-4.8149545797571136e-05,-4.8149557432264345e-05,-4.814958743803999e-05,-4.8149602412284054e-05,-4.814960789301104e-05,-4.8149613180559214e-05,-4.814961411980789e-05,-4.8149615161419135e-05,-4.8149615681669644e-05,-4.8149615748727115e-05,-4.814961576871113e-05,-4.8149615787362876e-05,-4.814961579002741e-05,-4.8149615790693545e-05,-4.8149615791137634e-05,-4.8149615791137634e-05,-4.8149615791137634e-05,-4.8149615791137634e-05,-4.8149615791137634e-05,-4.8149615791137634e-05,-4.8149615791137634e-05,-4.8149615791137634e-05,-4.8149615791137634e-05,-4.8149615791137634e-05,-4.8149615791137634e-05,-4.8149615791137634e-05,-4.8149615791137634e-05,-4.8149615791137634e-05,-4.8149615791137634e-05,-4.8149615791137634e-05,-4.8149615791137634e-05,-4.8149615791137634e-05,-4.8149615791137634e-05,-4.8149615791137634e-05,-4.8149615791137634e-05,-4.8149615791137634e-05,-4.8149615791137634e-05,-4.8149615791137634e-05,-4.8149615791137634e-05,-4.8149615791137634e-05,-4.8149615791137634e-05,-4.8149615791137634e-05,-4.8149615791137634e-05,-4.8149615791137634e-05,-4.8149615791137634e-05,-4.8149615791137634e-05,-4.8149615791137634e-05,-4.8149615791137634e-05,-4.8149615791137634e-05,-4.8149615791137634e-05,-4.8149615791137634e-05,-4.8149615791137634e-05,-4.8149615791137634e-05
main/engineering_WeldedBeam/CA/default/2,1.6382246989815823,0.7317264240603307,0.641857378869972,0.45373876378819067,0.4202236573664513,0.33793964048844116,0.2759831745082495,0.23233590975769913,0.2105984688058411,0.1660168858453568,0.16029016925203377,0.16020331671692056,0.1594506337901811,0.1581395581535614,0.1581395581535614,0.1568866698317508,0.15513153535182211,0.15490115342433053,0.15447492023190756,0.15432283122391155,0.1538944695164135,0.15343326329731521,0.15140679630329812,0.15140679630329812,0.15071266086356894,0.150646317900752,0.15063688120845398,0.15051655435625655,0.1480734866906268,0.14431115271926087,0.14229990535126213,0.14022712876643983,0.1314821475213559,0.1314821475213559,0.12934369491837616,0.1270438109850045,0.12261076971328988,0.12018933015283761,0.11985001157533626,0.11846553022638773,0.11836604065421752,0.11813729120580008,0.11813210722729006,0.11807908791245558,0.11801521201792298,0.11801311996968566,0.11801290807984421,0.11794669424857429,0.11768504838528404,0.11750767052594835,0.11739405341722442,0.11712401614609225,0.11712401614609225,0.11704111166688125,0.1170050829256275,0.11699668175712974,0.11699668175712974,0.11696251248618839,0.11693475510854756,0.11690736802837964,0.11690471469763564,0.11690471469763564,0.11690471024056914,0.11690452771325677,0.11689624339251803,0.11688844751986083,0.11687715460720405,0.11687562255401907,0.11687517168907857,0.1166922144707041,0.04657517161651392,0.0334838522505152,0.014283528283039137,0.0027823312715256066,0.0007542158244504549,0.0007542158244504549,0.0003670533762434314,0.0001467898948936952,1.9056080969415135e-05,4.896988096803057e-06,-9.45838699606405e-06,-1.0054435903184e-05,-1.170260344984797e-05,-1.170260344984797e-05,-1.2012462327959383e-05,-1.2605753876515635e-05,-1.2947576016220097e-05,-1.3158328848739131e-05,-1.3173554035850188e-05,-1.323074221404319e-05,-1.3255601275297124e-05,-1.3264446152350118e-05,-1.3299311510950318e-05,-1.3339676070422968e-05,-1.5629886095158696e-05,-1.5629886095158696e-05,-2.100890331169225e-05,-2.2747088063157506e-05,-3.940437430594024e-05,-4.0728965079450674e-05
main/engineering_WeldedBeam/CMA-ES (IPOP)/default/1,0.8417222223480552,0.016638021237059597,0.001373259059571863,-5.066778924422977e-06,-4.721014267294876e-05,-4.8132658409860696e-05,-4.81490914392424e-05,-4.81496103823531e-05,-4.814961541765861e-05,-4.814961541765861e-05,-4.814961541765861e-05,-4.814961541765861e-05,-4.814961541765861e-05,-4.814961541765861e-05,-4.814961541765861e-05,-4.814961541765861e-05,-4.814961541765861e-05,-4.814961541765861e-05,-4.814961541765861e-05,-4.814961541765861e-05,-4.814961541765861e-05,-4.814961541765861e-05,-4.814961541765861e-05,-4.814961541765861e-05,-4.814961541765861e-05,-4.814961541765861e-05,-4.814961541765861e-05,-4.814961541765861e-05,-4.814961541765861e-05,-4.814961541765861e-05,-4.814961541765861e-05,-4.814961541765861e-05,-4.814961541765861e-05,-4.814961541765861e-05,-4.814961541765861e-05,-4.814961541765861e-05,-4.814961541765861e-05,-4.814961541765861e-05,-4.814961541765861e-05,-4.814961541765861e-05,-4.814961566990128e-05,-4.814961566990128e-05,-4.814961566990128e-05,-4.814961566990128e-05,-4.814961566990128e-05,-4.814961566990128e-05,-4.814961566990128e-05,-4.814961566990128e-05,-4.814961566990128e-05,-4.814961566990128e-05,-4.814961566990128e-05,-4.814961566990128e-05,-4.814961566990128e-05,-4.814961566990128e-05,-4.814961566990128e-05,-4.814961566990128e-05,-4.814961566990128e-05,-4.814961566990128e-05,-4.814961566990128e-05,-4.814961566990128e-05,-4.814961566990128e-05,-4.814961566990128e-05,-4.814961566990128e-05,-4.814961566990128e-05,-4.814961566990128e-05,-4.814961566990128e-05,-4.814961566990128e-05,-4.814961566990128e-05,-4.814961566990128e-05,-4.814961566990128e-05,-4.814961566990128e-05,-4.814961566990128e-05,-4.814961566990128e-05,-4.814961566990128e-05,-4.814961566990128e-05,-4.814961566990128e-05,-4.814961566990128e-05,-4.814961566990128e-05,-4.814961566990128e-05,-4.814961566990128e-05,-4.814961566990128e-05,-4.814961566990128e-05,-4.814961566990128e-05,-4.814961566990128e-05,-4.814961566990128e-05,-4.814961566990128e-05,-4.814961566990128e-05,-4.814961566990128e-05,-4.814961566990128e-05,-4.814961566990128e-05,-4.814961566990128e-05,-4.814961566990128e-05,-4.814961566990128e-05,-4.814961566990128e-05,-4.814961566990128e-05,-4.814961566990128e-05,-4.814961566990128e-05,-4.814961566990128e-05,-4.814961566990128e-05,-4.814961566990128e-05
main/engineering_WeldedBeam/GA/default/2,0.14642252990192905,0.10259194025799712,0.08455402213506935,0.07039961483365431,0.05974423961413122,0.05555017045836186,0.03867789744864347,0.03867789744864347,0.03385686201617788,0.028451125913188546,0.02834391468868014,0.02834391468868014,0.02834391468868014,0.02834391468868014,0.02834391468868014,0.02834391468868014,0.02834391468868014,0.02834391468868014,0.02834391468868014,0.027327387329695307,0.027327387329695307,0.027327387329695307,0.022719419752441405,0.02187712423022914,0.01696173371527676,0.01696173371527676,0.01696173371527676,0.01696173371527676,0.01696173371527676,0.01696173371527676,0.01623824693446907,0.015573793592341678,0.015573793592341678,0.015573793592341678,0.015573793592341678,0.015573793592341678,0.015573793592341678,0.014065833545082063,0.014065833545082063,0.014065833545082063,0.011667248404564123,0.011567082631354308,0.011567082631354308,0.011567082631354308,0.011567082631354308,0.011567082631354308,0.011567082631354308,0.011567082631354308,0.011567082631354308,0.011567082631354308,0.009123128241832035,0.009123128241832035,0.009123128241832035,0.009123128241832035,0.009123128241832035,0.009123128241832035,0.009123128241832035,0.009123128241832035,0.009123128241832035,0.009123128241832035,0.009123128241832035,0.009123128241832035,0.009123128241832035,0.009123128241832035,0.009123128241832035,0.009123128241832035,0.009123128241832035,0.009123128241832035,0.009123128241832035,0.009123128241832035,0.009123128241832035,0.009123128241832035,0.009123128241832035,0.009123128241832035,0.009123128241832035,0.009123128241832035,0.008826348126582895,0.008826348126582895,0.008826348126582895,0.008826348126582895,0.008826348126582895,0.008826348126582895,0.008826348126582895,0.008826348126582895,0.008826348126582895,0.008826348126582895,0.008826348126582895,0.008826348126582895,0.0033571515073755887,0.0033571515073755887,0.002781401566058994,0.002781401566058994,0.0027727080280941507,0.002772578668021497,0.002759519953678735,0.002759519953678735,0.0024270205781973253,0.0015488707196817941,0.0015488707196817941,0.0011506687317073272
main/engineering_WeldedBeam/PSO/default/2,1.1406509837902712,1.0329135081177954,1.0329135081177954,0.6192448684551499,0.3011071556253502,0.12868638469971838,0.12868638469971838,0.12868638469971838,0.12868638469971838,0.10462280339503827,0.08387332035293582,0.07113169852161239,0.05732961128492953,0.05732961128492953,0.03333335713658836,0.03333335713658836,0.028755697650084677,0.01580520554572229,0.01580520554572229,0.014249061438252664,0.014249061438252664,0.014249061438252664,0.014249061438252664,0.014249061438252664,0.009403928638495929,0.009403928638495929,0.00916151253737163,0.00916151253737163,0.00889793039888298,0.008858264605641875,0.008828687563884108,0.006778231309738425,0.006778231309738425,0.006778231309738425,0.0030833020775418163,0.0027639014754134994,0.0027639014754134994,0.0027639014754134994,0.0027639014754134994,0.002434046789658195,0.0019525982961530186,0.0019060913029793625,0.0018318032277797602,0.001582796540487097,0.000496146941640685,0.00010526899973539727,0.00010353658739226113,0.00010352767713994737,7.071503602396056e-05,4.574883431818222e-05,1.4492991427861313e-05,-5.802473154181698e-06,-7.1471763583019765e-06,-7.200471635826489e-06,-2.4876055293665544e-05,-3.679297528602632e-05,-3.9190160527668993e-05,-3.9900404984472004e-05,-4.21223783899638e-05,-4.3075688195504114e-05,-4.31063535437648e-05,-4.423956130361617e-05,-4.447423222209146e-05,-4.5460817519105134e-05,-4.667874718466969e-05,-4.709293875371223e-05,-4.739728581570901e-05,-4.771312247098258e-05,-4.790076841620916e-05,-4.797625611607792e-05,-4.8005807974371706e-05,-4.8008346910766164e-05,-4.8018045445186175e-05,-4.804519954948461e-05,-4.8053899313282855e-05,-4.807110942572912e-05,-4.8078605471513214e-05,-4.8078605471513214e-05,-4.8082928395087876e-05,-4.8083498921602796e-05,-4.810208316352593e-05,-4.8103336470317615e-05,-4.81038266806344e-05,-4.810483176065361e-05,-4.8105115095342654e-05,-4.810555390966087e-05,-4.810558301815426e-05,-4.811144483207741e-05,-4.813581029128322e-05,-4.814005112296904e-05,-4.814050564094785e-05,-4.814071350756066e-05,-4.814171466249739e-05,-4.814171466249739e-05,-4.814367514427431e-05,-4.814572864320077e-05,-4.814605577108111e-05,-4.8146305068108575e-05,-4.8146305068108575e-05,-4.814744987569064e-05
main/engineering_WeldedBeam/GWO/default/2,0.6022281843339299,0.10524955622151433,0.10524955622151433,0.10524955622151433,0.10524955622151433,0.10524955622151433,0.10524955622151433,0.10524955622151433,0.10524955622151433,0.10524955622151433,0.10524955622151433,0.10524955622151433,0.10524955622151433,0.10524955622151433,0.10524955622151433,0.10524955622151433,0.10524955622151433,0.10524955622151433,0.10524955622151433,0.10524955622151433,0.10524955622151433,0.09652938852961701,0.09652938852961701,0.09652938852961701,0.09652938852961701,0.09652938852961701,0.09652938852961701,0.09652938852961701,0.09652938852961701,0.09652938852961701,0.09652938852961701,0.09652938852961701,0.09652938852961701,0.07869233678759091,0.07869233678759091,0.04269578701942689,0.04269578701942689,0.04269578701942689,0.04269578701942689,0.04269578701942689,0.04269578701942689,0.04269578701942689,0.04269578701942689,0.04269578701942689,0.04269578701942689,0.04269578701942689,0.04269578701942689,0.04269578701942689,0.04269578701942689,0.04269578701942689,0.03384371630265903,0.03384371630265903,0.03384371630265903,0.03384371630265903,0.03384371630265903,0.03384371630265903,0.03384371630265903,0.03384371630265903,0.03384371630265903,0.03384371630265903,0.03384371630265903,0.03384371630265903,0.03384371630265903,0.021304680200237236,0.021304680200237236,0.021304680200237236,0.021304680200237236,0.021304680200237236,0.021304680200237236,0.021304680200237236,0.021304680200237236,0.021304680200237236,0.021304680200237236,0.021304680200237236,0.021304680200237236,0.021304680200237236,0.021304680200237236,0.021304680200237236,0.021304680200237236,0.021304680200237236,0.021304680200237236,0.021304680200237236,0.021304680200237236,0.021304680200237236,0.021304680200237236,0.021304680200237236,0.021304680200237236,0.021304680200237236,0.019791277012108255,0.019791277012108255,0.017074971411157103,0.010537056045285542,0.010537056045285542,0.010537056045285542,0.010537056045285542,0.006638997370332023,0.006638997370332023,0.002377088069119848,0.0017491992195906025,0.0005249985133819468
main/engineering_WeldedBeam/TFO/full/2,1.0726076442299048,0.3574774251297288,0.3574774251297288,0.342806590871122,0.342806590871122,0.2149444136936618,0.18563976800768645,0.16501857459246572,0.16501857459246572,0.16501857459246572,0.14342936872205536,0.14342936872205536,0.1153261645912016,0.1153261645912016,0.1153261645912016,0.1153261645912016,0.11192254062744844,0.09329874485086731,0.09329874485086731,0.09329874485086731,0.08375366886377278,0.08375366886377278,0.08375366886377278,0.05350337016748519,0.05350337016748519,0.05350337016748519,0.05350337016748519,0.05350337016748519,0.05110595751121694,0.05110595751121694,0.05110595751121694,0.05110595751121694,0.05110595751121694,0.05110595751121694,0.050905217017763515,0.050905217017763515,0.050905217017763515,0.050905217017763515,0.050905217017763515,0.050905217017763515,0.02075338679570371,0.02075338679570371,0.02075338679570371,0.02075338679570371,0.02075338679570371,0.02075338679570371,0.02075338679570371,0.02075338679570371,0.02075338679570371,0.02075338679570371,0.02075338679570371,0.02075338679570371,0.02075338679570371,0.02075338679570371,0.02075338679570371,0.02075338679570371,0.02075338679570371,0.02075338679570371,0.02075338679570371,0.02075338679570371,0.02075338679570371,0.02075338679570371,0.02075338679570371,0.02075338679570371,0.02075338679570371,0.02075338679570371,0.02075338679570371,0.02075338679570371,0.02075338679570371,0.02075338679570371,0.02075338679570371,0.02075338679570371,0.02075338679570371,0.02075338679570371,0.02075338679570371,0.02075338679570371,0.02075338679570371,0.02075338679570371,0.02075338679570371,0.02075338679570371,0.02075338679570371,0.02075338679570371,0.02075338679570371,0.02075338679570371,0.02075338679570371,0.02075338679570371,0.02075338679570371,0.02075338679570371,0.02075338679570371,0.02075338679570371,0.02075338679570371,0.02075338679570371,0.02075338679570371,0.02075338679570371,0.02075338679570371,0.02075338679570371,0.02075338679570371,0.02075338679570371,0.02075338679570371,0.02075338679570371
main/engineering_WeldedBeam/TFO-static/static/2,1.0726076442299048,0.3574774251297288,0.3574774251297288,0.342806590871122,0.342806590871122,0.2149444136936618,0.18563976800768645,0.16501857459246572,0.16501857459246572,0.16501857459246572,0.14342936872205536,0.14342936872205536,0.1153261645912016,0.1153261645912016,0.1153261645912016,0.1153261645912016,0.11192254062744844,0.09329874485086731,0.09329874485086731,0.09329874485086731,0.08375366886377278,0.08375366886377278,0.08375366886377278,0.05350337016748519,0.05350337016748519,0.05350337016748519,0.05350337016748519,0.05350337016748519,0.05350337016748519,0.05350337016748519,0.05350337016748519,0.05350337016748519,0.05350337016748519,0.05350337016748519,0.05350337016748519,0.05350337016748519,0.05350337016748519,0.05350337016748519,0.05350337016748519,0.05350337016748519,0.05350337016748519,0.05350337016748519,0.05350337016748519,0.04818139442799052,0.04818139442799052,0.04818139442799052,0.04818139442799052,0.04818139442799052,0.04818139442799052,0.04818139442799052,0.04818139442799052,0.04437698847570437,0.04437698847570437,0.04437698847570437,0.04437698847570437,0.04437698847570437,0.04437698847570437,0.04437698847570437,0.04437698847570437,0.04437698847570437,0.04437698847570437,0.04437698847570437,0.04437698847570437,0.04437698847570437,0.04437698847570437,0.04437698847570437,0.04437698847570437,0.02702954887723341,0.02702954887723341,0.02702954887723341,0.02702954887723341,0.02702954887723341,0.02702954887723341,0.02702954887723341,0.02702954887723341,0.02702954887723341,0.02702954887723341,0.02702954887723341,0.02702954887723341,0.02702954887723341,0.02702954887723341,0.02702954887723341,0.02702954887723341,0.02702954887723341,0.02702954887723341,0.02702954887723341,0.02702954887723341,0.02702954887723341,0.02702954887723341,0.02702954887723341,0.02702954887723341,0.02702954887723341,0.02702954887723341,0.02702954887723341,0.017252542174667873,0.01488206316630758,0.01488206316630758,0.007847656414894155,0.007433374878847321,0.004757522361873878
main/engineering_WeldedBeam/WOA/default/2,3.147492688343,3.145592968044843,3.145576943227092,3.145575386726173,3.145575380374572,3.1455753781247804,3.1455753780858675,3.145575378083068,3.1455753780826115,3.145575378082609,3.145575378082609,3.145575378082609,3.145575378082609,3.145575378082607,3.145575378082607,3.145575378082607,3.145575378082607,3.145575378082607,3.145575378082607,3.145575378082607,3.145575378082607,3.145575378082607,3.145575378082607,3.145575378082607,3.145575378082607,3.145575378082607,3.145575378082607,3.145575378082607,3.145575378082607,3.145575378082607,3.145575378082607,3.145575378082607,3.145575378082607,3.145575378082607,3.145575378082607,3.145575378082607,3.145575378082607,3.145575378082607,3.145575378082607,3.145575378082607,3.145575378082607,3.145575378082607,3.145575378082607,3.145575378082607,3.145575378082607,3.145575378082607,3.145575378082607,3.145575378082607,3.145575378082607,3.145575378082607,3.145575378082607,3.145575378082607,3.145575378082607,3.145575378082607,3.145575378082607,3.145575378082607,3.145575378082607,3.145575378082607,3.145575378082607,3.145575378082607,3.145575378082607,3.145575378082607,3.145575378082607,3.145575378082607,3.145575378082607,3.145575378082607,3.145575378082607,3.145575378082607,3.145575378082607,3.145575378082607,3.145575378082607,3.145575378082607,3.145575378082607,3.145575378082607,3.145575378082607,3.145575378082607,3.145575378082607,3.145575378082607,3.145575378082607,3.145575378082607,3.145575378082607,3.145575378082607,3.145575378082607,3.145575378082607,3.145575378082607,3.145575378082607,3.145575378082607,3.145575378082607,3.145575378082607,3.145575378082607,3.145575378082607,3.145575378082607,3.145575378082607,3.145575378082607,3.145575378082607,3.145575378082607,3.145575378082607,3.145575378082607,3.145575378082607,3.145575378082607
main/engineering_WeldedBeam/L-SHADE/default/2,0.8424449270191714,0.6018391493460309,0.37734531148749917,0.1484374381239748,0.1484374381239748,0.13611274913829075,0.10075233204519862,0.0670134351893732,0.04271599769865175,0.04271599769865175,0.020834716322694735,0.014868891003567475,0.008883054995855622,0.0057879024169649185,0.0057879024169649185,0.0026253385181951305,0.0021741587267978257,0.0012546079509268004,0.0006877872367456739,0.0006877872367456739,0.0005138688401020719,0.00027713985508670547,0.00012296055176164167,0.00012296055176164167,4.71961647359187e-05,2.915709141459999e-05,-1.71954338348268e-05,-1.969438405891033e-05,-3.8297924902508385e-05,-4.475096160372338e-05,-4.475096160372338e-05,-4.475096160372338e-05,-4.734044657483949e-05,-4.734044657483949e-05,-4.765340959766995e-05,-4.7920525624300936e-05,-4.795967740101048e-05,-4.8106755583310346e-05,-4.813011265025757e-05,-4.814165295696782e-05,-4.814165295696782e-05,-4.814496021698922e-05,-4.81479999456802e-05,-4.81479999456802e-05,-4.8149010418718774e-05,-4.814949368081578e-05,-4.814949368081578e-05,-4.8149530648133876e-05,-4.814955818988054e-05,-4.814959832732946e-05,-4.814960781085453e-05,-4.814961139043561e-05,-4.814961249022254e-05,-4.814961484389535e-05,-4.814961524846062e-05,-4.8149615349935004e-05,-4.8149615652803845e-05,-4.814961573207377e-05,-4.8149615779591315e-05,-4.814961578469834e-05,-4.814961578802901e-05,-4.81496157904715e-05,-4.8149615790693545e-05,-4.814961579091559e-05,-4.8149615791137634e-05,-4.8149615791137634e-05,-4.8149615791137634e-05,-4.8149615791137634e-05,-4.8149615791137634e-05,-4.8149615791137634e-05,-4.8149615791137634e-05,-4.814961579135968e-05,-4.814961579135968e-05,-4.814961579135968e-05,-4.814961579135968e-05,-4.814961579135968e-05,-4.814961579135968e-05,-4.814961579135968e-05,-4.814961579135968e-05,-4.814961579135968e-05,-4.814961579135968e-05,-4.814961579135968e-05,-4.814961579135968e-05,-4.814961579135968e-05,-4.814961579135968e-05,-4.814961579135968e-05,-4.814961579135968e-05,-4.814961579135968e-05,-4.814961579135968e-05,-4.814961579135968e-05,-4.814961579135968e-05,-4.814961579135968e-05,-4.814961579135968e-05,-4.814961579135968e-05,-4.814961579135968e-05,-4.814961579135968e-05,-4.814961579135968e-05,-4.814961579135968e-05,-4.814961579135968e-05,-4.814961579135968e-05
main/engineering_WeldedBeam/CMA-ES (IPOP)/default/2,0.8476498341710414,0.01864925090536662,0.00017420319771144221,-4.712449574428845e-05,-4.808272488299181e-05,-4.814751577741916e-05,-4.814955135845622e-05,-4.814961156740516e-05,-4.8149612238423956e-05,-4.8149612238423956e-05,-4.8149612238423956e-05,-4.8149612238423956e-05,-4.8149612238423956e-05,-4.8149612238423956e-05,-4.8149612238423956e-05,-4.8149612238423956e-05,-4.8149612238423956e-05,-4.8149612238423956e-05,-4.8149612238423956e-05,-4.8149612238423956e-05,-4.8149612238423956e-05,-4.81496150845917e-05,-4.81496150845917e-05,-4.81496150845917e-05,-4.81496150845917e-05,-4.81496150845917e-05,-4.81496150845917e-05,-4.81496150845917e-05,-4.81496150845917e-05,-4.81496150845917e-05,-4.81496150845917e-05,-4.81496150845917e-05,-4.81496150845917e-05,-4.81496150845917e-05,-4.81496150845917e-05,-4.81496150845917e-05,-4.81496150845917e-05,-4.81496150845917e-05,-4.81496150845917e-05,-4.81496150845917e-05,-4.81496150845917e-05,-4.81496150845917e-05,-4.8149615208714636e-05,-4.8149615721193584e-05,-4.8149615721193584e-05,-4.8149615721193584e-05,-4.8149615721193584e-05,-4.8149615721193584e-05,-4.8149615721193584e-05,-4.8149615721193584e-05,-4.8149615721193584e-05,-4.8149615721193584e-05,-4.8149615721193584e-05,-4.8149615721193584e-05,-4.8149615721193584e-05,-4.8149615721193584e-05,-4.8149615721193584e-05,-4.8149615721193584e-05,-4.8149615721193584e-05,-4.8149615721193584e-05,-4.8149615721193584e-05,-4.8149615721193584e-05,-4.8149615721193584e-05,-4.8149615721193584e-05,-4.8149615721193584e-05,-4.8149615721193584e-05,-4.8149615721193584e-05,-4.8149615721193584e-05,-4.8149615721193584e-05,-4.8149615721193584e-05,-4.8149615721193584e-05,-4.8149615721193584e-05,-4.8149615721193584e-05,-4.8149615721193584e-05,-4.8149615721193584e-05,-4.8149615721193584e-05,-4.8149615721193584e-05,-4.8149615721193584e-05,-4.8149615721193584e-05,-4.8149615721193584e-05,-4.8149615721193584e-05,-4.8149615721193584e-05,-4.8149615721193584e-05,-4.8149615721193584e-05,-4.8149615721193584e-05,-4.8149615721193584e-05,-4.8149615721193584e-05,-4.8149615721193584e-05,-4.8149615721193584e-05,-4.8149615721193584e-05,-4.8149615721193584e-05,-4.8149615721193584e-05,-4.8149615721193584e-05,-4.8149615721193584e-05,-4.8149615721193584e-05,-4.8149615721193584e-05,-4.8149615721193584e-05,-4.8149615721193584e-05,-4.8149615721193584e-05,-4.8149615721193584e-05
main/engineering_WeldedBeam/GA/default/3,0.891638469779797,0.5096271406337796,0.4409415382639177,0.2665443014437041,0.0997840993894088,0.07419139699611921,0.0432564329213283,0.03856396034996501,0.02307882623767643,0.008233585446307812,0.008233585446307812,0.008233585446307812,0.008233585446307812,0.008233585446307812,0.008233585446307812,0.008233585446307812,0.00652179954693155,0.00652179954693155,0.00652179954693155,0.00652179954693155,0.00652179954693155,0.00652179954693155,0.00652179954693155,0.00652179954693155,0.00652179954693155,0.00652179954693155,0.00652179954693155,0.00652179954693155,0.00652179954693155,0.00652179954693155,0.00652179954693155,0.006046636147243101,0.006024842409092956,0.006024842409092956,0.006024842409092956,0.006024842409092956,0.006024842409092956,0.006024842409092956,0.006024842409092956,0.005794720703896417,0.005794720703896417,0.004694047857989103,0.004694047857989103,0.004694047857989103,0.004694047857989103,0.004694047857989103,0.004694047857989103,0.004694047857989103,0.004694047857989103,0.004694047857989103,0.0034834451445997505,0.0034834451445997505,0.0034834451445997505,0.0034834451445997505,0.0034834451445997505,0.0034834451445997505,0.0034834451445997505,0.0034834451445997505,0.0034834451445997505,0.0034834451445997505,0.0034834451445997505,0.0034834451445997505,0.0034834451445997505,0.0034834451445997505,0.0034834451445997505,0.0034834451445997505,0.0034834451445997505,0.0034834451445997505,0.0034834451445997505,0.0034834451445997505,0.0034834451445997505,0.0034834451445997505,0.0034834451445997505,0.0034834451445997505,0.0034834451445997505,0.0034834451445997505,0.0034834451445997505,0.0034834451445997505,0.0034834451445997505,0.0034834451445997505,0.0034796683852194032,0.0034796683852194032,0.0034796683852194032,0.0034796683852194032,0.0034796683852194032,0.0034796683852194032,0.0034796683852194032,0.0034796683852194032,0.0034796683852194032,0.0034796683852194032,0.0034796683852194032,0.0034796683852194032,0.0034796683852194032,0.0034796683852194032,0.0034796683852194032,0.0034796683852194032,0.0034796683852194032,0.0034796683852194032,0.0034796683852194032,0.0027586772679282223
main/engineering_WeldedBeam/PSO/default/3,0.6090012977723716,0.6090012977723716,0.5426393545030359,0.39503474478521894,0.39503474478521894,0.2886548141523899,0.11692012232626348,0.11692012232626348,0.10202497329732929,0.10202497329732929,0.08003620471000072,0.08003620471000072,0.08003620471000072,0.08003620471000072,0.08003620471000072,0.07809330796983205,0.06865084032590318,0.06865084032590318,0.05201749549183843,0.05201749549183843,0.05201749549183843,0.05201749549183843,0.05201749549183843,0.028234505733925275,0.022681887843565285,0.017775365261566423,0.01752869563613535,0.01752869563613535,0.01738356042847644,0.014632318765225527,0.013940683499557016,0.011508761086380659,0.009716714727352693,0.00963598674110866,0.005988538304253499,0.003101180627854694,0.002465464147392238,0.0024330881263450177,0.0024330881263450177,0.0024133774619514714,0.002412841952399658,0.002412841952399658,0.0024117875342328787,0.0024117875342328787,0.0024117875342328787,0.0024117141874606673,0.0024117141874606673,0.0023481683398158815,0.002325123087372205,0.0022954791147862252,0.002290663727851916,0.0022876919361842774,0.0008982867454820909,0.0005658618978134911,0.00044214057571489995,0.00023577843944222465,0.00023577843944222465,0.00023577843944222465,0.00020851336000071719,0.0001249520494726042,0.00011078936459640865,2.5367559780109517e-05,1.5186785644605294e-05,7.670894132338901e-06,-1.399920094602436e-05,-1.9366630073180957e-05,-3.580979508366333e-05,-4.383070194968752e-05,-4.4852765873404365e-05,-4.58057509831189e-05,-4.61415354027217e-05,-4.632943903692954e-05,-4.6667818592194266e-05,-4.7055848552135515e-05,-4.792470161563145e-05,-4.8106186309127e-05,-4.8118209310166193e-05,-4.812274572385533e-05,-4.812332850789858e-05,-4.8123487983220414e-05,-4.812399819087432e-05,-4.8124282313155575e-05,-4.8124310616737276e-05,-4.8124313008379715e-05,-4.8124313351216585e-05,-4.812438801993224e-05,-4.812443541912792e-05,-4.812487070648963e-05,-4.812490332084529e-05,-4.812502260431728e-05,-4.812547704124981e-05,-4.812604475046278e-05,-4.812650963992304e-05,-4.812650963992304e-05,-4.812652247720983e-05,-4.812813361265711e-05,-4.81322592844613e-05,-4.8132374043996506e-05,-4.8133551660889395e-05,-4.813429203642805e-05
main/engineering_WeldedBeam/GWO/default/3,0.8286227274964368,0.3558679516529468,0.24018054460068172,0.17220217497688406,0.17220217497688406,0.10064719207619621,0.10064719207619621,0.10064719207619621,0.10064719207619621,0.10064719207619621,0.10064719207619621,0.10064719207619621,0.08856472440315954,0.08856472440315954,0.08856472440315954,0.08856472440315954,0.08856472440315954,0.08856472440315954,0.08856472440315954,0.08856472440315954,0.08856472440315954,0.08856472440315954,0.08856472440315954,0.08856472440315954,0.08856472440315954,0.08856472440315954,0.08856472440315954,0.07019162964523828,0.07019162964523828,0.07019162964523828,0.07019162964523828,0.07019162964523828,0.07019162964523828,0.07019162964523828,0.07019162964523828,0.07019162964523828,0.055722067757617344,0.055722067757617344,0.055722067757617344,0.055722067757617344,0.055722067757617344,0.055722067757617344,0.055722067757617344,0.055722067757617344,0.055722067757617344,0.055722067757617344,0.055722067757617344,0.04834638533735114,0.04834638533735114,0.04834638533735114,0.04834638533735114,0.04834638533735114,0.04834638533735114,0.04834638533735114,0.04834638533735114,0.04834638533735114,0.04834638533735114,0.04834638533735114,0.04834638533735114,0.04834638533735114,0.04834638533735114,0.04834638533735114,0.023134403223834088,0.023134403223834088,0.023134403223834088,0.023134403223834088,0.023134403223834088,0.023134403223834088,0.023134403223834088,0.023134403223834088,0.023134403223834088,0.023134403223834088,0.023134403223834088,0.023134403223834088,0.023134403223834088,0.023134403223834088,0.023134403223834088,0.023134403223834088,0.023134403223834088,0.023134403223834088,0.023134403223834088,0.023134403223834088,0.023134403223834088,0.023134403223834088,0.023134403223834088,0.023134403223834088,0.023134403223834088,0.021996253735928173,0.021996253735928173,0.019622531039658275,0.012751098674858241,0.012751098674858241,0.010483245867610513,0.010483245867610513,0.010483245867610513,0.010483245867610513,0.006806560932717254,0.0024869951160941817,0.0013948966653209993,0.0010237840358562345
main/engineering_WeldedBeam/CA/default/3,2.1163439818154206,0.9983742467407095,0.7893132183858229,0.7893132183858229,0.5897864413110103,0.5875386347499802,0.5751707469661775,0.5588068003518678,0.547543312363757,0.5446113960852903,0.5435301800778134,0.541466025445293,0.5141374816014894,0.463689474208955,0.4537977085006839,0.4519869550917395,0.44671789232156045,0.43290837015862693,0.42971603723479546,0.42367310898776034,0.42283864250686665,0.4218154530233693,0.42145283807736234,0.4210990149355356,0.42097693983292284,0.4204619395782647,0.42011452395660975,0.41943642099047795,0.41767645894760563,0.41559364144899047,0.4125557949734213,0.3967860165730632,0.38892875993638953,0.3886445533726832,0.38505032316521803,0.37960598533721,0.3670882999964318,0.3570616765428316,0.35293288404855905,0.34921785543065664,0.3450277990850916,0.2952495125695409,0.28422426751165975,0.28422426751165975,0.28422426751165975,0.28422426751165975,0.27969664502066505,0.2273529826511307,0.2162507915464016,0.20532309960913175,0.19893127796229626,0.19547916735732573,0.1893172428985408,0.18664945765070362,0.1863342790785334,0.18576675857834068,0.18573040023702858,0.1857112436899231,0.1857086330293305,0.1857068795717649,0.18570645300712818,0.18570472471909438,0.1857034196956071,0.18570009455830183,0.185699443506657,0.185699443506657,0.18569874313191503,0.1856976250415725,0.1856976250415725,0.1856968855127834,0.1856968855127834,0.18569585385669196,0.18569509239721782,0.18569506938886549,0.18569428524659282,0.1856939662493977,0.18568883376625456,0.18568751504583592,0.18568751504583592,0.18568751504583592,0.18568751504583592,0.18568601269593432,0.1856843601408411,0.18568115648718586,0.1856798645262987,0.1856789496375546,0.18567884739391438,0.18567868771305474,0.18567850987599632,0.18567814985503683,0.18567697764987812,0.18567689356737493,0.18567677917541636,0.18567665214829132,0.18567665214829132,0.18567665214829132,0.1856766142133881,0.1856765480856486,0.1856765330388781,0.1856765330388781
main/engineering_WeldedBeam/TFO/full/3,0.4638722487721292,0.2527649065487847,0.2527649065487847,0.2527649065487847,0.2527649065487847,0.19479348012009434,0.19479348012009434,0.19479348012009434,0.19479348012009434,0.14023028351281397,0.14023028351281397,0.14023028351281397,0.14023028351281397,0.13360424885201483,0.13360424885201483,0.13360424885201483,0.06807903433937978,0.015951203171443273,0.015951203171443273,0.015951203171443273,0.015781309915964048,0.015754713379287466,0.015552088201373104,0.015552088201373104,0.015552088201373104,0.015552088201373104,0.015534518842718503,0.015439258959231594,0.015410721278036554,0.015410721278036554,0.015410721278036554,0.015410721278036554,0.015410721278036554,0.015410721278036554,0.015394352066253392,0.015394352066253392,0.015394352066253392,0.015394352066253392,0.015394352066253392,0.015394352066253392,0.015394352066253392,0.015394352066253392,0.015394352066253392,0.015394352066253392,0.015394352066253392,0.015394352066253392,0.015394352066253392,0.015394352066253392,0.015394352066253392,0.015394352066253392,0.015394352066253392,0.015394352066253392,0.015394352066253392,0.015394352066253392,0.015316027102199037,0.015316027102199037,0.015316027102199037,0.015316027102199037,0.015316027102199037,0.015316027102199037,0.015316027102199037,0.015316027102199037,0.015316027102199037,0.015316027102199037,0.015316027102199037,0.015316027102199037,0.015316027102199037,0.015316027102199037,0.015316027102199037,0.015316027102199037,0.015316027102199037,0.015316027102199037,0.015316027102199037,0.015316027102199037,0.015316027102199037,0.015316027102199037,0.015316027102199037,0.015316027102199037,0.015316027102199037,0.015316027102199037,0.015316027102199037,0.015316027102199037,0.015316027102199037,0.015316027102199037,0.015316027102199037,0.015316027102199037,0.015316027102199037,0.015316027102199037,0.015316027102199037,0.015316027102199037,0.015316027102199037,0.015316027102199037,0.015316027102199037,0.015316027102199037,0.015316027102199037,0.015316027102199037,0.015316027102199037,0.015316027102199037,0.015316027102199037,0.015316027102199037
main/engineering_WeldedBeam/TFO-static/static/3,0.4638722487721292,0.2527649065487847,0.2527649065487847,0.2527649065487847,0.2527649065487847,0.19479348012009434,0.19479348012009434,0.19479348012009434,0.19479348012009434,0.14023028351281397,0.14023028351281397,0.14023028351281397,0.14023028351281397,0.13360424885201483,0.13360424885201483,0.13360424885201483,0.06807903433937978,0.015951203171443273,0.015951203171443273,0.015951203171443273,0.015781309915964048,0.015754713379287466,0.015584834160600192,0.015550089121769028,0.015550089121769028,0.015550089121769028,0.015550089121769028,0.015550089121769028,0.015550089121769028,0.015550089121769028,0.015550089121769028,0.015550089121769028,0.015550089121769028,0.015550089121769028,0.015550089121769028,0.015550089121769028,0.015550089121769028,0.015550089121769028,0.015550089121769028,0.015550089121769028,0.015550089121769028,0.015550089121769028,0.015402743589590262,0.015402743589590262,0.015402743589590262,0.015402743589590262,0.015402743589590262,0.015402743589590262,0.015402743589590262,0.015402743589590262,0.015402743589590262,0.015402743589590262,0.015402743589590262,0.015402743589590262,0.015402743589590262,0.015402743589590262,0.015402743589590262,0.015402743589590262,0.015402743589590262,0.015402743589590262,0.015402743589590262,0.015402743589590262,0.015402743589590262,0.015402743589590262,0.015402743589590262,0.015402743589590262,0.015402743589590262,0.015402743589590262,0.015402743589590262,0.015402743589590262,0.015402743589590262,0.015402743589590262,0.015402743589590262,0.015402743589590262,0.015402743589590262,0.015402743589590262,0.015402743589590262,0.015402743589590262,0.015402743589590262,0.015402743589590262,0.015402743589590262,0.015402743589590262,0.015402743589590262,0.015402743589590262,0.015402743589590262,0.015402743589590262,0.015402743589590262,0.015402743589590262,0.015402743589590262,0.015402743589590262,0.015402743589590262,0.015402743589590262,0.015402743589590262,0.015402743589590262,0.015402743589590262,0.014624155641052461,0.014624155641052461,0.014624155641052461,0.012751621520932899,0.007434732457196391
main/engineering_WeldedBeam/WOA/default/3,2.1395851298177746,2.1392724243716286,2.139251386778591,2.1392509893789233,2.1392509853124695,2.1392509853061696,2.139250985296882,2.1392509852965276,2.1392509852965267,2.1392509852964947,2.139250985294531,2.139250985049803,2.1392508987890846,2.1392479415548236,2.1388495603702165,2.133578162229618,2.132014581684804,2.1317364206262797,2.1301334848080646,1.9872459252814683,1.6979759369111516,1.6783624847729877,1.6172028263086993,1.6167690586606025,1.6163646877846067,1.6121528083877037,1.6119372302498232,1.6113821417254142,1.607458601455401,1.6056270613848336,1.5903394410354437,1.5902120159559472,1.5902113856605518,1.5902113855077376,1.590211385484263,1.5902113854559288,1.5902113854559021,1.5902113854559004,1.5902113854559004,1.5902113854559004,1.5902113854559004,1.5902113854559,1.5902113854559,1.590211385455899,1.590211385455899,1.5902113854550552,1.5902113826951914,1.5902113826906017,1.5902113826904782,1.5902113826903996,1.5902113824438795,1.5902113644842168,1.5902111406503023,1.5901988726289764,1.5901918214949713,1.5901316092492153,1.5901315693923384,1.590131564436734,1.5901315625952719,1.5901315507112879,1.5901303212367404,1.5901044457675042,1.5900022707890094,1.589846132584862,1.5898426992542471,1.5898426943335007,1.5898426939140993,1.5898426939132306,1.5898426939131538,1.5898426939131467,1.5898426939131467,1.5898426939131467,1.5898426939131467,1.5898426939131467,1.5898426939131467,1.5898426939131467,1.5898426939131467,1.5898426939131467,1.5898426939131467,1.5898426939131467,1.5898426939131463,1.5898426939131463,1.5898426939131463,1.5898426939131463,1.5898426939131463,1.5898426939131463,1.5898426939131463,1.5898426939131463,1.5898426939131463,1.5898426939131463,1.5898426939131463,1.5898426939131463,1.5898426939131463,1.5898426939131463,1.5898426939131463,1.5898426939131463,1.5898426939131463,1.5898426939131463,1.5898426939131463,1.5898426939131463
main/engineering_WeldedBeam/CMA-ES (IPOP)/default/3,0.20687871206462316,0.026749551372419855,0.00034506568485181965,8.610657725571791e-05,-4.7541929182104425e-05,-4.814329029922959e-05,-4.8148878288190033e-05,-4.8149448564016595e-05,-4.814961211097035e-05,-4.814961325738665e-05,-4.814961325738665e-05,-4.814961325738665e-05,-4.814961325738665e-05,-4.814961325738665e-05,-4.814961325738665e-05,-4.814961325738665e-05,-4.814961325738665e-05,-4.814961325738665e-05,-4.814961325738665e-05,-4.814961325738665e-05,-4.814961325738665e-05,-4.814961435917198e-05,-4.814961479171487e-05,-4.814961479171487e-05,-4.814961479171487e-05,-4.814961479171487e-05,-4.814961479171487e-05,-4.814961479171487e-05,-4.814961479171487e-05,-4.814961479171487e-05,-4.814961479171487e-05,-4.814961479171487e-05,-4.814961479171487e-05,-4.814961479171487e-05,-4.814961479171487e-05,-4.814961479171487e-05,-4.814961479171487e-05,-4.814961479171487e-05,-4.814961479171487e-05,-4.814961479171487e-05,-4.814961479171487e-05,-4.814961479171487e-05,-4.814961565924314e-05,-4.814961565924314e-05,-4.814961565924314e-05,-4.814961565924314e-05,-4.814961565924314e-05,-4.814961565924314e-05,-4.814961565924314e-05,-4.814961565924314e-05,-4.814961565924314e-05,-4.814961565924314e-05,-4.814961565924314e-05,-4.814961565924314e-05,-4.814961565924314e-05,-4.814961565924314e-05,-4.814961565924314e-05,-4.814961565924314e-05,-4.814961565924314e-05,-4.814961565924314e-05,-4.814961565924314e-05,-4.814961565924314e-05,-4.814961565924314e-05,-4.814961565924314e-05,-4.814961565924314e-05,-4.814961565924314e-05,-4.814961565924314e-05,-4.814961565924314e-05,-4.814961565924314e-05,-4.814961565924314e-05,-4.814961565924314e-05,-4.814961565924314e-05,-4.814961565924314e-05,-4.814961565924314e-05,-4.814961565924314e-05,-4.814961565924314e-05,-4.814961565924314e-05,-4.814961565924314e-05,-4.814961565924314e-05,-4.814961565924314e-05,-4.814961565924314e-05,-4.814961565924314e-05,-4.814961565924314e-05,-4.814961565924314e-05,-4.814961565924314e-05,-4.814961565924314e-05,-4.814961565924314e-05,-4.814961565924314e-05,-4.814961565924314e-05,-4.814961565924314e-05,-4.814961565924314e-05,-4.814961565924314e-05,-4.814961565924314e-05,-4.814961565924314e-05,-4.814961565924314e-05,-4.814961565924314e-05,-4.814961565924314e-05,-4.814961565924314e-05,-4.814961565924314e-05,-4.814961565924314e-05
main/engineering_WeldedBeam/L-SHADE/default/3,2.3389283007022694,2.299172162955321,0.49308482755805216,0.3243081603934448,0.23684371909383706,0.1678784496234531,0.13855113878495184,0.10705285371351647,0.10705285371351647,0.054034167019082924,0.04327827770997983,0.0278103342631304,0.0278103342631304,0.014469681053635108,0.0059259440728496315,0.005305178767329277,0.0017684638633610472,0.0013970919661143721,0.0006636337229382061,0.0006636337229382061,0.0005162249034427191,0.00030112071010823804,0.00010812008298488607,0.00010812008298488607,5.5656637339973614e-05,3.5987162969597364e-05,5.629530483552969e-06,-2.0434110016731566e-05,-3.8319514397811005e-05,-4.11568687235242e-05,-4.442149052796829e-05,-4.5217366850147656e-05,-4.631848471436939e-05,-4.76530661925878e-05,-4.770085760674725e-05,-4.7940412351010764e-05,-4.801224510719848e-05,-4.801224510719848e-05,-4.8092091222251554e-05,-4.812067072768045e-05,-4.813718578389192e-05,-4.814380867790291e-05,-4.814581329259937e-05,-4.814792968499404e-05,-4.8148782040291493e-05,-4.8149249154638696e-05,-4.814935204766613e-05,-4.814953386222953e-05,-4.8149572593692014e-05,-4.814959915333539e-05,-4.814960683718894e-05,-4.814961412158425e-05,-4.814961485388736e-05,-4.814961509658211e-05,-4.814961568766485e-05,-4.814961572296994e-05,-4.81496157740402e-05,-4.8149615782921984e-05,-4.814961578980537e-05,-4.8149615790249456e-05,-4.8149615790693545e-05,-4.8149615791137634e-05,-4.8149615791137634e-05,-4.8149615791137634e-05,-4.8149615791137634e-05,-4.8149615791137634e-05,-4.8149615791137634e-05,-4.8149615791137634e-05,-4.8149615791137634e-05,-4.8149615791137634e-05,-4.8149615791137634e-05,-4.8149615791137634e-05,-4.8149615791137634e-05,-4.8149615791137634e-05,-4.8149615791137634e-05,-4.8149615791137634e-05,-4.8149615791137634e-05,-4.8149615791137634e-05,-4.8149615791137634e-05,-4.814961579135968e-05,-4.814961579135968e-05,-4.814961579135968e-05,-4.814961579135968e-05,-4.814961579135968e-05,-4.814961579135968e-05,-4.814961579135968e-05,-4.814961579135968e-05,-4.814961579135968e-05,-4.814961579135968e-05,-4.814961579135968e-05,-4.814961579135968e-05,-4.814961579135968e-05,-4.814961579135968e-05,-4.814961579135968e-05,-4.814961579135968e-05,-4.814961579135968e-05,-4.814961579135968e-05,-4.814961579135968e-05,-4.814961579135968e-05,-4.814961579135968e-05
main/engineering_WeldedBeam/GA/default/4,0.799465310572806,0.7528039712504355,0.5363669936845612,0.502829093996431,0.502829093996431,0.502829093996431,0.46868623715572677,0.24911059485711795,0.15657540632879385,0.08952516749379757,0.07097972097420868,0.053408568102842446,0.03027856342495583,0.029385946683099684,0.029385946683099684,0.028788295074934744,0.028761659049184818,0.028761659049184818,0.028761659049184818,0.028761659049184818,0.028761659049184818,0.028761659049184818,0.028761659049184818,0.028761659049184818,0.028761659049184818,0.028761659049184818,0.028761659049184818,0.027606289646854743,0.026691807707613924,0.026691807707613924,0.026691807707613924,0.026691807707613924,0.026691807707613924,0.026691807707613924,0.024626052793423225,0.024626052793423225,0.024626052793423225,0.024626052793423225,0.024626052793423225,0.024626052793423225,0.024626052793423225,0.024626052793423225,0.024626052793423225,0.024626052793423225,0.024626052793423225,0.024626052793423225,0.024626052793423225,0.024626052793423225,0.024564452000374493,0.024564452000374493,0.024564452000374493,0.023830998982240503,0.02348167317285088,0.020869744937173307,0.020869744937173307,0.020869744937173307,0.020869744937173307,0.020869744937173307,0.020869744937173307,0.020869744937173307,0.020869744937173307,0.020869744937173307,0.020445606442699438,0.020445606442699438,0.020445606442699438,0.020445606442699438,0.020445606442699438,0.020445606442699438,0.020445606442699438,0.020445606442699438,0.020445606442699438,0.02022302838923684,0.02022302838923684,0.02022302838923684,0.02022302838923684,0.02022302838923684,0.02022302838923684,0.02022302838923684,0.02022302838923684,0.02022302838923684,0.02022302838923684,0.01972972143721874,0.01972972143721874,0.01972972143721874,0.01972972143721874,0.01972972143721874,0.01972972143721874,0.01972972143721874,0.01972972143721874,0.01972972143721874,0.01972972143721874,0.01972972143721874,0.01972972143721874,0.01963591487928018,0.01963591487928018,0.01963591487928018,0.01963591487928018,0.01963591487928018,0.01963591487928018,0.01963591487928018
main/engineering_WeldedBeam/PSO/default/4,0.8204338197748655,0.7817603253429921,0.22978537846827285,0.19836625108615613,0.19836625108615613,0.14999123484572907,0.14999123484572907,0.14999123484572907,0.14999123484572907,0.08784741555550779,0.08784741555550779,0.08784741555550779,0.02694492931009851,0.02694492931009851,0.02694492931009851,0.02694492931009851,0.013057091124245579,0.013057091124245579,0.013057091124245579,0.013057091124245579,0.013057091124245579,0.012111541293154948,0.012111541293154948,0.0117606543556934,0.011670954760656604,0.006447234256009571,0.0024107934642174644,0.0024107934642174644,0.0024107934642174644,0.0024107934642174644,0.0018248486705367828,0.0018248486705367828,0.0018248486705367828,0.0014011683177437284,0.0006188111388472084,0.0006134235979653457,0.0006034675449069216,0.0004785981745161205,0.0004601206779917266,0.0004601206779917266,0.0004601206779917266,0.0004601206779917266,0.0003719371068351407,0.0003719371068351407,0.0003137450767187744,0.00019560948462937766,0.00015552787872596952,8.943945147588117e-05,8.943945147588117e-05,8.58148716091911e-05,2.0404587607547597e-05,1.0457678516040403e-05,9.231748834936937e-06,9.228278044393079e-06,-7.110985204006326e-06,-3.7649596105193694e-05,-4.1520373888603856e-05,-4.1520373888603856e-05,-4.189855713354618e-05,-4.356325035037578e-05,-4.630820165019145e-05,-4.640540150813166e-05,-4.717701645073902e-05,-4.8012350061243936e-05,-4.8012350061243936e-05,-4.802950202997813e-05,-4.806828630465887e-05,-4.8076584405087885e-05,-4.8106333568664894e-05,-4.812417600308372e-05,-4.813733062625225e-05,-4.814081468129672e-05,-4.8141313749638925e-05,-4.8144167172914365e-05,-4.8144167172914365e-05,-4.814427444355118e-05,-4.814439932188108e-05,-4.8144406319616806e-05,-4.8144433435926004e-05,-4.814444599565704e-05,-4.8144457875265445e-05,-4.81444585993529e-05,-4.814445915846122e-05,-4.8144461550103657e-05,-4.814446171086395e-05,-4.814446178458276e-05,-4.8144461987309484e-05,-4.8144462105437213e-05,-4.814446227197067e-05,-4.8144462393429066e-05,-4.8144462427179846e-05,-4.814446242873416e-05,-4.8144462432508917e-05,-4.814446243606163e-05,-4.814446243650572e-05,-4.814446243650572e-05,-4.814446243650572e-05,-4.814446243694981e-05,-4.814446243694981e-05,-4.814446243694981e-05
main/engineering_WeldedBeam/CA/default/4,0.8048635763179368,0.688125054873167,0.5526486348012554,0.3104655579774167,0.11367591516945619,0.09882704148591626,0.05713554869840931,0.0329414027682029,0.020848736413619173,0.01191895060582393,0.009199851472773135,0.009041507027285567,0.004892610703056466,0.0017511699202332753,0.0017511699202332753,0.0017447525297991096,0.0016471806961775304,0.0015526815718454046,0.0013999563232225398,0.0010237706018603188,0.0009122121737605848,0.0007925304890830098,0.0007925304890830098,0.0007804905972004228,0.00077720116355251,0.0007381277995324176,0.0006103092685387779,0.00043651286714285753,0.0002107863826876777,0.0002107863826876777,0.0001880373369171906,0.0001880373369171906,0.0001880373369171906,0.00015421425200923267,0.0001270547234712982,7.830051958435114e-05,5.148560525336521e-05,5.148560525336521e-05,4.865027386435905e-05,4.865027386435905e-05,4.6860345428889616e-05,2.2827517684564924e-05,-1.661500928196169e-05,-1.7386679844966224e-05,-1.7386679844966224e-05,-1.807084314742191e-05,-1.807084314742191e-05,-1.8552373486357965e-05,-1.942949961231122e-05,-1.942949961231122e-05,-1.942949961231122e-05,-3.440643601471116e-05,-3.5729620698754516e-05,-4.528684347993028e-05,-4.528684347993028e-05,-4.528684347993028e-05,-4.528684347993028e-05,-4.581940993242384e-05,-4.581940993242384e-05,-4.627213414720721e-05,-4.645909714495744e-05,-4.6992326266925843e-05,-4.740106665779287e-05,-4.740106665779287e-05,-4.7736506815665436e-05,-4.77872862165718e-05,-4.77872862165718e-05,-4.7797869878296595e-05,-4.7880088527074705e-05,-4.7914653434011356e-05,-4.795491554876463e-05,-4.797197457895308e-05,-4.798760401025781e-05,-4.804163363858471e-05,-4.804163363858471e-05,-4.804163363858471e-05,-4.804163363858471e-05,-4.8077783286082365e-05,-4.8077783286082365e-05,-4.8077783286082365e-05,-4.8077783286082365e-05,-4.8077783286082365e-05,-4.8077783286082365e-05,-4.8106435770245426e-05,-4.8106435770245426e-05,-4.8114466047355364e-05,-4.8114466047355364e-05,-4.811551652150747e-05,-4.812587591840334e-05,-4.812587591840334e-05,-4.8127213005288993e-05,-4.812769112150228e-05,-4.812769112150228e-05,-4.812791319053211e-05,-4.812791319053211e-05,-4.812791319053211e-05,-4.812791319053211e-05,-4.812803811748978e-05,-4.812826753397559e-05,-4.812826753397559e-05
main/engineering_WeldedBeam/GWO/default/4,1.3711031763194705,0.453411918337266,0.2920139796464907,0.2892971513056002,0.15835394369983713,0.15835394369983713,0.15835394369983713,0.15835394369983713,0.15835394369983713,0.15835394369983713,0.15835394369983713,0.11047168632165749,0.11047168632165749,0.11047168632165749,0.11047168632165749,0.11047168632165749,0.11047168632165749,0.11047168632165749,0.11047168632165749,0.11047168632165749,0.11047168632165749,0.11047168632165749,0.11047168632165749,0.11047168632165749,0.10447904159550414,0.10447904159550414,0.10447904159550414,0.10447904159550414,0.10447904159550414,0.10447904159550414,0.09305780764692484,0.09305780764692484,0.09305780764692484,0.09305780764692484,0.09305780764692484,0.09305780764692484,0.09305780764692484,0.09305780764692484,0.09305780764692484,0.09305780764692484,0.09305780764692484,0.09305780764692484,0.09305780764692484,0.044014483437341934,0.044014483437341934,0.044014483437341934,0.029056942022000598,0.029056942022000598,0.029056942022000598,0.029056942022000598,0.029056942022000598,0.029056942022000598,0.029056942022000598,0.029056942022000598,0.029056942022000598,0.029056942022000598,0.029056942022000598,0.029056942022000598,0.029056942022000598,0.029056942022000598,0.029056942022000598,0.029056942022000598,0.029056942022000598,0.029056942022000598,0.029056942022000598,0.029056942022000598,0.029056942022000598,0.029056942022000598,0.029056942022000598,0.029056942022000598,0.029056942022000598,0.029056942022000598,0.029056942022000598,0.029056942022000598,0.029056942022000598,0.029056942022000598,0.029056942022000598,0.015166414926531813,0.015166414926531813,0.015166414926531813,0.015166414926531813,0.015166414926531813,0.015166414926531813,0.015166414926531813,0.015166414926531813,0.015166414926531813,0.015166414926531813,0.015166414926531813,0.010235758251361249,0.010235758251361249,0.010235758251361249,0.010235758251361249,0.010235758251361249,0.010235758251361249,0.0081109196968292,0.0081109196968292,0.0081109196968292,0.0081109196968292,0.006393879898917154,0.004374150256250209
main/engineering_WeldedBeam/TFO/full/4,1.7176814578199517,1.4751635299170414,0.7624962929346417,0.7104756358297089,0.5008164763416232,0.5008164763416232,0.5008164763416232,0.40568572625713517,0.22400660367974945,0.2019005315528437,0.1368635454200695,0.1368635454200695,0.1368635454200695,0.1368635454200695,0.1368635454200695,0.12020241061482939,0.10853126414984904,0.10853126414984904,0.10853126414984904,0.10853126414984904,0.10853126414984904,0.04658919984482557,0.03310354639123014,0.03310354639123014,0.03310354639123014,0.03310354639123014,0.029090234594103537,0.029090234594103537,0.029090234594103537,0.029090234594103537,0.029090234594103537,0.029090234594103537,0.029090234594103537,0.027171050274581665,0.027171050274581665,0.027171050274581665,0.027171050274581665,0.027171050274581665,0.027171050274581665,0.027171050274581665,0.027171050274581665,0.027171050274581665,0.027171050274581665,0.027171050274581665,0.027171050274581665,0.027171050274581665,0.027171050274581665,0.027171050274581665,0.027171050274581665,0.027171050274581665,0.027171050274581665,0.021669502602143398,0.021669502602143398,0.021669502602143398,0.021669502602143398,0.021669502602143398,0.021669502602143398,0.021669502602143398,0.021669502602143398,0.021669502602143398,0.021669502602143398,0.021669502602143398,0.021669502602143398,0.021669502602143398,0.021669502602143398,0.021669502602143398,0.021669502602143398,0.021669502602143398,0.021669502602143398,0.021669502602143398,0.021669502602143398,0.021669502602143398,0.021669502602143398,0.021669502602143398,0.021669502602143398,0.021669502602143398,0.021669502602143398,0.021669502602143398,0.021669502602143398,0.021669502602143398,0.021669502602143398,0.021669502602143398,0.021669502602143398,0.021669502602143398,0.021669502602143398,0.021669502602143398,0.021669502602143398,0.021669502602143398,0.021669502602143398,0.021669502602143398,0.021669502602143398,0.021669502602143398,0.021669502602143398,0.021669502602143398,0.021669502602143398,0.021669502602143398,0.021669502602143398,0.021669502602143398,0.021669502602143398,0.021669502602143398
main/engineering_WeldedBeam/TFO-static/static/4,1.7176814578199517,1.4751635299170414,0.7624962929346417,0.7104756358297089,0.5008164763416232,0.5008164763416232,0.5008164763416232,0.40568572625713517,0.22400660367974945,0.2019005315528437,0.1368635454200695,0.1368635454200695,0.1368635454200695,0.1368635454200695,0.1368635454200695,0.1368635454200695,0.1368635454200695,0.1368635454200695,0.12931608779530968,0.12931608779530968,0.12931608779530968,0.12931608779530968,0.10208110198803766,0.10208110198803766,0.10138817977296388,0.10138817977296388,0.10138817977296388,0.10138817977296388,0.10138817977296388,0.04751394007921372,0.04751394007921372,0.04751394007921372,0.04751394007921372,0.04751394007921372,0.04751394007921372,0.04751394007921372,0.04751394007921372,0.04751394007921372,0.04751394007921372,0.04751394007921372,0.04751394007921372,0.04751394007921372,0.04751394007921372,0.04751394007921372,0.04751394007921372,0.04751394007921372,0.04751394007921372,0.04751394007921372,0.04751394007921372,0.04751394007921372,0.04751394007921372,0.04751394007921372,0.04751394007921372,0.04751394007921372,0.04751394007921372,0.04751394007921372,0.04751394007921372,0.04751394007921372,0.04751394007921372,0.04751394007921372,0.04751394007921372,0.04751394007921372,0.04751394007921372,0.04751394007921372,0.04751394007921372,0.04751394007921372,0.04751394007921372,0.04751394007921372,0.04751394007921372,0.04751394007921372,0.04751394007921372,0.04105327795317115,0.032872873262959956,0.032872873262959956,0.032872873262959956,0.032872873262959956,0.032872873262959956,0.032872873262959956,0.032872873262959956,0.032872873262959956,0.032872873262959956,0.032872873262959956,0.032872873262959956,0.032872873262959956,0.032872873262959956,0.032872873262959956,0.032872873262959956,0.032872873262959956,0.032872873262959956,0.03140727684177058,0.025575720967616178,0.025575720967616178,0.025575720967616178,0.025575720967616178,0.025575720967616178,0.025575720967616178,0.025575720967616178,0.025575720967616178,0.025575720967616178,0.020488391885835622
main/engineering_WeldedBeam/WOA/default/4,2.08897727035872,2.0858482466869646,2.085834589164161,2.0858329681332775,2.085832926195045,2.085832926091583,2.085832925956873,2.085832925930001,2.085832925928341,2.0858329259283215,2.0858329259283215,2.0858329259283215,2.0858329259283215,2.0858329259283046,2.085832925928064,2.0858329259228077,2.0858329258759163,2.085832923904853,2.0858329201168475,2.085832916039249,2.085832908378725,2.085832902897737,2.08583289621987,2.085832889138292,2.085832881957229,2.0858328703332507,2.085832861309144,2.085832852853679,2.085832829375267,2.085832653921446,2.085828321548143,2.0857375227144095,2.0857241762072025,2.085710588629788,2.084533167372994,2.0532232374841453,2.0524077148304816,2.0523997833860745,2.052399417415697,2.052399416796593,2.0523994167833273,2.052399416783234,2.052399416783234,2.052399416783233,2.052399416783233,2.052399416783233,2.052399416783233,2.052399416783233,2.052399416783233,2.052399416783233,2.052399416783233,2.052399416783233,2.052399416783233,2.052399416783233,2.052399416783233,2.052399416783233,2.052399416783233,2.052399416783233,2.052399416783233,2.052399416783233,2.052399416783233,2.052399416783233,2.052399416783233,2.052399416783233,2.052399416783233,2.052399416783233,2.052399416783233,2.052399416783233,2.052399416783233,2.052399416783233,2.052399416783233,2.052399416783233,2.052399416783233,2.052399416783233,2.052399416783233,2.052399416783233,2.052399416783233,2.052399416783233,2.052399416783233,2.052399416783233,2.052399416783233,2.052399416783233,2.052399416783233,2.052399416783233,2.052399416783233,2.052399416783233,2.052399416783233,2.052399416783233,2.052399416783233,2.052399416783233,2.052399416783233,2.052399416783233,2.052399416783233,2.052399416783233,2.052399416783233,2.052399416783233,2.052399416783233,2.052399416783233,2.052399416783233,2.052399416783233
main/engineering_WeldedBeam/L-SHADE/default/4,1.6765873189961746,1.1561477287613557,0.6698650721110202,0.5010635160550445,0.20201921311011306,0.20201921311011306,0.13403953339040764,0.12136079317129123,0.10329405287755322,0.02620145508078875,0.02620145508078875,0.02620145508078875,0.02620145508078875,0.0239763558799182,0.020423026701523073,0.01730738461082848,0.01730738461082848,0.004784134695135167,0.00284089205856608,0.0028278831172587893,0.002185610327002374,0.0015165373122558723,0.00127899094784234,0.0008241198223248869,0.0005496776412494686,0.00026725902892432707,0.0001321762304888896,-7.4478249991738465e-06,-2.444572010484869e-05,-2.767682781223968e-05,-3.107311938399526e-05,-3.4584938861215164e-05,-3.987677579009308e-05,-4.533068414080965e-05,-4.5599720030375934e-05,-4.5608762200943787e-05,-4.760977408269085e-05,-4.760977408269085e-05,-4.784124844969817e-05,-4.7997363834983986e-05,-4.806978918203697e-05,-4.812329278114369e-05,-4.8123775104880195e-05,-4.813802516467902e-05,-4.814198050850926e-05,-4.814810189501806e-05,-4.8148591796914886e-05,-4.814865490754272e-05,-4.814939168173993e-05,-4.8149525575968966e-05,-4.8149525575968966e-05,-4.81495652764341e-05,-4.8149600948343974e-05,-4.814960696974957e-05,-4.814961151788921e-05,-4.814961433519116e-05,-4.8149615375470134e-05,-4.81496156012895e-05,-4.814961567145559e-05,-4.8149615745396446e-05,-4.814961578558652e-05,-4.8149615787806965e-05,-4.8149615787806965e-05,-4.8149615790249456e-05,-4.81496157904715e-05,-4.814961579091559e-05,-4.8149615791137634e-05,-4.8149615791137634e-05,-4.8149615791137634e-05,-4.8149615791137634e-05,-4.8149615791137634e-05,-4.8149615791137634e-05,-4.8149615791137634e-05,-4.8149615791137634e-05,-4.8149615791137634e-05,-4.8149615791137634e-05,-4.8149615791137634e-05,-4.8149615791137634e-05,-4.8149615791137634e-05,-4.8149615791137634e-05,-4.8149615791137634e-05,-4.8149615791137634e-05,-4.8149615791137634e-05,-4.8149615791137634e-05,-4.8149615791137634e-05,-4.8149615791137634e-05,-4.8149615791137634e-05,-4.8149615791137634e-05,-4.8149615791137634e-05,-4.8149615791137634e-05,-4.8149615791137634e-05,-4.814961579135968e-05,-4.814961579135968e-05,-4.814961579135968e-05,-4.814961579135968e-05,-4.814961579135968e-05,-4.814961579135968e-05,-4.814961579135968e-05,-4.814961579135968e-05,-4.814961579135968e-05
main/engineering_WeldedBeam/CMA-ES (IPOP)/default/4,0.7600202529350242,0.015270127125442512,0.000386492913415859,-3.3973093373829144e-05,-4.775517401278684e-05,-4.813960630234426e-05,-4.8148961006466706e-05,-4.814960784593758e-05,-4.8149614810366614e-05,-4.8149614810366614e-05,-4.8149614810366614e-05,-4.8149614810366614e-05,-4.8149614810366614e-05,-4.8149614810366614e-05,-4.8149614810366614e-05,-4.8149614810366614e-05,-4.8149614810366614e-05,-4.8149614810366614e-05,-4.8149614810366614e-05,-4.814961572385812e-05,-4.814961572385812e-05,-4.814961572385812e-05,-4.814961572385812e-05,-4.814961572385812e-05,-4.814961572385812e-05,-4.814961572385812e-05,-4.814961572385812e-05,-4.814961572385812e-05,-4.814961572385812e-05,-4.814961572385812e-05,-4.814961572385812e-05,-4.814961572385812e-05,-4.814961572385812e-05,-4.814961572385812e-05,-4.814961572385812e-05,-4.814961572385812e-05,-4.814961572385812e-05,-4.814961572385812e-05,-4.814961572385812e-05,-4.814961572385812e-05,-4.814961572385812e-05,-4.814961572385812e-05,-4.814961572385812e-05,-4.814961572385812e-05,-4.814961572385812e-05,-4.814961572385812e-05,-4.814961572385812e-05,-4.814961572385812e-05,-4.814961572385812e-05,-4.814961572385812e-05,-4.814961572385812e-05,-4.814961572385812e-05,-4.814961572385812e-05,-4.814961572385812e-05,-4.814961572385812e-05,-4.814961572385812e-05,-4.814961572385812e-05,-4.814961572385812e-05,-4.814961572385812e-05,-4.814961572385812e-05,-4.814961572385812e-05,-4.814961572385812e-05,-4.814961572385812e-05,-4.814961572385812e-05,-4.814961572385812e-05,-4.814961572385812e-05,-4.814961572385812e-05,-4.814961572385812e-05,-4.814961572385812e-05,-4.814961572385812e-05,-4.814961572385812e-05,-4.814961572385812e-05,-4.814961572385812e-05,-4.814961572385812e-05,-4.814961572385812e-05,-4.814961572385812e-05,-4.814961572385812e-05,-4.814961572385812e-05,-4.814961572385812e-05,-4.814961572385812e-05,-4.814961572385812e-05,-4.814961572385812e-05,-4.814961572385812e-05,-4.814961572385812e-05,-4.814961572385812e-05,-4.814961572385812e-05,-4.814961572385812e-05,-4.814961572385812e-05,-4.814961572385812e-05,-4.814961572385812e-05,-4.814961572385812e-05,-4.814961572385812e-05,-4.814961572385812e-05,-4.814961572385812e-05,-4.814961572385812e-05,-4.814961572385812e-05,-4.814961572385812e-05,-4.814961572385812e-05,-4.814961572385812e-05,-4.814961572385812e-05
main/engineering_PressureVessel/GA/default/0,5311.578477416138,1823.9528924407487,875.9128193253555,770.9664384751723,738.2452640392294,649.6831711148616,649.6831711148616,649.6831711148616,649.6831711148616,649.6831711148616,614.5562447836555,614.5562447836555,614.5562447836555,614.5562447836555,614.5562447836555,613.2883072237873,613.2883072237873,613.2883072237873,613.2883072237873,613.2883072237873,613.2883072237873,613.2883072237873,613.2883072237873,613.2883072237873,610.9476307039731,610.5480301380812,610.5480301380812,610.5480301380812,610.5480301380812,610.4768938216121,610.4768938216121,610.4768938216121,610.4768938216121,610.4768938216121,610.4768938216121,610.4768938216121,610.4768938216121,610.4768938216121,610.4768938216121,610.4768938216121,610.4768938216121,610.4768938216121,610.4768938216121,610.4768938216121,610.4768938216121,610.4768938216121,610.4768938216121,610.4768938216121,610.4768938216121,610.4768938216121,610.4768938216121,610.4768938216121,610.4768938216121,610.4768938216121,610.4768938216121,610.4768938216121,610.4768938216121,610.4768938216121,610.4768938216121,610.4768938216121,610.4768938216121,610.4768938216121,610.4768938216121,610.4768938216121,610.4768938216121,610.4768938216121,610.4768938216121,610.4768938216121,610.4768938216121,610.4768938216121,610.4768938216121,610.4768938216121,610.4768938216121,610.4768938216121,610.4768938216121,610.4768938216121,610.4768938216121,610.4768938216121,610.4768938216121,610.4768938216121,610.4768938216121,610.4768938216121,610.4768938216121,610.4768938216121,610.4768938216121,610.4768938216121,610.4768938216121,610.4768938216121,610.4768938216121,610.4768938216121,610.4768938216121,610.4768938216121,610.4768938216121,605.8239710366397,605.8239710366397,600.8276473836204,600.8276473836204,600.8276473836204,599.9969634636973,599.7054016233324
main/engineering_PressureVessel/PSO/default/0,3071.3275515478454,2904.9109163662233,1817.7473987616122,1817.7473987616122,1227.808967752574,1056.9348073576166,669.2252205762934,669.2252205762934,669.2252205762934,669.2252205762934,669.2252205762934,669.2252205762934,669.2252205762934,669.2252205762934,669.2252205762934,555.9179288604455,249.94414707987016,249.94414707987016,234.4852569295308,211.3060641698903,211.3060641698903,211.3060641698903,211.3060641698903,208.8725843404809,208.8725843404809,188.5867132797439,123.42615533749176,123.42615533749176,123.42615533749176,123.42615533749176,123.42615533749176,113.54634495865685,110.2181497593674,110.2181497593674,94.19108378913643,94.19108378913643,94.19108378913643,94.19108378913643,93.02028087947656,79.1408196960665,79.1408196960665,79.1408196960665,79.1408196960665,75.08103432374628,74.73579862893348,74.73579862893348,74.69454591467183,72.87506467248022,72.82399599594555,72.80641970012039,72.53407830219567,72.08267530226385,72.0629237043795,71.91200652484349,71.91200652484349,71.7362208009863,71.60035004454403,71.60035004454403,71.60035004454403,70.88029905028816,69.95353210139456,69.95353210139456,69.95353210139456,69.95353210139456,69.89029241374647,62.261767355155825,62.261767355155825,61.2784945792564,59.56274737894091,59.29004545799853,58.8519256626314,58.02508040662451,57.978456158481094,57.97730537821553,57.976531340176734,57.9759273304353,57.97566753378214,57.97555603014371,57.97549682517365,57.975489987188666,57.97548972760251,57.83689475416031,57.83689475416031,55.36253184189991,54.12277504886333,52.29200398107605,52.29200398107605,51.99671121592564,51.892528706623125,51.889529216753544,51.889527172768794,51.83981463463806,51.83359893159286,51.75202252489271,51.73869399188243,51.71886395722231,50.32234170687843,50.32234170687843,50.232636619807636,50.16920734022824
main/engineering_PressureVessel/GWO/default/0,1033.1341452869456,1033.1341452869456,547.7640456142835,547.7640456142835,547.7640456142835,547.7640456142835,547.7640456142835,547.7640456142835,547.7640456142835,547.7640456142835,547.7640456142835,547.7640456142835,125.39654613799212,125.39654613799212,125.39654613799212,125.39654613799212,125.39654613799212,125.39654613799212,125.39654613799212,125.39654613799212,103.6027599872832,103.6027599872832,103.6027599872832,103.6027599872832,103.6027599872832,63.30598869900132,63.30598869900132,63.30598869900132,63.30598869900132,63.30598869900132,63.30598869900132,63.30598869900132,63.30598869900132,63.30598869900132,63.30598869900132,63.30598869900132,63.30598869900132,63.30598869900132,63.30598869900132,63.30598869900132,63.30598869900132,63.30598869900132,63.30598869900132,63.30598869900132,63.30598869900132,63.30598869900132,63.30598869900132,63.30598869900132,63.30598869900132,63.30598869900132,63.30598869900132,63.30598869900132,63.30598869900132,63.30598869900132,63.30598869900132,63.30598869900132,63.30598869900132,63.30598869900132,63.30598869900132,63.30598869900132,45.26764485500826,45.26764485500826,45.26764485500826,45.26764485500826,45.26764485500826,45.26764485500826,45.26764485500826,10.95884470710007,10.95884470710007,-26.424708326503605,-26.424708326503605,-26.424708326503605,-26.424708326503605,-26.424708326503605,-26.424708326503605,-26.424708326503605,-26.424708326503605,-26.424708326503605,-26.424708326503605,-47.07668671439296,-47.07668671439296,-53.97495354031162,-53.97495354031162,-53.97495354031162,-53.97495354031162,-53.97495354031162,-53.97495354031162,-53.97495354031162,-53.97495354031162,-81.38484647519635,-81.38484647519635,-81.38484647519635,-81.38484647519635,-81.38484647519635,-81.38484647519635,-81.38484647519635,-82.24568679814638,-88.46067391711495,-96.62530233945017,-96.7752315621583
main/engineering_PressureVessel/CA/default/0,2120.316215461844,989.5798221219193,594.1601924578772,374.922113522568,302.250694334557,246.86310669415252,225.77210583355009,220.5518514833957,207.62254844238396,206.65893157992014,206.65893157992014,204.31228815564282,204.31228815564282,202.93023909406384,199.83186175278388,191.0088343630514,191.0088343630514,182.77669737883207,175.5246846612372,175.4364230708452,168.09787423191938,152.29518435139835,151.30310107340756,150.8722416983128,148.56417350655283,148.37399903721234,133.52930601661137,126.67380426041291,120.44565317755496,120.44565317755496,104.99576530784907,89.78085930318048,88.9686653453191,86.09934377230184,85.37144275812261,85.25326491798478,85.09452625265021,85.09452625265021,56.06118365425664,47.78951285996209,37.518560454620456,37.518560454620456,37.518560454620456,37.518560454620456,37.518560454620456,20.248139195885415,20.248139195885415,16.37024952500269,13.587927978457628,4.005794405913548,3.714204566060289,1.1947850923661463,-3.10367838986258,-5.141355258564545,-5.141355258564545,-6.625688958420142,-8.891235839329966,-12.53194106360479,-31.256522147092255,-36.03506672633375,-39.20427264236696,-39.20427264236696,-39.20427264236696,-39.20427264236696,-39.20427264236696,-39.20427264236696,-39.29981203773514,-39.3387326768152,-39.39678422274119,-39.423497249623324,-39.423497249623324,-39.452773282087946,-39.55109323956913,-39.55573827925855,-39.55573827925855,-39.556383092445685,-39.56128096543216,-39.562081895343,-39.70696351955121,-39.70696351955121,-40.15306675015563,-41.95133655245718,-41.95133655245718,-41.95133655245718,-41.95133655245718,-42.206359162887566,-44.88447313517099,-50.77865930948974,-65.0042440970683,-74.99211927809574,-74.99211927809574,-75.88340909229282,-76.02581335730247,-76.08230547331095,-76.08230547331095,-76.09582653584494,-76.10324879081145,-77.68327917250645,-77.87165634252051,-77.87165634252051
main/engineering_PressureVessel/WOA/default/0,5261.530534104069,4210.417568515177,4050.074769229728,4044.6026004154155,4044.581404372615,4044.5784463936598,4044.578338366153,4044.57833662763,4044.578336626977,4044.578336626908,4044.578336621091,4044.5783364400304,4044.578335520342,4044.578333961963,4044.5760312866005,4044.2600762236943,4036.3444273897694,3992.4412019639203,1845.8058367560461,563.3744962795745,563.2505039757871,563.2345649780773,563.2306438545647,563.2305412258047,563.2304803841034,563.2304674184597,563.2304671658012,563.2304670781632,563.230466298367,563.2304662792912,563.2304662770393,563.230466164775,563.2304627479516,563.2303843918198,563.2293089029072,563.2291903522737,563.2288009807116,563.2232706433151,562.8927478195374,552.0449700767113,516.0904115142321,515.5004987506236,515.3158939651612,515.2942442844869,515.2941384935357,515.2941378968035,515.2941378815567,515.2941378809892,515.2941378809874,515.2941378809837,515.2941378809828,515.2941378809792,515.2941378804953,515.2940816376331,514.978194676265,514.9777658085604,514.9777658085522,514.9777658085504,514.9777658085504,514.9777658084968,514.9777658044522,514.977765804424,514.9777657918339,514.977765742713,514.9777574862765,514.9777477891148,514.9776989714246,514.9770377336436,514.9644110868685,514.9589747143636,514.9272459862641,514.9272430157826,514.9272429840821,514.9272429834045,514.9272429826124,514.9272429825942,514.9272429825942,514.927242982526,514.9272429807661,514.9272429651128,514.92724291371,514.927242271714,514.9272096836503,514.9252301664083,514.9190582721794,514.915267874213,514.9093306713776,514.8485262363847,514.7903466090129,513.9491743713734,511.0097388910608,508.6263236153054,508.61955053310976,508.61954789125775,508.61954788589264,508.619547884613,508.6195478846057,508.6195478844402,508.61954788443927,508.61954788443654
main/engineering_PressureVessel/TFO-static/static/0,17606.658120686945,5348.876984593831,1959.0672966999882,1537.800877901961,1028.3571466387075,1028.3571466387075,943.3507465795492,726.9093555915151,726.9093555915151,476.25216724601705,476.25216724601705,476.25216724601705,476.25216724601705,366.4418403269465,366.4418403269465,366.4418403269465,366.4418403269465,37.1906949407894,19.52103271015767,19.52103271015767,19.52103271015767,19.52103271015767,19.52103271015767,19.52103271015767,19.52103271015767,19.52103271015767,19.52103271015767,19.52103271015767,19.52103271015767,19.52103271015767,19.52103271015767,19.218535431047712,19.218535431047712,19.218535431047712,19.218535431047712,19.218535431047712,19.218535431047712,19.218535431047712,19.218535431047712,19.218535431047712,19.218535431047712,19.218535431047712,19.218535431047712,19.218535431047712,19.218535431047712,19.218535431047712,19.218535431047712,19.218535431047712,19.218535431047712,19.218535431047712,19.218535431047712,19.218535431047712,19.218535431047712,19.218535431047712,19.218535431047712,19.218535431047712,19.218535431047712,19.218535431047712,19.218535431047712,-35.868720388493784,-35.868720388493784,-40.50164883209163,-40.50164883209163,-40.50164883209163,-40.50164883209163,-42.05000586199276,-42.05000586199276,-42.05000586199276,-42.05000586199276,-42.05000586199276,-42.05000586199276,-42.05000586199276,-42.05000586199276,-42.05000586199276,-42.05000586199276,-49.7675057192846,-49.7675057192846,-49.7675057192846,-49.7675057192846,-49.7675057192846,-49.7675057192846,-49.7675057192846,-49.7675057192846,-49.7675057192846,-49.7675057192846,-53.673770249158224,-53.673770249158224,-53.673770249158224,-53.673770249158224,-53.673770249158224,-53.673770249158224,-53.673770249158224,-65.4889354881916,-65.4889354881916,-65.4889354881916,-65.4889354881916,-65.4889354881916,-65.4889354881916,-65.4889354881916,-65.4889354881916
main/engineering_PressureVessel/TFO/full/0,17606.658120686945,5348.876984593831,1959.0672966999882,1537.800877901961,1028.3571466387075,1028.3571466387075,943.3507465795492,726.9093555915151,726.9093555915151,476.25216724601705,476.25216724601705,476.25216724601705,476.25216724601705,366.4418403269465,366.4418403269465,366.4418403269465,366.4418403269465,37.1906949407894,19.52103271015767,19.52103271015767,19.52103271015767,19.52103271015767,19.52103271015767,19.52103271015767,19.52103271015767,19.52103271015767,19.52103271015767,19.52103271015767,19.52103271015767,19.52103271015767,19.52103271015767,19.52103271015767,19.52103271015767,19.52103271015767,19.52103271015767,19.52103271015767,6.53670255828365,6.53670255828365,6.53670255828365,-4.328170800723456,-33.024256735697236,-33.024256735697236,-33.024256735697236,-33.024256735697236,-73.07421104780224,-73.15812134638418,-73.15812134638418,-73.15812134638418,-73.15812134638418,-73.15812134638418,-73.15812134638418,-73.15812134638418,-73.15812134638418,-75.82162740358945,-75.82162740358945,-75.82162740358945,-75.82162740358945,-75.82162740358945,-75.82162740358945,-75.82162740358945,-75.82162740358945,-75.82162740358945,-79.36655040626647,-79.36655040626647,-79.36655040626647,-79.36655040626647,-79.36655040626647,-79.36655040626647,-79.36655040626647,-79.36655040626647,-79.36655040626647,-79.36655040626647,-79.36655040626647,-79.36655040626647,-79.36655040626647,-79.36655040626647,-79.36655040626647,-79.36655040626647,-79.36655040626647,-79.36655040626647,-79.36655040626647,-79.36655040626647,-79.36655040626647,-79.36655040626647,-79.36655040626647,-79.36655040626647,-79.36655040626647,-79.36655040626647,-79.36655040626647,-79.36655040626647,-79.36655040626647,-79.36655040626647,-79.36655040626647,-79.36655040626647,-79.36655040626647,-79.36655040626647,-79.36655040626647,-79.43485502715521,-79.43485502715521,-79.43485502715521
main/engineering_PressureVessel/L-SHADE/default/0,6732.598777211228,2447.628651992256,891.9984371942919,750.3371602115176,629.7996173415913,629.7996173415913,516.6751771340623,429.95417227882535,171.7975437858713,0.6886815121733889,0.6886815121733889,-50.94397448332711,-59.70268490804301,-65.16914638544131,-84.90563589775593,-89.37542454174036,-92.66104576998896,-94.88872094668568,-96.38066592169253,-96.94777373951001,-97.47231467368147,-97.58406429768911,-97.80836178770369,-97.80836178770369,-97.80836178770369,-97.80836178770369,-97.83153495379975,-97.83153495379975,-97.83302111793819,-97.83498024503115,-97.83608933519918,-97.8363697974055,-97.83657793020939,-97.83671273351865,-97.8367177604814,-97.83673229819851,-97.8367357916477,-97.8367357916477,-97.83673593629737,-97.83673679658204,-97.8367369474654,-97.83673696948699,-97.83673700333838,-97.83673700703457,-97.83673701226417,-97.83673701269163,-97.83673701305088,-97.83673701305088,-97.83673701308817,-97.8367370131491,-97.83673701315001,-97.8367370131582,-97.8367370131582,-97.8367370131582,-97.8367370131582,-97.83673701315911,-97.83673701315911,-97.83673701315911,-97.83673701315911,-97.83673701315911,-97.83673701315911,-97.83673701315911,-97.83673701315911,-97.83673701315911,-97.83673701315911,-97.83673701315911,-97.83673701315911,-97.83673701315911,-97.83673701315911,-97.83673701315911,-97.83673701315911,-97.83673701315911,-97.83673701315911,-97.83673701315911,-97.83673701315911,-97.83673701315911,-97.83673701315911,-97.83673701315911,-97.83673701316002,-97.83673701316002,-97.83673701316002,-97.83673701316002,-97.83673701316002,-97.83673701316002,-97.83673701316002,-97.83673701316002,-97.83673701316002,-97.83673701316002,-97.83673701316002,-97.83673701316002,-97.83673701316002,-97.83673701316002,-97.83673701316002,-97.83673701316002,-97.83673701316002,-97.83673701316002,-97.83673701316002,-97.83673701316002,-97.83673701316002,-97.83673701316002
main/engineering_PressureVessel/CA/default/1,6480.000093004912,4209.658038080028,1994.4620853543329,1405.1212045580469,1330.4230713524212,1199.0297536222643,1175.392294769843,1148.8303747531527,1085.8585033106947,957.6310260013297,878.9277352073796,850.4089562410772,784.7448768785407,734.2323000097849,724.7537009132884,724.7537009132884,719.1088331279052,593.6786979495328,577.3483245029829,576.119454564664,575.995582180376,575.859360110695,575.859360110695,566.4466942426379,467.6031554836918,467.6031554836918,467.6031554836918,466.1988927927796,407.80537949589416,398.7916776198963,398.7916776198963,398.7916776198963,385.4080446410062,348.7093976105243,343.02200922940756,275.8784897344931,275.8784897344931,275.8784897344931,265.6844034535179,227.02533607543955,205.42921464101346,205.3423119208419,134.0284896035182,134.0284896035182,100.32789713354668,93.41397076527755,81.73298051637175,73.6938123650798,72.69149522658427,71.630781518008,71.46836683916626,71.44548643143753,71.44548643143753,71.44548643143753,71.26097146836764,71.26097146836764,70.37977875181423,67.96852618685716,67.96852618685716,61.58745345607622,61.58745345607622,60.59063335461269,60.59063335461269,59.086439430222526,56.92668576652068,56.7199100823982,51.757632994681444,51.427575650328436,50.47196136136972,47.32053987258041,41.49272846436543,40.837787908319115,39.28337231402293,29.678750062567815,28.96458290173814,28.780268561352386,28.780268561352386,28.780268561352386,28.780268561352386,28.780268561352386,28.0801031730889,27.824906991992066,25.516286225438307,25.516286225438307,25.071135576613415,25.071135576613415,25.071135576613415,25.071135576613415,25.061500491849074,24.400208403456418,23.780980613355496,23.456890303381442,23.055126413491962,22.635984419410306,21.055737389617207,20.79038376999324,20.445757968643193,20.33521791678959,20.249132743982955,20.249132743982955
main/engineering_PressureVessel/GA/default/1,2247.30866351644,1369.1148705141377,512.8573711036934,448.5060784544412,432.74363374152017,420.7586608248748,393.88821621693023,381.89540532832325,378.4969271192085,378.4969271192085,378.4969271192085,376.5389035879816,375.96321935718606,375.96321935718606,375.96321935718606,375.96321935718606,375.96321935718606,375.96321935718606,375.96321935718606,375.96321935718606,375.96321935718606,375.96321935718606,375.96321935718606,375.96321935718606,375.96321935718606,375.96321935718606,375.96321935718606,375.96321935718606,375.96321935718606,375.96321935718606,375.96321935718606,375.17549057862925,375.17549057862925,375.17549057862925,375.17549057862925,375.17549057862925,375.17549057862925,375.17549057862925,370.7813321076519,370.7813321076519,370.7813321076519,370.7813321076519,370.7813321076519,370.7813321076519,370.7813321076519,370.7813321076519,370.7813321076519,370.7813321076519,370.7813321076519,370.7813321076519,370.7813321076519,368.01525001643313,368.01525001643313,368.01525001643313,368.01525001643313,368.01525001643313,368.01525001643313,368.01525001643313,368.01525001643313,368.01525001643313,368.01525001643313,368.01525001643313,368.01525001643313,368.01525001643313,368.01525001643313,368.01525001643313,368.01525001643313,368.01525001643313,368.01525001643313,368.01525001643313,368.01525001643313,368.01525001643313,368.01525001643313,368.01525001643313,367.95510846331945,366.63757475758666,366.63757475758666,366.4076319911701,366.4076319911701,366.4076319911701,366.4076319911701,366.4076319911701,366.1109077915826,366.1109077915826,366.1109077915826,360.3496215715322,360.3496215715322,360.3496215715322,360.3496215715322,360.3496215715322,360.3496215715322,360.12082363188983,360.12082363188983,356.54850766486834,356.54344878355914,356.54344878355914,356.54344878355914,356.5255199618905,356.5255199618905,356.5255199618905
main/engineering_PressureVessel/PSO/default/1,4044.194327244337,3864.20339203159,2972.1043559383324,957.6826638739522,957.6826638739522,703.5894037777744,424.40523698874586,424.40523698874586,375.0066042130393,375.0066042130393,375.0066042130393,375.0066042130393,375.0066042130393,375.0066042130393,375.0066042130393,375.0066042130393,375.0066042130393,375.0066042130393,375.0066042130393,375.0066042130393,320.0153277013842,320.0153277013842,320.0153277013842,320.0153277013842,320.0153277013842,264.18918160890917,170.24340152156856,170.24340152156856,161.68791840958147,161.68791840958147,161.68791840958147,161.66618713331536,161.66618713331536,161.663011866357,161.663011866357,158.89111327582214,158.6101712220625,158.0262642503476,157.21586801700778,157.00260413088563,156.92353291832933,156.3441172746734,156.3441172746734,156.21299636375988,156.21299636375988,156.1915419727202,156.1813439352536,156.1813439352536,156.1813439352536,156.16639970101005,156.15094600114935,156.15094600114935,156.15094600114935,156.1482964630177,155.49033773199517,150.92478301444044,150.92478301444044,150.91426392361336,150.4266531391886,150.42206383495432,133.45181824689826,109.00958948927382,108.52215218110086,107.9826796246025,102.5515398726875,95.47185669735609,93.8221228454322,93.59962443954373,93.51528895416686,93.37818415999482,93.33815968919498,93.33815968919498,92.61739311339716,92.60422469242985,92.59064335693438,92.58465259778768,92.58362834136005,92.58324143910886,92.58314736651118,92.58313806949081,92.56124157207432,92.56124157207432,92.28087552152829,87.46686619633692,87.3166560888094,87.3166514333443,86.6019792435045,81.80219021549692,81.66849871481372,81.66537261899339,81.66526527992391,81.26548860620369,81.061689512253,81.0559627373541,81.05589109296852,80.48601237899857,79.19569058466459,78.75911640222694,78.53878153891674,78.42825481352793
main/engineering_PressureVessel/GWO/default/1,3017.968421128282,1731.6895641417068,1337.0361780854919,416.7708264609764,416.7708264609764,416.7708264609764,416.7708264609764,404.48545584913154,404.48545584913154,404.48545584913154,404.48545584913154,201.9948755482801,201.9948755482801,167.17200772885917,167.17200772885917,167.17200772885917,167.17200772885917,167.17200772885917,167.17200772885917,167.17200772885917,167.17200772885917,103.13079043810922,103.13079043810922,103.13079043810922,103.13079043810922,103.13079043810922,103.13079043810922,103.13079043810922,103.13079043810922,103.13079043810922,103.13079043810922,103.13079043810922,103.13079043810922,103.13079043810922,103.13079043810922,103.13079043810922,103.13079043810922,103.13079043810922,103.13079043810922,103.13079043810922,103.13079043810922,103.13079043810922,103.13079043810922,103.13079043810922,103.13079043810922,103.13079043810922,103.13079043810922,103.13079043810922,103.13079043810922,103.13079043810922,103.13079043810922,103.13079043810922,103.13079043810922,103.13079043810922,103.13079043810922,36.96503826939443,36.96503826939443,36.96503826939443,36.96503826939443,36.96503826939443,36.96503826939443,21.52475814391255,21.52475814391255,21.52475814391255,21.52475814391255,21.52475814391255,21.52475814391255,-40.420757326723106,-40.420757326723106,-40.420757326723106,-40.420757326723106,-40.420757326723106,-40.420757326723106,-40.420757326723106,-40.420757326723106,-40.420757326723106,-40.420757326723106,-40.420757326723106,-40.420757326723106,-73.39052516649463,-73.39052516649463,-73.39052516649463,-73.39052516649463,-73.39052516649463,-73.39052516649463,-73.39052516649463,-73.39052516649463,-73.39052516649463,-73.39052516649463,-73.39052516649463,-73.39052516649463,-73.39052516649463,-73.39052516649463,-73.39052516649463,-92.28048609427606,-92.28048609427606,-92.28048609427606,-92.28048609427606,-93.59097933054181,-96.62930382435115
main/engineering_PressureVessel/CMA-ES (IPOP)/default/0,2855.812915884131,1162.2281068984603,604.3594559037574,311.6568935949135,80.40480786829994,-3.99951593491096,-70.67112283180268,-84.00492782775655,-88.01246926336535,-89.43558809299975,-90.20710845872509,-90.75693943543865,-91.06189104854002,-92.00805373380808,-93.12500555023507,-93.57316895065378,-94.23192264623049,-94.66527124410186,-94.90943739650356,-95.41951914615674,-95.73058138394481,-96.05876016225102,-96.30657255904589,-96.46370547210881,-96.54878942828509,-96.54878942828509,-96.54878942828509,-96.54878942828509,-96.54878942828509,-96.54878942828509,-96.54878942828509,-96.54878942828509,-96.54878942828509,-96.54878942828509,-96.54878942828509,-96.54878942828509,-96.54878942828509,-96.54878942828509,-96.54878942828509,-96.54878942828509,-96.54878942828509,-96.54878942828509,-96.54878942828509,-96.54878942828509,-96.54878942828509,-96.63573969123172,-96.75363121781629,-96.8383527614933,-96.94458124682387,-96.99008841214527,-96.99008841214527,-96.99008841214527,-96.99008841214527,-96.99008841214527,-96.99008841214527,-96.99008841214527,-96.99008841214527,-96.99008841214527,-97.1115089477671,-97.24826092091371,-97.32899435173658,-97.42097936800565,-97.47755257529207,-97.53149252075491,-97.60280397661518,-97.64141342303901,-97.6707527131939,-97.69819065497995,-97.71467602137727,-97.74054042591979,-97.76545004664786,-97.77869071612531,-97.79357443503432,-97.80158892075451,-97.80477217375392,-97.80787198241796,-97.80787198241796,-97.80787198241796,-97.80787198241796,-97.80787198241796,-97.80787198241796,-97.80787198241796,-97.80787198241796,-97.80787198241796,-97.80787198241796,-97.80787198241796,-97.80787198241796,-97.80787198241796,-97.80787198241796,-97.80787198241796,-97.80787198241796,-97.80787198241796,-97.80787198241796,-97.80787198241796,-97.80787198241796,-97.80787198241796,-97.80787198241796,-97.80787198241796,-97.80787198241796,-97.80787198241796
main/engineering_PressureVessel/TFO/full/1,3679.2638880478316,2242.7483931131046,1586.4834204904564,1397.9608382745755,844.1217188771334,288.5844426836002,288.5844426836002,288.5844426836002,288.5844426836002,288.5844426836002,147.00954534277207,147.00954534277207,147.00954534277207,147.00954534277207,147.00954534277207,147.00954534277207,147.00954534277207,147.00954534277207,73.87356928167719,73.87356928167719,57.083513889552705,57.083513889552705,57.083513889552705,57.083513889552705,57.083513889552705,57.083513889552705,47.23266285504724,47.23266285504724,47.23266285504724,47.23266285504724,47.23266285504724,47.23266285504724,47.23266285504724,47.23266285504724,47.23266285504724,47.23266285504724,42.83833521831275,42.83833521831275,42.83833521831275,42.83833521831275,42.83833521831275,22.893999950044417,14.69085395982529,14.69085395982529,14.69085395982529,14.69085395982529,14.69085395982529,-10.083674813011385,-33.28043612781494,-65.46920140088969,-69.70312368177747,-73.19236825602457,-73.19236825602457,-73.19236825602457,-73.19236825602457,-73.19236825602457,-73.19236825602457,-73.19236825602457,-73.39018294427296,-73.39018294427296,-73.39018294427296,-73.39018294427296,-73.39018294427296,-73.39018294427296,-73.39018294427296,-73.39018294427296,-73.39018294427296,-73.39018294427296,-73.39018294427296,-73.39018294427296,-73.39018294427296,-73.39018294427296,-73.39018294427296,-73.39018294427296,-73.39018294427296,-73.39018294427296,-73.39018294427296,-73.39018294427296,-73.39018294427296,-73.39018294427296,-73.39018294427296,-73.39018294427296,-73.39018294427296,-73.39018294427296,-73.39018294427296,-73.39018294427296,-73.39018294427296,-73.39018294427296,-73.39018294427296,-73.39018294427296,-73.39018294427296,-73.39018294427296,-73.39018294427296,-73.39018294427296,-73.39018294427296,-73.39018294427296,-73.39018294427296,-73.39018294427296,-73.39018294427296,-73.39018294427296
main/engineering_PressureVessel/TFO-static/static/1,3679.2638880478316,2242.7483931131046,1586.4834204904564,1397.9608382745755,844.1217188771334,288.5844426836002,288.5844426836002,288.5844426836002,288.5844426836002,288.5844426836002,147.00954534277207,147.00954534277207,147.00954534277207,147.00954534277207,147.00954534277207,147.00954534277207,147.00954534277207,147.00954534277207,147.00954534277207,147.00954534277207,147.00954534277207,147.00954534277207,65.62358318296901,65.62358318296901,65.62358318296901,4.827583067522937,4.827583067522937,4.827583067522937,4.827583067522937,4.827583067522937,4.827583067522937,4.827583067522937,4.827583067522937,4.827583067522937,4.827583067522937,4.827583067522937,4.827583067522937,4.827583067522937,4.827583067522937,4.827583067522937,-10.344205744429019,-10.344205744429019,-12.458255499065672,-15.457300946120995,-15.457300946120995,-15.457300946120995,-15.457300946120995,-15.457300946120995,-15.457300946120995,-15.457300946120995,-15.457300946120995,-15.457300946120995,-15.457300946120995,-15.457300946120995,-15.457300946120995,-15.457300946120995,-15.457300946120995,-15.457300946120995,-15.493796687715985,-15.972387586324658,-15.972387586324658,-15.972387586324658,-21.356330208086547,-21.356330208086547,-21.356330208086547,-21.356330208086547,-21.356330208086547,-21.356330208086547,-21.356330208086547,-21.356330208086547,-21.356330208086547,-21.356330208086547,-21.356330208086547,-21.356330208086547,-21.356330208086547,-21.356330208086547,-21.356330208086547,-21.356330208086547,-21.356330208086547,-21.356330208086547,-21.356330208086547,-21.356330208086547,-21.356330208086547,-33.81820850366239,-33.81820850366239,-33.81820850366239,-33.81820850366239,-33.81820850366239,-33.81820850366239,-33.81820850366239,-33.81820850366239,-33.81820850366239,-33.81820850366239,-33.81820850366239,-33.81820850366239,-33.81820850366239,-33.81820850366239,-63.40428725136826,-69.75603281336771,-83.25053031630068
main/engineering_PressureVessel/WOA/default/1,12430.631030895916,12143.46600073892,12142.536110621497,12142.513551713915,12142.513469588494,12142.513326167236,12142.513326167236,12142.513326152055,12142.513326151982,12142.513326151931,12142.5133261512,12142.513326137954,12142.513326132588,12142.513326123213,12142.513326114882,12142.513326088845,12142.513324014142,12142.51331989025,12142.51329562178,12142.513255427579,12142.51318084535,12142.51013883982,12142.329864926558,12142.142290889476,12142.14228225004,12142.142281374212,12142.142281173032,12142.142281119728,12142.142281119684,12142.142281119655,12142.142281119226,12142.142281118782,12142.142281102513,12142.142281084381,12142.142281082904,12142.142281051058,12142.142280408165,12142.14227251704,12142.14222970099,12142.142195595681,12142.140533160558,12142.140392486688,12142.135065399745,12142.130592067575,12142.1189344848,12142.114070201338,12142.110459876903,12142.108302929899,12142.107183858918,12142.101412959511,12142.070061357883,12141.79258387919,12085.433013042004,11937.651481116662,10838.461686517398,10816.298495771118,10812.126838377482,10766.11936677624,9915.315871940053,9914.891824319657,9914.675135960186,9914.674024005617,9914.674017683828,9914.673583525053,9907.571886879285,9907.537556693675,9907.530142500369,9905.225862895872,8926.398848506638,6907.053954916899,6599.285273813191,6598.82272596226,6575.591200705887,6042.950438345464,6015.676586992266,6015.547802621366,6015.542446531916,6015.539840705405,6015.407250864842,6014.959832808612,6014.187379079562,3180.0934945843383,3174.7837740098294,3174.771676723214,3174.769969136207,3174.7698993432223,3174.7698988488974,3174.769898846258,3174.7698988412576,3174.7698988412485,3174.7698988412303,3174.7698988412303,3174.769898841223,3174.7698939758193,3174.7213484992935,3171.883762396121,3171.3668599722278,3159.2360914962283,3066.3458717389603,2999.5491345898754
main/engineering_PressureVessel/L-SHADE/default/1,9151.636275293511,2268.9424876211842,1404.1314496997702,646.1209395648302,621.9436731353217,621.9436731353217,466.7102847373444,410.5974267426345,293.22125089523706,195.09809062485056,104.75755904984817,-2.9961618391853335,-2.9961618391853335,-50.461722736192314,-76.2977357621694,-76.2977357621694,-78.78417721060487,-93.59991086306127,-94.92983322708369,-95.27853979146585,-96.79735923019689,-96.79735923019689,-97.52118020862781,-97.58237781002026,-97.689421068907,-97.78665089231617,-97.80498669159624,-97.82981661037775,-97.8307042192364,-97.83369747070446,-97.83523863493792,-97.83592087431498,-97.83597304141949,-97.83652007855017,-97.83664550226058,-97.83665458669202,-97.83670861950668,-97.83671653343026,-97.83672591720733,-97.83673416708916,-97.83673460057798,-97.83673685404574,-97.83673685404574,-97.83673687499868,-97.83673697790982,-97.83673699825431,-97.8367370070755,-97.83673701030239,-97.83673701285807,-97.83673701299722,-97.83673701311545,-97.83673701312728,-97.83673701314729,-97.83673701315365,-97.83673701315638,-97.83673701315911,-97.83673701315911,-97.83673701315911,-97.83673701315911,-97.83673701315911,-97.83673701315911,-97.83673701315911,-97.83673701315911,-97.83673701315911,-97.83673701315911,-97.83673701315911,-97.83673701315911,-97.83673701315911,-97.83673701315911,-97.83673701315911,-97.83673701315911,-97.83673701315911,-97.83673701316002,-97.83673701316002,-97.83673701316002,-97.83673701316002,-97.83673701316002,-97.83673701316002,-97.83673701316002,-97.83673701316002,-97.83673701316002,-97.83673701316002,-97.83673701316002,-97.83673701316002,-97.83673701316002,-97.83673701316002,-97.83673701316002,-97.83673701316002,-97.83673701316002,-97.83673701316002,-97.83673701316002,-97.83673701316002,-97.83673701316002,-97.83673701316002,-97.83673701316002,-97.83673701316002,-97.83673701316002,-97.83673701316002,-97.83673701316002,-97.83673701316002
main/engineering_PressureVessel/CMA-ES (IPOP)/default/1,530.8397187516557,29.291585864957597,-40.483799329887006,-75.49381494898535,-80.51960881431933,-83.37739216452883,-86.44809078775415,-87.72089877766302,-89.02260412929354,-89.89023923604327,-90.6267844616259,-91.17185513732511,-91.96397506454105,-92.84211608123496,-93.39700500918661,-93.66132007743727,-93.75869161646278,-94.0032223650851,-94.28099999335609,-94.66253161239638,-94.8352893246556,-94.9621247563191,-95.0291837628638,-95.10102112603909,-95.10102112603909,-95.10102112603909,-95.10102112603909,-95.10102112603909,-95.10102112603909,-95.10102112603909,-95.10102112603909,-95.10102112603909,-95.10102112603909,-95.10102112603909,-95.10102112603909,-95.10102112603909,-95.35686483118752,-95.74949020353688,-96.22818182998253,-96.42972715302858,-96.64234789290822,-96.77924381965568,-97.00876968503962,-97.28056728055253,-97.41860318395447,-97.48119261977808,-97.56213289114385,-97.59063888399214,-97.59063888399214,-97.59063888399214,-97.59063888399214,-97.59063888399214,-97.59063888399214,-97.59063888399214,-97.59063888399214,-97.59063888399214,-97.59063888399214,-97.59063888399214,-97.59063888399214,-97.59063888399214,-97.59063888399214,-97.59063888399214,-97.59063888399214,-97.59063888399214,-97.59063888399214,-97.59063888399214,-97.59063888399214,-97.59063888399214,-97.59063888399214,-97.59063888399214,-97.59063888399214,-97.59063888399214,-97.64566766577536,-97.66883866566059,-97.67604510152341,-97.67604510152341,-97.67604510152341,-97.67604510152341,-97.67604510152341,-97.67604510152341,-97.67604510152341,-97.67604510152341,-97.67604510152341,-97.67604510152341,-97.67604510152341,-97.67604510152341,-97.67604510152341,-97.67604510152341,-97.67604510152341,-97.67604510152341,-97.67604510152341,-97.67604510152341,-97.67604510152341,-97.67604510152341,-97.67604510152341,-97.67604510152341,-97.67604510152341,-97.67604510152341,-97.67604510152341,-97.67604510152341
main/engineering_PressureVessel/CA/default/2,6919.723174308365,2231.9077750533716,834.7201179856038,285.3734759743156,204.7314943010988,78.9264795708641,61.994060346132756,54.32908744643646,53.39439213682817,52.11896011697809,44.968564389524545,44.55176961901816,44.55176961901816,44.55176961901816,42.70024114431362,42.40556936971461,42.35620598874539,40.66296779519689,40.379120626007534,40.379120626007534,40.379120626007534,40.36203724632196,39.47083687265058,38.45002583070982,33.96850623710361,30.601556411214915,30.601556411214915,26.725032533641752,7.943492834683639,2.819318732083957,-7.365416817653568,-7.365416817653568,-7.507048949619275,-7.507048949619275,-7.507048949619275,-15.963265235564904,-27.44771526635759,-63.28020651110728,-74.27153539915525,-74.27153539915525,-79.10816428640373,-80.7114501720589,-81.36731243451231,-81.6136150046832,-81.6136150046832,-81.6136150046832,-81.6136150046832,-81.6136150046832,-81.86635347774518,-82.07801142490916,-84.52991080768243,-87.96163729182172,-88.38754000213066,-94.38476288590027,-96.80044537692083,-96.81629980826347,-97.1469348778628,-97.1469348778628,-97.1469348778628,-97.59484403077295,-97.6559746204257,-97.76744038341621,-97.81341043052726,-97.81341043052726,-97.8310747075775,-97.8310747075775,-97.8310747075775,-97.83138775557018,-97.83193691771885,-97.83523576853986,-97.83616894273109,-97.83616894273109,-97.83642445718397,-97.83671625406714,-97.83673421085132,-97.83673507544154,-97.83673667146104,-97.83673698330131,-97.83673700327199,-97.83673701189491,-97.83673701240332,-97.83673701288626,-97.83673701298267,-97.8367370131391,-97.8367370131391,-97.83673701315638,-97.83673701315729,-97.8367370131582,-97.8367370131582,-97.8367370131582,-97.8367370131582,-97.8367370131582,-97.8367370131582,-97.8367370131582,-97.8367370131582,-97.8367370131582,-97.83673701315911,-97.83673701315911,-97.83673701315911,-97.83673701315911
main/engineering_PressureVessel/GA/default/2,1129.3106966216692,793.1354016796904,283.4045963923227,253.81467269468885,253.81467269468885,253.81467269468885,204.04787556910924,200.2369418423359,200.2369418423359,200.2369418423359,200.2369418423359,200.2369418423359,200.2369418423359,200.2369418423359,200.2369418423359,200.06701274470015,200.06701274470015,200.06701274470015,198.9156126092903,195.46499860210042,195.46499860210042,195.46499860210042,195.46499860210042,195.46499860210042,195.46499860210042,195.46499860210042,195.46499860210042,195.46499860210042,195.46499860210042,188.67844662053812,188.67844662053812,188.67844662053812,188.67844662053812,188.67844662053812,188.67844662053812,188.67844662053812,188.67844662053812,188.67844662053812,188.67844662053812,188.67844662053812,188.67844662053812,188.67844662053812,188.64917016593972,188.64917016593972,188.64917016593972,188.64917016593972,188.64917016593972,188.64917016593972,187.56216728997333,187.56216728997333,187.56216728997333,187.56216728997333,187.56216728997333,187.56216728997333,187.56216728997333,187.56216728997333,187.56216728997333,187.56216728997333,187.56216728997333,187.56216728997333,187.56216728997333,187.56216728997333,187.56216728997333,187.56216728997333,187.56216728997333,187.56216728997333,187.56216728997333,187.56216728997333,187.56216728997333,187.56216728997333,187.56216728997333,187.56216728997333,187.43466839780103,187.43466839780103,187.43466839780103,187.43466839780103,187.43466839780103,187.43466839780103,187.43466839780103,187.43466839780103,187.43466839780103,187.43466839780103,187.43466839780103,187.43466839780103,187.43466839780103,187.43466839780103,187.29056545082312,187.26336986547267,187.26336986547267,187.24610608107741,187.24047965171394,187.24047965171394,187.24047965171394,187.24047965171394,187.24047965171394,187.24047965171394,187.24047965171394,187.24047965171394,187.24047965171394,187.11854862121436
main/engineering_PressureVessel/PSO/default/2,891.1274945477635,891.1274945477635,891.1274945477635,891.1274945477635,891.1274945477635,891.1274945477635,891.1274945477635,843.0454809237681,843.0454809237681,629.7508104136414,531.68668927811,531.68668927811,463.0582458413928,463.0582458413928,463.0582458413928,463.0582458413928,350.7248893318283,313.41072631370207,313.41072631370207,261.3508669933635,261.3508669933635,261.3508669933635,102.68520875506874,102.68520875506874,100.33156132958356,100.33156132958356,81.5552938785977,80.24463679631208,79.43523989793812,75.21828832315532,74.09154723665597,74.09154723665597,73.9538195045152,47.038045269182476,47.038045269182476,46.52044840768849,44.64910736746788,44.58320123156318,42.81787563193302,42.33445395825038,42.33445395825038,41.76959468019868,41.103927532682974,41.055303025033936,40.353715915829525,40.353715915829525,40.353715915829525,40.314368929677585,40.294536981762576,40.28865717524786,40.27829242903499,40.27766654636707,40.24177925923232,39.83359821644717,39.66169859322963,39.66169859322963,39.55636247742041,39.09266863634457,39.02844267478213,39.02844267478213,38.81462859577914,38.3162432999834,35.054855587226484,33.66348481462319,32.95976371609231,27.681738293974377,25.0674227014797,25.0674227014797,22.56990754760136,22.466749135456666,19.01659134062993,18.55537331278174,18.459477298645652,17.950590708705022,17.90819348248806,17.908044512985725,17.88892704945374,17.885929547978776,17.88045037210668,17.88045037210668,17.878298656407424,17.877709830690947,17.2757415162323,16.55464537096941,16.338624100700144,16.215338691113175,15.809645713808095,15.809645713808095,15.518354632282353,15.239633780289296,13.026896101210696,12.419602090239096,12.417890372486,12.417890335970696,12.417890335970696,11.987931695718544,11.388002282535126,10.725223968468526,10.711959903756906,10.711549338756413
main/engineering_PressureVessel/GWO/default/2,4821.807657370395,1424.8733925333463,687.595916997313,687.595916997313,687.595916997313,687.595916997313,687.595916997313,687.595916997313,687.595916997313,687.595916997313,687.595916997313,687.595916997313,595.0394179302348,304.1484481046782,304.1484481046782,304.1484481046782,-22.8854371653606,-22.8854371653606,-22.8854371653606,-22.8854371653606,-22.8854371653606,-22.8854371653606,-22.8854371653606,-22.8854371653606,-22.8854371653606,-22.8854371653606,-22.8854371653606,-22.8854371653606,-22.8854371653606,-22.8854371653606,-22.8854371653606,-22.8854371653606,-22.8854371653606,-22.8854371653606,-22.8854371653606,-22.8854371653606,-22.8854371653606,-22.8854371653606,-22.8854371653606,-22.8854371653606,-22.8854371653606,-22.8854371653606,-22.8854371653606,-22.8854371653606,-22.8854371653606,-22.8854371653606,-22.8854371653606,-22.8854371653606,-22.8854371653606,-22.8854371653606,-22.8854371653606,-22.8854371653606,-22.8854371653606,-22.8854371653606,-22.8854371653606,-22.8854371653606,-22.8854371653606,-22.8854371653606,-22.8854371653606,-22.8854371653606,-22.8854371653606,-22.8854371653606,-22.8854371653606,-22.8854371653606,-22.8854371653606,-22.8854371653606,-22.8854371653606,-22.8854371653606,-22.8854371653606,-22.8854371653606,-71.4840521838114,-71.4840521838114,-71.4840521838114,-71.4840521838114,-71.4840521838114,-71.4840521838114,-71.4840521838114,-71.4840521838114,-71.4840521838114,-71.4840521838114,-71.4840521838114,-71.4840521838114,-71.4840521838114,-71.4840521838114,-71.4840521838114,-71.4840521838114,-71.4840521838114,-71.4840521838114,-71.4840521838114,-71.4840521838114,-71.4840521838114,-73.23674078228305,-73.23674078228305,-85.2612893704345,-85.2612893704345,-85.2612893704345,-96.44193204307066,-96.44193204307066,-96.44193204307066,-97.36651760460245
main/engineering_PressureVessel/TFO/full/2,5698.660715764387,2100.6071907785863,1162.3267201076815,1162.3267201076815,1162.3267201076815,741.1576007648528,65.69991971274612,65.69991971274612,65.69991971274612,21.892592622849406,21.892592622849406,21.892592622849406,21.892592622849406,10.14643211467137,10.14643211467137,10.14643211467137,10.14643211467137,10.14643211467137,10.14643211467137,10.14643211467137,9.734095874579907,9.004171515894996,9.004171515894996,9.004171515894996,9.004171515894996,9.004171515894996,9.004171515894996,9.004171515894996,9.004171515894996,9.004171515894996,-6.753854141570628,-6.753854141570628,-6.753854141570628,-6.753854141570628,-6.753854141570628,-6.753854141570628,-6.753854141570628,-6.753854141570628,-79.95671153216063,-79.95671153216063,-79.95671153216063,-79.95671153216063,-79.95671153216063,-79.95671153216063,-79.95671153216063,-79.95671153216063,-79.95671153216063,-79.95671153216063,-79.95671153216063,-79.95671153216063,-79.95671153216063,-79.95671153216063,-79.95671153216063,-79.95671153216063,-79.95671153216063,-79.95671153216063,-79.95671153216063,-79.95671153216063,-79.95671153216063,-79.95671153216063,-79.95671153216063,-79.95671153216063,-79.95671153216063,-79.95671153216063,-79.95671153216063,-79.95671153216063,-79.95671153216063,-79.95671153216063,-79.95671153216063,-79.95671153216063,-79.95671153216063,-79.95671153216063,-79.95671153216063,-79.95671153216063,-79.95671153216063,-79.95671153216063,-79.95671153216063,-79.95671153216063,-79.95671153216063,-79.95671153216063,-79.95671153216063,-79.95671153216063,-79.95671153216063,-79.95671153216063,-79.95671153216063,-79.95671153216063,-79.95671153216063,-79.95671153216063,-79.95671153216063,-79.95671153216063,-79.95671153216063,-79.95671153216063,-79.95671153216063,-79.95671153216063,-79.95671153216063,-79.95671153216063,-79.95671153216063,-79.95671153216063,-79.95671153216063,-79.95671153216063
main/engineering_PressureVessel/TFO-static/static/2,5698.660715764387,2100.6071907785863,1162.3267201076815,1162.3267201076815,1162.3267201076815,741.1576007648528,65.69991971274612,65.69991971274612,65.69991971274612,21.892592622849406,21.892592622849406,21.892592622849406,21.892592622849406,10.14643211467137,10.14643211467137,10.14643211467137,10.14643211467137,10.14643211467137,10.14643211467137,10.14643211467137,10.14643211467137,10.14643211467137,10.14643211467137,10.14643211467137,10.14643211467137,10.14643211467137,10.14643211467137,10.14643211467137,10.14643211467137,10.14643211467137,10.14643211467137,10.14643211467137,10.14643211467137,10.14643211467137,10.14643211467137,10.14643211467137,10.14643211467137,10.14643211467137,10.14643211467137,10.14643211467137,10.14643211467137,10.14643211467137,9.734095874579907,9.734095874579907,9.734095874579907,9.734095874579907,7.843794658713705,7.843794658713705,7.843794658713705,7.843794658713705,7.843794658713705,7.843794658713705,7.843794658713705,7.843794658713705,7.843794658713705,7.843794658713705,7.843794658713705,7.843794658713705,7.843794658713705,7.843794658713705,7.843794658713705,7.843794658713705,7.843794658713705,7.843794658713705,7.843794658713705,7.843794658713705,4.067630103586453,4.067630103586453,4.067630103586453,4.067630103586453,3.87702422934035,3.87702422934035,3.87702422934035,3.87702422934035,3.87702422934035,3.87702422934035,2.8398610442427525,2.8398610442427525,2.8398610442427525,2.8398610442427525,2.8398610442427525,2.8398610442427525,2.8398610442427525,2.8398610442427525,2.8398610442427525,2.8398610442427525,2.8398610442427525,2.103414267999142,2.103414267999142,2.103414267999142,2.103414267999142,2.103414267999142,2.103414267999142,2.0756577712063518,-38.34458703783639,-38.34458703783639,-49.45036544273535,-49.45036544273535,-65.18494392971206,-65.18494392971206
main/engineering_PressureVessel/WOA/default/2,4865.967702383217,4844.714633575553,4844.714633575553,4844.714506007742,4844.714343602054,4844.714333114143,4844.714333026497,4844.714332955402,4844.714332955367,4844.714332955336,4844.714332955287,4844.714332954676,4844.714332946405,4844.714332058889,4844.71428218292,4844.714104057943,4844.712655525967,4844.700400573267,4844.337570071748,4833.36974806652,4613.01623809091,4607.082653099711,4607.080987564435,4607.076295698884,4607.06427443561,4607.064245463283,4607.064242374958,4607.063898190911,4607.0344330594635,4606.77295287613,4606.77295287613,4606.772952402016,4606.772952399582,4606.772951514022,4606.767624171622,4606.194202344301,4606.193758874564,4606.193739716493,4606.193738902901,4606.193738894797,4606.193738658567,4606.193738608328,4606.193733875511,4606.193626560595,4606.187981772644,4606.12237476331,4606.060174562444,4605.1772979554025,4604.686706835078,4601.114579253441,3956.823909280405,2762.817612162682,2744.9016916696164,2744.521596546716,2744.521048280887,2744.520615903115,2744.5206093566394,2744.5206093138386,2744.520608925115,2744.5202713774033,2744.510397201666,2743.836021013789,2670.9918224448484,2590.052870926889,2589.6866160143272,2589.6785862028755,2589.6738966455214,2589.6286311104323,2547.769813584193,2161.688427750304,2161.085621090243,2161.019598688322,2161.018837111993,2161.018827359174,2161.018797387953,2161.0187023425906,2161.008252208224,2154.9145932530255,2002.8994147183548,2002.8824868282745,2002.8817729541388,2002.8817726701864,2002.8817723197444,2002.8817723183547,2002.8817723183074,2002.8817723182974,2002.8817723178508,2002.8817638945993,2002.8776673824214,2002.872434317359,2002.2237960034745,1987.8304972370142,1965.7647077857973,1961.673052713265,1961.6287657818611,1961.628621709343,1961.6286197816398,1961.6286169005443,1961.6286157453196,1961.6284983801615
main/engineering_PressureVessel/CMA-ES (IPOP)/default/2,451.54226504992494,239.13059462694855,148.02731546488667,61.18474517190043,-5.2375156004545715,-38.50632214200141,-75.4707495317316,-81.64050212620532,-84.96821247451044,-86.64064631460951,-88.20017452161846,-89.15678698354168,-89.51910831087207,-89.87557730980461,-90.27229829343923,-90.41489106565223,-90.5643544889208,-90.78532151477066,-91.00547611304592,-91.27629430863453,-91.46632716201566,-91.6547137628886,-91.93958018090689,-92.26392928821497,-92.26392928821497,-92.26392928821497,-93.50699605243608,-96.58119935501509,-97.25206712524323,-97.46951703064497,-97.63026063167308,-97.7002158147161,-97.75734981055211,-97.77821463308646,-97.80098977925536,-97.8136787523108,-97.81804623926018,-97.82332200450037,-97.82667655122896,-97.82931841226491,-97.83127162286564,-97.83253421905283,-97.833275419046,-97.83391073928851,-97.83431533074781,-97.83469973817228,-97.8352255055479,-97.83557780018054,-97.83583686673319,-97.83583686673319,-97.83583686673319,-97.83583686673319,-97.83583686673319,-97.83583686673319,-97.83583686673319,-97.83583686673319,-97.83583686673319,-97.83583686673319,-97.83583686673319,-97.83583686673319,-97.83583686673319,-97.83583686673319,-97.83583686673319,-97.83583686673319,-97.83583686673319,-97.83583686673319,-97.83583686673319,-97.83583686673319,-97.83583686673319,-97.83583686673319,-97.83583686673319,-97.83583686673319,-97.83583686673319,-97.83583686673319,-97.83583686673319,-97.83583686673319,-97.83583686673319,-97.83583686673319,-97.83583686673319,-97.83583686673319,-97.83583686673319,-97.83583686673319,-97.83583686673319,-97.83583686673319,-97.83583686673319,-97.83583686673319,-97.83583686673319,-97.83583686673319,-97.83583686673319,-97.83583686673319,-97.83583686673319,-97.83583686673319,-97.83583686673319,-97.83583686673319,-97.83583686673319,-97.83583686673319,-97.83583686673319,-97.83583686673319,-97.83583686673319,-97.83583686673319
main/engineering_PressureVessel/L-SHADE/default/2,7144.254453906044,5983.317273371449,2149.512905697821,526.2396602124072,526.2396602124072,467.9338138482344,467.9338138482344,183.79632757499712,183.79632757499712,175.84131455234728,20.37923507155938,20.37923507155938,0.05446934318115382,-53.280372594845176,-84.65595662690066,-84.65595662690066,-95.06174305965578,-95.42450602559165,-95.42450602559165,-96.28945719564763,-96.5727345130108,-97.0471666021831,-97.46241632051715,-97.61490134187989,-97.71635385691752,-97.77455373423345,-97.82891769437629,-97.82891769437629,-97.83165507238391,-97.83453369110066,-97.83504970421927,-97.8361995979676,-97.83639721947384,-97.83653766042426,-97.83666091944451,-97.83667551997132,-97.83671608950772,-97.83673371443456,-97.83673371443456,-97.83673599475242,-97.83673646465377,-97.83673657039981,-97.8367369264879,-97.83673694014487,-97.83673699602514,-97.83673700763393,-97.83673701187945,-97.83673701278258,-97.8367370130236,-97.83673701312728,-97.83673701315001,-97.83673701315365,-97.83673701315547,-97.8367370131582,-97.8367370131582,-97.8367370131582,-97.83673701315911,-97.83673701315911,-97.83673701315911,-97.83673701315911,-97.83673701315911,-97.83673701315911,-97.83673701315911,-97.83673701315911,-97.83673701315911,-97.83673701316002,-97.83673701316002,-97.83673701316002,-97.83673701316002,-97.83673701316002,-97.83673701316002,-97.83673701316002,-97.83673701316002,-97.83673701316002,-97.83673701316002,-97.83673701316002,-97.83673701316002,-97.83673701316002,-97.83673701316002,-97.83673701316002,-97.83673701316002,-97.83673701316002,-97.83673701316002,-97.83673701316002,-97.83673701316002,-97.83673701316002,-97.83673701316002,-97.83673701316002,-97.83673701316002,-97.83673701316002,-97.83673701316002,-97.83673701316002,-97.83673701316002,-97.83673701316002,-97.83673701316002,-97.83673701316002,-97.83673701316002,-97.83673701316002,-97.83673701316002,-97.83673701316002
main/engineering_PressureVessel/GA/default/3,2313.7617381782893,1217.1177816264271,787.0008216305741,757.1533173931803,721.7036838546119,721.7036838546119,712.8167425381826,712.8167425381826,712.8167425381826,665.5169862184584,665.5169862184584,662.0800761587279,662.0800761587279,662.0800761587279,662.0800761587279,662.0800761587279,662.0800761587279,662.0800761587279,662.0800761587279,662.0800761587279,662.0800761587279,662.0800761587279,662.0800761587279,662.0800761587279,662.0800761587279,662.0800761587279,662.0800761587279,662.0800761587279,662.0800761587279,662.0800761587279,662.0800761587279,661.8266013593284,661.8266013593284,661.8266013593284,661.8266013593284,661.8266013593284,661.8266013593284,661.8266013593284,661.8266013593284,661.8266013593284,661.8266013593284,661.8266013593284,661.8266013593284,661.8266013593284,661.8266013593284,661.8266013593284,661.8266013593284,661.8266013593284,661.572984271942,661.572984271942,661.572984271942,661.572984271942,661.572984271942,661.572984271942,661.572984271942,661.572984271942,661.572984271942,661.572984271942,661.572984271942,661.572984271942,661.572984271942,661.572984271942,661.572984271942,661.572984271942,661.572984271942,661.572984271942,661.4280022920229,661.4237597836218,661.4237597836218,661.4237597836218,661.4237597836218,661.4237597836218,661.4237597836218,661.4237597836218,661.4237597836218,661.3903038247336,661.3560847235494,657.4024282169685,656.9036657296238,655.9970646882002,655.9970646882002,655.9970646882002,654.0392869337638,654.0392869337638,654.0392869337638,654.0392869337638,654.0392869337638,653.5258633307958,653.5258633307958,653.5258633307958,653.5258633307958,653.5258633307958,653.5258633307958,653.403068333334,653.403068333334,653.403068333334,653.403068333334,653.403068333334,653.403068333334,653.403068333334
main/engineering_PressureVessel/PSO/default/3,1564.7647319752996,1564.7647319752996,1145.4900859501595,1145.4900859501595,1010.556104295958,1010.556104295958,1010.556104295958,1010.556104295958,1010.556104295958,1010.556104295958,1010.556104295958,828.9915666606548,828.9915666606548,736.7827262856572,373.42422669966345,373.42422669966345,303.58076866864394,303.58076866864394,303.58076866864394,303.58076866864394,303.58076866864394,303.58076866864394,303.58076866864394,303.58076866864394,303.58076866864394,303.58076866864394,292.06662480723935,288.27198639722064,269.5688379876474,269.5688379876474,260.60064889455316,260.60064889455316,260.60064889455316,260.60064889455316,260.60064889455316,209.10538319588886,176.7356832495925,168.2556246617687,164.53365393485637,160.4248053219726,160.4248053219726,159.48954018478616,159.48954018478616,159.48954018478616,159.2580254035811,159.2180357945026,159.2180357945026,158.25150591882903,158.25150591882903,158.25150591882903,150.24951693708135,150.00580501817058,150.00580501817058,148.40021628764225,148.2627005268214,147.75777361451946,147.65969796332865,147.65969796332865,147.64320711328037,147.61162016096932,147.58622288473452,147.58622288473452,147.54970451260215,147.26888236956074,147.18795341831628,146.52556859137712,146.44761412505522,146.42780939862223,145.68550424932164,145.51630144696992,145.27857657602272,144.99124109923468,144.89513701625583,144.89513701625583,144.70055590282027,144.63658802767895,143.96731809731045,143.82609025679903,143.82609025679903,143.37475926517436,142.2633508722838,142.2574483854778,142.21858791840077,142.21838711243163,141.94247212172831,141.90163835282237,141.75821574502334,141.74261531392312,141.52393326093897,140.9600446560089,140.39129895299448,140.31153152463958,140.29890625864027,140.03980743322518,139.8095420011541,139.75673090702912,139.5811447635524,139.47854200540678,139.47854200540678,139.0803586576585
main/engineering_PressureVessel/GWO/default/3,4450.373101694546,589.3368236849556,589.3368236849556,589.3368236849556,589.3368236849556,339.4085635796482,339.4085635796482,339.4085635796482,339.4085635796482,339.4085635796482,339.4085635796482,339.4085635796482,339.4085635796482,339.4085635796482,339.4085635796482,319.9252840722211,319.9252840722211,319.9252840722211,319.9252840722211,319.9252840722211,319.9252840722211,319.9252840722211,319.9252840722211,319.9252840722211,319.9252840722211,319.9252840722211,139.57993167491986,139.57993167491986,139.57993167491986,139.57993167491986,139.57993167491986,64.2550622958097,64.2550622958097,-12.269589144526435,-12.269589144526435,-12.269589144526435,-12.269589144526435,-12.269589144526435,-12.269589144526435,-12.269589144526435,-12.269589144526435,-12.269589144526435,-12.269589144526435,-12.269589144526435,-12.269589144526435,-12.269589144526435,-12.269589144526435,-12.269589144526435,-12.269589144526435,-12.269589144526435,-12.269589144526435,-12.269589144526435,-12.269589144526435,-12.269589144526435,-12.269589144526435,-12.269589144526435,-12.269589144526435,-12.269589144526435,-12.269589144526435,-12.269589144526435,-12.269589144526435,-12.269589144526435,-12.269589144526435,-12.269589144526435,-12.269589144526435,-16.87025164273109,-47.6804033126009,-47.6804033126009,-47.6804033126009,-47.6804033126009,-47.6804033126009,-47.6804033126009,-47.6804033126009,-63.84194175834091,-63.84194175834091,-63.84194175834091,-63.84194175834091,-63.84194175834091,-63.84194175834091,-63.84194175834091,-63.84194175834091,-63.84194175834091,-63.84194175834091,-63.84194175834091,-63.84194175834091,-63.84194175834091,-63.84194175834091,-87.10685846146316,-87.10685846146316,-87.10685846146316,-87.10685846146316,-91.5448704792343,-91.5448704792343,-91.5448704792343,-91.5448704792343,-91.5448704792343,-91.5448704792343,-91.5448704792343,-96.75322078590398,-97.4021833439765
main/engineering_PressureVessel/CA/default/3,2574.387665470047,839.307386116504,839.307386116504,730.6680345666982,585.71232119453,411.6447709318536,354.8347653854771,350.09565183208997,340.4233708653337,323.20180694799456,319.4202603547519,306.9784697012992,291.0672316341279,284.32947966813754,281.21368485779567,278.071769114722,277.11532921767866,234.48427736746362,221.49717611366214,218.54413874934835,215.11211988676314,215.0443639144023,215.0443639144023,215.0443639144023,215.0443639144023,215.0442722115622,215.0442722115622,198.7998596425041,175.3785455723455,165.23930189952716,165.23930189952716,123.40141601543473,121.5378859645898,121.5378859645898,120.69877566333616,120.69877566333616,120.69877566333616,120.69877566333616,112.98928408083884,99.08283209754245,94.3868266855452,65.6393754291521,63.6592407466087,62.435674168194964,56.69606500432019,50.89641124924947,48.8275926958986,48.591078508861756,48.52987950075385,48.52987950075385,48.52987950075385,48.52987950075385,48.52987950075385,48.52987950075385,44.41845826893859,43.00498545854225,43.00498545854225,43.00498545854225,42.85001793398624,42.694693264742455,42.38075668445617,42.00922466464817,41.31531106969851,40.11089490311133,38.91785070034439,38.7875818633629,38.7875818633629,38.66430596940063,38.66430596940063,38.564942010597406,35.39815363675916,22.40824905050249,22.37953940797979,21.031358112926682,18.965389052856153,18.954001291454915,18.510147298748052,16.70402692310654,10.731513621033628,10.728025628525756,10.728025628525756,10.320306363481905,-18.970447088495348,-27.731205430634873,-61.71324442002242,-66.08357748341223,-84.78420610413013,-91.01705524271529,-95.31069185518845,-96.91067990564807,-96.93614594409883,-96.98778265116471,-97.19125153684945,-97.19125153684945,-97.19426598502196,-97.21112678119243,-97.22432637115071,-97.2371558366167,-97.25969998252367,-97.25969998252367
main/engineering_PressureVessel/TFO/full/3,3225.3311929014017,1282.104723527189,628.5460647384398,628.5460647384398,628.5460647384398,586.4206590408885,456.4440405505138,350.4878484687024,261.7382350052667,261.7382350052667,261.7382350052667,261.7382350052667,261.7382350052667,261.7382350052667,261.7382350052667,261.7382350052667,240.6407751255756,240.6407751255756,240.6407751255756,240.6407751255756,240.6407751255756,240.6407751255756,240.6407751255756,123.62712537543212,123.62712537543212,123.62712537543212,123.62712537543212,123.62712537543212,84.9218863514252,84.9218863514252,84.9218863514252,84.9218863514252,84.9218863514252,84.9218863514252,84.9218863514252,84.9218863514252,2.901659441674383,2.901659441674383,2.901659441674383,2.901659441674383,2.901659441674383,2.901659441674383,2.901659441674383,2.901659441674383,2.901659441674383,2.901659441674383,2.901659441674383,2.901659441674383,2.901659441674383,2.901659441674383,2.901659441674383,2.901659441674383,2.901659441674383,2.901659441674383,2.901659441674383,2.901659441674383,2.901659441674383,2.901659441674383,2.901659441674383,2.901659441674383,2.901659441674383,2.901659441674383,2.901659441674383,2.901659441674383,2.901659441674383,2.901659441674383,2.901659441674383,2.901659441674383,2.901659441674383,2.901659441674383,2.901659441674383,-0.013916592130954086,-0.013916592130954086,-0.013916592130954086,-0.013916592130954086,-0.013916592130954086,-0.013916592130954086,-0.013916592130954086,-0.013916592130954086,-0.013916592130954086,-0.013916592130954086,-0.013916592130954086,-0.013916592130954086,-0.013916592130954086,-0.013916592130954086,-0.013916592130954086,-0.013916592130954086,-0.013916592130954086,-0.013916592130954086,-0.013916592130954086,-16.806713300688898,-16.806713300688898,-16.806713300688898,-16.806713300688898,-16.806713300688898,-47.21475888419445,-47.21475888419445,-47.21475888419445,-47.21475888419445,-47.21475888419445
main/engineering_PressureVessel/TFO-static/static/3,3225.3311929014017,1282.104723527189,628.5460647384398,628.5460647384398,628.5460647384398,586.4206590408885,456.4440405505138,350.4878484687024,261.7382350052667,261.7382350052667,261.7382350052667,261.7382350052667,261.7382350052667,261.7382350052667,261.7382350052667,261.7382350052667,206.0622363717639,40.558200246701745,40.558200246701745,40.558200246701745,40.558200246701745,40.558200246701745,40.558200246701745,40.558200246701745,40.558200246701745,40.558200246701745,40.558200246701745,40.558200246701745,40.558200246701745,40.558200246701745,40.558200246701745,40.558200246701745,40.558200246701745,40.558200246701745,40.558200246701745,40.558200246701745,40.558200246701745,40.558200246701745,40.558200246701745,40.558200246701745,40.558200246701745,40.558200246701745,40.558200246701745,40.558200246701745,40.558200246701745,40.558200246701745,40.558200246701745,40.558200246701745,40.558200246701745,40.558200246701745,40.558200246701745,40.558200246701745,40.558200246701745,40.558200246701745,40.558200246701745,40.558200246701745,40.558200246701745,40.558200246701745,40.558200246701745,40.558200246701745,40.558200246701745,40.558200246701745,40.558200246701745,40.558200246701745,40.558200246701745,10.43694677937583,10.43694677937583,-23.50118500273311,-23.50118500273311,-23.50118500273311,-23.50118500273311,-23.50118500273311,-23.50118500273311,-23.50118500273311,-23.50118500273311,-23.50118500273311,-23.50118500273311,-23.50118500273311,-23.50118500273311,-51.54703535696899,-51.54703535696899,-51.54703535696899,-51.54703535696899,-51.54703535696899,-51.54703535696899,-51.54703535696899,-51.54703535696899,-51.54703535696899,-51.54703535696899,-51.54703535696899,-51.54703535696899,-51.54703535696899,-51.54703535696899,-51.54703535696899,-51.54703535696899,-51.54703535696899,-57.46281127626298,-57.46281127626298,-57.46281127626298,-57.46281127626298
main/engineering_PressureVessel/WOA/default/3,7714.974599476507,7703.291866380028,7703.242470954854,7703.242241654703,7703.242083000807,7703.242073590232,7703.24207347341,7703.2420734396455,7703.242073439082,7703.242073439054,7703.242073438962,7703.242073438083,7703.242073434636,7703.242072706938,7703.242029263407,7703.241591490576,7703.239525699682,7703.236556839027,7703.231624235343,7703.1344910179705,7702.599454057245,7692.6050906069395,7680.179817752125,7671.6723010933,7671.606617511876,7671.606096075298,7671.605584983759,7671.541293174692,7669.882761237161,7417.914397301352,6744.855967305362,6743.990347358027,6743.985007518881,6743.984765732537,6743.984764089515,6743.984764088187,6743.984764088187,6743.984764088187,6743.984764088185,6743.984764088185,6743.984764088185,6743.984764088185,6743.984764088185,6743.984764088185,6743.984764088185,6743.984764088185,6743.984764088185,6743.984764088185,6743.984764088185,6743.984764088185,6743.984764088185,6743.984764088185,6743.984764088185,6743.984764088185,6743.984764088185,6743.984764088185,6743.984764088185,6743.984764088185,6743.984764088185,6743.984764088185,6743.984764088185,6743.984764088185,6743.984764088185,6743.984764088185,6743.984764088185,6743.984764088185,6743.984764088185,6743.984764088185,6743.984764088185,6743.984764088185,6743.984764088185,6743.984764088185,6743.984764088185,6743.984764088185,6743.984764088185,6743.984764088185,6743.984764088185,6743.984764088185,6743.984764088185,6743.984764088185,6743.984764088147,6743.984726875688,6743.984432511794,6743.984432511788,6743.984432509009,6743.984432333467,6743.984431558316,6743.984422327503,6743.9844223154305,6743.984422314676,6743.984422314663,6743.984422314661,6743.984422314661,6743.984422314652,6743.984422311343,6743.984418602015,6743.984418601953,6743.984418595985,6743.984418563126,6743.984418349926
main/engineering_PressureVessel/L-SHADE/default/3,3563.0083552551605,3563.0083552551605,3563.0083552551605,1991.1940977428085,1051.3919114782975,1051.3919114782975,1051.3919114782975,714.5715368279316,383.12478742342137,311.54305299196767,219.48347295837448,82.41420995983117,-2.096491459020399,-30.69705174579849,-37.70454911232082,-67.47731218544959,-84.08960933828985,-91.29183458137322,-91.99335084210179,-94.01295984701665,-94.92008696355333,-96.96693100579705,-97.49297600468071,-97.57914359527058,-97.66209778422672,-97.73617762495905,-97.78201142842772,-97.79515163800534,-97.8189770977142,-97.82990413624884,-97.83229322066654,-97.8331547323678,-97.83550730592287,-97.83627898125451,-97.83658545423168,-97.83665878855754,-97.83670527566028,-97.83671729506113,-97.83673076720515,-97.83673157899466,-97.83673531802197,-97.83673658706903,-97.83673666943014,-97.83673687038299,-97.83673698366692,-97.83673699643259,-97.83673699843621,-97.83673700740019,-97.83673701128464,-97.83673701268617,-97.83673701310818,-97.83673701313182,-97.83673701314729,-97.83673701315729,-97.8367370131582,-97.8367370131582,-97.8367370131582,-97.83673701315911,-97.83673701315911,-97.83673701315911,-97.83673701315911,-97.83673701315911,-97.83673701315911,-97.83673701315911,-97.83673701315911,-97.83673701315911,-97.83673701315911,-97.83673701315911,-97.83673701315911,-97.83673701315911,-97.83673701315911,-97.83673701315911,-97.83673701315911,-97.83673701315911,-97.83673701315911,-97.83673701315911,-97.83673701315911,-97.83673701315911,-97.83673701315911,-97.83673701315911,-97.83673701315911,-97.83673701315911,-97.83673701315911,-97.83673701315911,-97.83673701315911,-97.83673701315911,-97.83673701315911,-97.83673701315911,-97.83673701315911,-97.83673701315911,-97.83673701315911,-97.83673701315911,-97.83673701315911,-97.83673701315911,-97.83673701315911,-97.83673701315911,-97.83673701315911,-97.83673701315911,-97.83673701315911,-97.83673701315911
main/engineering_PressureVessel/CMA-ES (IPOP)/default/3,13.764056668699595,-71.66718475441394,-82.11392201378021,-85.69547266555037,-87.98129375236203,-89.06564037900444,-89.91328641848122,-90.64251500757564,-91.17342546953023,-91.76275636581795,-92.82366593666393,-93.4017534929526,-93.75182429936012,-93.99556705441864,-94.23594709575445,-94.36732553463935,-94.5248560352129,-94.72708961869739,-95.01209193939667,-95.21869337490716,-95.47595403206378,-95.57709220909237,-95.80909920524118,-96.03076654879987,-96.03076654879987,-96.03076654879987,-96.03076654879987,-96.03076654879987,-96.03076654879987,-96.03076654879987,-96.03076654879987,-96.03076654879987,-96.03076654879987,-96.42552435462858,-96.96814235114562,-97.18471940156451,-97.30073786653247,-97.40249718769337,-97.44357788032721,-97.50377727164323,-97.54440102971057,-97.57526932426208,-97.631137273288,-97.66727199275192,-97.71643711886372,-97.75106409848831,-97.77183786750811,-97.78624048058282,-97.78902154432035,-97.78902154432035,-97.78902154432035,-97.78902154432035,-97.78902154432035,-97.78902154432035,-97.78902154432035,-97.78902154432035,-97.78902154432035,-97.78902154432035,-97.78902154432035,-97.78902154432035,-97.78902154432035,-97.78902154432035,-97.78902154432035,-97.78902154432035,-97.78902154432035,-97.78902154432035,-97.78902154432035,-97.78902154432035,-97.78902154432035,-97.78902154432035,-97.78902154432035,-97.78902154432035,-97.78902154432035,-97.78902154432035,-97.78902154432035,-97.78902154432035,-97.78902154432035,-97.78902154432035,-97.78902154432035,-97.78902154432035,-97.78902154432035,-97.78902154432035,-97.78902154432035,-97.78902154432035,-97.78902154432035,-97.78902154432035,-97.78902154432035,-97.78902154432035,-97.78902154432035,-97.78902154432035,-97.78902154432035,-97.78902154432035,-97.78902154432035,-97.79124386029798,-97.79675534603484,-97.80172586764729,-97.80630351489435,-97.81098579980335,-97.8147191215312,-97.81740736086977
main/engineering_PressureVessel/GA/default/4,1559.2747965492126,1326.1229503251388,1141.8798446429882,1141.8798446429882,1141.2574735866729,1007.361076426474,999.3897349357712,985.4872646731847,909.9763981577216,900.3327255531485,900.3327255531485,900.3327255531485,900.3327255531485,900.3327255531485,900.3327255531485,900.3327255531485,900.3327255531485,897.9177698243584,897.9177698243584,897.9177698243584,897.9177698243584,888.9587155292966,888.9587155292966,888.9587155292966,888.9587155292966,888.9587155292966,887.962742869664,887.962742869664,887.962742869664,887.962742869664,887.962742869664,884.2872793751267,884.1413939948898,884.1413939948898,884.1413939948898,884.1413939948898,884.1413939948898,884.1413939948898,884.1413939948898,884.1413939948898,884.1413939948898,884.1413939948898,884.1413939948898,884.1413939948898,884.1413939948898,884.1413939948898,884.1413939948898,884.1413939948898,884.1253222733076,884.1247783712579,884.1247783712579,884.1247783712579,884.1247783712579,884.1247783712579,884.1247783712579,884.1247783712579,884.0801856590251,884.0801758645866,884.0801758645866,884.0801758645866,884.0801758645866,884.0801758645866,884.0801758645866,884.0801758645866,884.0801758645866,884.0801758645866,884.0801758645866,884.0801758645866,884.0801758645866,884.0801758645866,884.0801758645866,884.0679043039463,884.0679043039463,884.0679043039463,884.0679043039463,884.0679043039463,884.0679043039463,884.0679043039463,884.0679043039463,884.0679043039463,884.0679043039463,884.0679043039463,884.0679043039463,884.0679043039463,884.0679043039463,884.0679043039463,884.0679043039463,884.0679043039463,884.0679043039463,884.0679043039463,884.0679043039463,883.4743983258613,883.025650371912,881.3254466377257,881.3254466377257,881.1032912441033,881.1032912441033,881.1032912441033,881.1032912441033,881.1032912441033
main/engineering_PressureVessel/PSO/default/4,2420.2962480506903,2420.2962480506903,1528.4861555530779,1528.4861555530779,1462.3800153784987,812.4563611096328,812.4563611096328,812.4563611096328,812.4563611096328,812.4563611096328,809.8810502172673,809.8810502172673,687.070632238936,621.0228563862693,621.0228563862693,621.0228563862693,621.0228563862693,621.0228563862693,498.81787770744086,427.93649394826025,382.2702203465624,338.216454773381,307.1975587311581,300.2534564115458,295.7081864403017,295.7081864403017,295.7081864403017,295.7081864403017,295.7081864403017,286.2914723066642,279.1792893588763,279.1792893588763,279.1792893588763,279.1792893588763,279.1792893588763,275.84996673988735,274.3299143912873,272.08898639823565,270.20365287886943,269.7968544833984,269.7968544833984,269.7968544833984,268.8835269578576,268.8710642426022,268.61683546677796,268.61683546677796,268.43527451088903,263.68469200677464,263.68469200677464,263.3611745492217,261.9961966773535,261.9961966773535,261.59176828152795,257.546877857445,256.1043171614656,256.0062799147072,255.95031902021856,255.2875121468942,254.61051058825524,254.46134544787037,253.78989859221565,253.78989859221565,253.4859409207993,252.24862249050875,251.9406369604112,251.2560113020054,250.8125873269919,250.47031297371086,250.31795004432388,249.9457390383368,249.7384188415317,249.63126915992507,249.5841799316322,249.41685205827707,249.09823853497073,249.0351890634838,248.46398979508285,247.07048586045858,243.0802936962018,243.07995219261102,237.95166086504378,237.82124655249027,231.45524422057133,228.44478532533412,228.4432237132769,228.06584263312743,225.9135277905334,224.3233889971125,224.31446972834237,217.64545294139316,217.64545294139316,216.11134555857916,212.2003013255062,211.80625844816223,211.72724916234256,211.72614274170064,211.7261367487281,211.7261366426883,211.72613663912034,210.9306873583064
main/engineering_PressureVessel/CA/default/4,2254.8132673417313,1648.6135892862803,951.8242557800659,593.3322899281184,388.68328008114077,358.0204308399707,302.18680034539375,292.5255350103798,182.45582350630502,101.31722936644746,71.64194153293192,69.35810714909621,69.35810714909621,54.99188277262601,54.38774846931483,52.40279456091412,51.439661976685784,51.34771625191661,36.066372517715536,26.624405799891974,26.56421670463078,26.453402665536487,26.453402665536487,24.918131579627698,11.674983567962954,6.870646943933025,5.441964813041523,5.290181131032114,5.290181131032114,5.290181131032114,5.290181131032114,3.573799237991807,3.573799237991807,3.573799237991807,3.573799237991807,3.573799237991807,3.573799237991807,3.573799237991807,0.5624988581757862,0.36967447455663205,-0.2726995283337601,-1.6248008129714435,-1.7307945372886024,-2.1070648272989274,-2.1070648272989274,-2.4507749202502964,-3.407970220576317,-3.593472531144471,-4.828894201661569,-13.269413094971242,-13.269413094971242,-13.269413094971242,-14.08137988663293,-17.206168503146728,-17.308981724696423,-17.834477293920827,-35.74682957970799,-38.71137667232597,-41.56628601502598,-43.524093396879834,-43.687195661909755,-52.73878115815842,-54.544058666722776,-55.71368678462204,-55.71368678462204,-55.71368678462204,-55.71368678462204,-55.71368678462204,-56.027179462110325,-57.96101395570258,-65.64501884855417,-65.64501884855417,-68.82255545060161,-68.82255545060161,-69.10334308718302,-69.29905689034604,-69.29905689034604,-69.30337429670999,-69.30337429670999,-69.30337429670999,-69.46621034643977,-70.05939973709337,-70.19075511762549,-70.65573837616557,-70.713618918463,-70.72367158898942,-71.11432988116849,-71.51405170541693,-71.55563586022527,-71.55563586022527,-71.73113703086437,-71.73113703086437,-72.1597420906046,-72.22686460073874,-72.39946376490389,-72.399483335289,-72.60785127670079,-73.24333480877249,-73.40247536788593,-73.40247536788593
main/engineering_PressureVessel/GWO/default/4,3122.3856963655526,1410.636148852419,1410.636148852419,1410.636148852419,945.454407679852,945.454407679852,945.454407679852,873.9051577694454,873.9051577694454,873.9051577694454,873.9051577694454,873.9051577694454,644.4228441309715,644.4228441309715,644.4228441309715,644.4228441309715,644.4228441309715,403.6650113088108,403.6650113088108,403.6650113088108,403.6650113088108,403.6650113088108,403.6650113088108,403.6650113088108,403.6650113088108,403.6650113088108,403.6650113088108,403.6650113088108,228.52824505712033,228.52824505712033,228.52824505712033,228.52824505712033,228.52824505712033,228.52824505712033,228.52824505712033,228.52824505712033,228.52824505712033,150.91887452175524,-36.49866890764588,-36.49866890764588,-36.49866890764588,-36.49866890764588,-36.49866890764588,-36.49866890764588,-36.49866890764588,-36.49866890764588,-36.49866890764588,-36.49866890764588,-36.49866890764588,-36.49866890764588,-36.49866890764588,-67.85375491283503,-67.85375491283503,-67.85375491283503,-67.85375491283503,-67.85375491283503,-67.85375491283503,-67.85375491283503,-67.85375491283503,-67.85375491283503,-67.85375491283503,-67.85375491283503,-67.85375491283503,-67.85375491283503,-67.85375491283503,-67.85375491283503,-67.85375491283503,-67.85375491283503,-67.85375491283503,-67.85375491283503,-67.85375491283503,-67.85375491283503,-67.85375491283503,-67.85375491283503,-67.85375491283503,-67.85375491283503,-67.85375491283503,-67.85375491283503,-67.85375491283503,-67.85375491283503,-67.85375491283503,-67.85375491283503,-67.85375491283503,-67.85375491283503,-67.85375491283503,-67.85375491283503,-67.85375491283503,-76.81471530567796,-76.81471530567796,-76.81471530567796,-76.81471530567796,-76.81471530567796,-85.42712645025495,-85.42712645025495,-85.42712645025495,-85.42712645025495,-85.42712645025495,-95.7553850037757,-95.7553850037757,-96.81058775414203
main/engineering_PressureVessel/TFO/full/4,7467.943285627005,3728.9173677776507,1782.054946437238,890.7779345069857,760.0447445142972,760.0447445142972,524.00606870508,511.8402343205271,476.7410126988407,476.7410126988407,476.7410126988407,476.7410126988407,476.7410126988407,476.7410126988407,288.4325832041013,288.4325832041013,256.42726347434836,256.42726347434836,256.42726347434836,256.42726347434836,242.17352218642282,210.46147993995964,210.46147993995964,210.46147993995964,210.46147993995964,210.46147993995964,210.46147993995964,66.77316121073545,66.77316121073545,66.77316121073545,66.77316121073545,66.77316121073545,66.77316121073545,66.77316121073545,66.77316121073545,66.77316121073545,66.77316121073545,66.77316121073545,66.77316121073545,66.77316121073545,66.77316121073545,66.77316121073545,66.77316121073545,39.602240146947224,39.602240146947224,39.602240146947224,30.2582543374956,30.2582543374956,30.2582543374956,-7.333721460471679,-9.183437095032787,-9.183437095032787,-9.183437095032787,-9.183437095032787,-9.183437095032787,-9.183437095032787,-37.827598392108484,-37.827598392108484,-37.827598392108484,-37.827598392108484,-37.827598392108484,-37.827598392108484,-37.827598392108484,-65.14296853679843,-65.14296853679843,-65.14296853679843,-65.14296853679843,-65.14296853679843,-65.14296853679843,-65.14296853679843,-65.14296853679843,-65.14296853679843,-65.14296853679843,-65.14296853679843,-65.14296853679843,-65.14296853679843,-65.14296853679843,-65.14296853679843,-65.14296853679843,-65.14296853679843,-65.14296853679843,-65.14296853679843,-65.14296853679843,-65.14296853679843,-65.14296853679843,-65.14296853679843,-65.14296853679843,-65.14296853679843,-65.14296853679843,-65.14296853679843,-65.14296853679843,-65.14296853679843,-65.14296853679843,-65.14296853679843,-65.14296853679843,-65.14296853679843,-65.14296853679843,-65.14296853679843,-65.14296853679843,-68.26672502323618
main/engineering_PressureVessel/TFO-static/static/4,7467.943285627005,3728.9173677776507,1782.054946437238,890.7779345069857,760.0447445142972,760.0447445142972,524.00606870508,511.8402343205271,476.7410126988407,476.7410126988407,476.7410126988407,476.7410126988407,476.7410126988407,476.7410126988407,404.68278018551337,345.31245686201237,16.467461876087327,16.467461876087327,16.467461876087327,16.467461876087327,16.467461876087327,16.467461876087327,3.077328972187388,3.077328972187388,3.077328972187388,3.077328972187388,3.077328972187388,3.077328972187388,3.077328972187388,3.077328972187388,3.077328972187388,3.077328972187388,3.077328972187388,3.077328972187388,3.077328972187388,3.077328972187388,3.077328972187388,3.077328972187388,3.077328972187388,3.077328972187388,3.077328972187388,3.077328972187388,3.077328972187388,3.077328972187388,3.077328972187388,3.077328972187388,3.077328972187388,3.077328972187388,3.077328972187388,3.077328972187388,3.077328972187388,3.077328972187388,3.077328972187388,3.077328972187388,3.077328972187388,3.077328972187388,3.077328972187388,3.077328972187388,3.077328972187388,3.077328972187388,3.077328972187388,-2.080339487118181,-2.080339487118181,-16.723689382005432,-16.723689382005432,-16.723689382005432,-16.723689382005432,-16.723689382005432,-16.723689382005432,-16.723689382005432,-16.723689382005432,-16.723689382005432,-16.723689382005432,-16.723689382005432,-16.723689382005432,-16.723689382005432,-16.723689382005432,-16.723689382005432,-16.723689382005432,-16.723689382005432,-16.723689382005432,-57.104035839370226,-57.104035839370226,-57.104035839370226,-57.104035839370226,-69.20722644334637,-69.20722644334637,-69.20722644334637,-69.20722644334637,-69.20722644334637,-69.20722644334637,-69.20722644334637,-69.20722644334637,-69.20722644334637,-69.20722644334637,-71.21064225456757,-71.21064225456757,-71.21064225456757,-72.67578684886576,-78.13827177730764
main/engineering_PressureVessel/WOA/default/4,4075.6757346799277,4075.5668786453753,4075.4753016687573,4075.4641639330966,4075.4638826838436,4075.46387151365,4075.4638680322914,4075.463867627408,4075.4638676073246,4075.4638676058203,4075.4638676056347,4075.4638676030063,4075.463867564402,4075.4638674325906,4075.46386703638,4075.463865967824,4075.4638481790353,4075.463755523173,4075.462267441164,4075.4587620858165,4075.4545906647236,4075.4508549281854,4075.440050008101,4075.38696595681,4075.311662824255,4074.6872549267136,4066.7740659493757,2449.6241439833375,1090.9514816352093,1085.785684544283,1085.7467386838462,1085.7324263388991,1085.730703629104,1085.730371637771,1085.7303021448479,1085.730252730048,1085.730252282271,1085.730252202431,1085.730252199799,1085.7302521997208,1085.7302521992397,1085.7302521992233,1085.7302521992233,1085.7302521992233,1085.7302521992233,1085.7302521992233,1085.7302521992233,1085.7302521992233,1085.7302521992233,1085.7302521992233,1085.7302521992233,1085.7302521992233,1085.7302521992233,1085.7302521992233,1085.7302521992233,1085.7302521992233,1085.7302521992233,1085.7302521992224,1085.7302521992224,1085.7302521992224,1085.7302521992224,1085.7302521992224,1085.7302521992224,1085.7302521992224,1085.7302521992224,1085.7302521992224,1085.7302521992224,1085.7302521992224,1085.7302521992224,1085.7302521992224,1085.7302521992224,1085.7302521992224,1085.7302521992224,1085.7302521992224,1085.7302521992224,1085.7302521992224,1085.7302521992224,1085.7302521992224,1085.7302521992224,1085.7302521992224,1085.7302521992224,1085.7302521992224,1085.7302521992224,1085.7302521992224,1085.7302521992224,1085.7302521992224,1085.7302521992224,1085.7302521992224,1085.7302521992224,1085.7302521992224,1085.7302521992224,1085.7302521992224,1085.7302521992224,1085.7302521992224,1085.7302521992224,1085.7302521992224,1085.7302521992224,1085.7302521992224,1085.7302521992224,1085.7302521992224
main/engineering_PressureVessel/L-SHADE/default/4,9934.641706542476,2449.251708066484,2402.322420307253,789.1912696574527,789.1912696574527,789.1912696574527,593.3395130973695,380.4189792947427,245.29393966599855,193.5633601943473,114.63402593783485,-18.871744633909657,-45.37098114832952,-63.88730753561322,-85.0158094515582,-85.0158094515582,-93.02714534037477,-94.27555952734201,-97.12054851709763,-97.53408190834216,-97.53408190834216,-97.68996438324393,-97.68996438324393,-97.81142783319592,-97.81142783319592,-97.82183172154328,-97.82980605673401,-97.83459928161574,-97.83459928161574,-97.83505251085353,-97.83578970033886,-97.8363606148032,-97.83647397254572,-97.83659983917823,-97.83672731785555,-97.83672796852443,-97.836732762049,-97.8367349981445,-97.83673618950252,-97.83673656492738,-97.83673680094853,-97.83673688128056,-97.8367369669104,-97.83673700147938,-97.83673700607869,-97.83673700983218,-97.83673701287262,-97.83673701296084,-97.83673701302905,-97.83673701314638,-97.83673701314638,-97.83673701314729,-97.83673701315547,-97.83673701315638,-97.8367370131582,-97.8367370131582,-97.83673701315911,-97.83673701315911,-97.83673701315911,-97.83673701315911,-97.83673701315911,-97.83673701315911,-97.83673701315911,-97.83673701315911,-97.83673701315911,-97.83673701315911,-97.83673701315911,-97.83673701315911,-97.83673701315911,-97.83673701315911,-97.83673701315911,-97.83673701315911,-97.83673701315911,-97.83673701315911,-97.83673701315911,-97.83673701315911,-97.83673701315911,-97.83673701315911,-97.83673701315911,-97.83673701315911,-97.83673701315911,-97.83673701315911,-97.83673701315911,-97.83673701315911,-97.83673701315911,-97.83673701315911,-97.83673701315911,-97.83673701315911,-97.83673701315911,-97.83673701315911,-97.83673701315911,-97.83673701315911,-97.83673701315911,-97.83673701315911,-97.83673701315911,-97.83673701315911,-97.83673701315911,-97.83673701315911,-97.83673701315911,-97.83673701315911
main/engineering_PressureVessel/CMA-ES (IPOP)/default/4,2723.286603853725,1125.7331739412466,534.429465875618,334.4647964781507,290.3416900125121,257.70163952283474,224.665130836338,189.7433801085117,119.66420566344095,83.03311206756916,33.69730850019096,-7.321075422999456,-43.25956463393322,-56.122163375344826,-71.23006899405027,-78.6401800362546,-80.14253304670092,-82.8067571349784,-85.87580917989726,-86.93905327866105,-88.29943751562678,-90.29150183289221,-91.08480902064184,-91.59713023452514,-91.874060737121,-91.874060737121,-91.874060737121,-91.874060737121,-91.874060737121,-91.874060737121,-91.874060737121,-92.64960186328153,-94.39614041496043,-95.272753396398,-95.81134385902442,-96.26109985372113,-96.65331401685035,-96.9454787733439,-97.1531926472926,-97.32497956855605,-97.36781141746906,-97.4535704592854,-97.4917723724393,-97.53725328885048,-97.57708757644014,-97.62032172735508,-97.6517173041766,-97.6766377506874,-97.6766377506874,-97.6766377506874,-97.6766377506874,-97.6766377506874,-97.6766377506874,-97.6766377506874,-97.6766377506874,-97.6766377506874,-97.6766377506874,-97.6766377506874,-97.6766377506874,-97.6766377506874,-97.6766377506874,-97.6766377506874,-97.6766377506874,-97.6766377506874,-97.6766377506874,-97.6766377506874,-97.6766377506874,-97.6766377506874,-97.6766377506874,-97.6766377506874,-97.6766377506874,-97.6766377506874,-97.6766377506874,-97.6766377506874,-97.6766377506874,-97.6766377506874,-97.6766377506874,-97.6766377506874,-97.6766377506874,-97.6766377506874,-97.6766377506874,-97.6766377506874,-97.6766377506874,-97.6766377506874,-97.6766377506874,-97.6766377506874,-97.6766377506874,-97.6766377506874,-97.6766377506874,-97.6766377506874,-97.6766377506874,-97.6766377506874,-97.6766377506874,-97.6766377506874,-97.6766377506874,-97.6766377506874,-97.6766377506874,-97.6766377506874,-97.6766377506874,-97.6766377506874
main/engineering_SpeedReducer/GA/default/0,6.8218903220831635,0.025848193294223165,-0.819783657676453,-0.8299126385086311,-0.8349168538966296,-0.834916970440645,-0.8356026040592042,-0.835724395667512,-0.835724765035593,-0.8357303797101849,-0.8357376825160827,-0.8357376825160827,-0.8357392626749061,-0.8357392626749061,-0.8357392626749061,-0.8357409102295605,-0.8357412124487382,-0.8357419924673195,-0.83574205846935,-0.83574205846935,-0.8357420607180757,-0.8357420665511199,-0.8357420669503881,-0.8357420669503881,-0.8357420669503881,-0.8357420669503881,-0.8357420701322553,-0.8357420701322553,-0.8357420701322553,-0.8357421049377081,-0.8357421049377081,-0.8357421049377081,-0.835742131304869,-0.835742131304869,-0.8357421335563231,-0.8357421338887434,-0.8357421396353857,-0.8357421405989953,-0.8357421463551873,-0.8357421463551873,-0.8357421463551873,-0.8357421476548552,-0.835742156355991,-0.835742156355991,-0.835742156355991,-0.835742156355991,-0.835742156355991,-0.835742156355991,-0.835742156355991,-0.835742156355991,-0.835742156355991,-0.835742156355991,-0.835742156355991,-0.835742156355991,-0.835742156355991,-0.835742156355991,-0.835742156355991,-0.835742156355991,-0.835742156355991,-0.835742156355991,-0.835742156355991,-0.835742156355991,-0.835742156355991,-0.835742156355991,-0.835742156355991,-0.8357421619061824,-0.8357421624655217,-0.8357421624655217,-0.8357421624655217,-0.8357421624655217,-0.8357421624655217,-0.8357421624655217,-0.8357421624655217,-0.8357421624655217,-0.8357421624655217,-0.8357421624655217,-0.8357421624655217,-0.8357421624655217,-0.8357421625396455,-0.8357421625446477,-0.8357421625446477,-0.8357421632581463,-0.8357421632581463,-0.8357421633045305,-0.8357421633045305,-0.8357421633045305,-0.8357421633045305,-0.8357421641644578,-0.8357421641644578,-0.8357421641644578,-0.8357421641644578,-0.8357421641644578,-0.8357421641644578,-0.8357421641644578,-0.8357421641644578,-0.8357421641717337,-0.8357421641717337,-0.8357421641717337,-0.8357421641717337,-0.8357421644172973
main/engineering_SpeedReducer/PSO/default/0,14.05978504105633,14.05978504105633,14.05978504105633,14.05978504105633,13.273415542576004,13.273415542576004,13.141923418429087,13.13774065555981,13.13774065555981,12.843723599276927,12.366507273598927,12.294607120077217,12.273215457798415,12.273215457798415,12.273215457798415,12.250147665093664,12.198108999231408,12.189862885030834,12.189862885030834,12.167335043971434,12.167335043971434,12.162912913066975,12.1571774185104,12.1571774185104,12.15680986048983,12.156717881320219,12.156660946754073,12.15666080026267,12.156660784316955,12.156660784316955,12.156660754854329,12.156660745786212,12.156660744568853,12.15666074344199,12.156660743374232,12.156660743345128,12.15666074334058,12.156660743336488,12.156660743336033,12.156660743335578,12.156660743335578,12.156660743335578,12.156660743335578,12.156660743335578,12.156660743335578,12.156660743335578,12.156660743335578,12.156660743335578,12.156660743335578,12.156660743335578,12.156660743335578,12.156660743335578,12.156660743335578,12.156660743335578,12.156660743335578,12.156660743335578,12.156660743335578,12.156660743335578,12.156660743335578,12.156660743335578,12.156660743335578,12.156660743335578,12.156660743335578,12.156660743335578,12.156660743335578,12.156660743335578,12.156660743335578,12.156660743335578,12.156660743335578,12.156660743335578,12.156660743335578,12.156660743335578,12.156660743335578,12.156660743335578,12.156660743335578,12.156660743335578,12.156660743335578,12.156660743335578,12.156660743335578,12.156660743335578,12.156660743335578,12.156660743335578,12.156660743335578,12.156660743335578,12.156660743335578,12.156660743335578,12.156660743335578,12.156660743335578,12.156660743335578,12.156660743335578,12.156660743335578,12.156660743335578,12.156660743335578,12.156660743335578,12.156660743335578,12.156660743335578,12.156660743335578,12.156660743335578,12.156660743335578,12.156660743335578
main/engineering_SpeedReducer/GWO/default/0,109.20190497479916,65.52074713546017,42.222318766695935,42.222318766695935,42.222318766695935,42.222318766695935,42.222318766695935,42.222318766695935,42.222318766695935,42.222318766695935,42.222318766695935,37.91577796599768,37.91577796599768,21.34040262637609,21.34040262637609,21.34040262637609,21.34040262637609,21.34040262637609,18.436385308965782,18.436385308965782,18.436385308965782,18.436385308965782,18.436385308965782,18.436385308965782,18.436385308965782,18.436385308965782,18.436385308965782,18.436385308965782,18.436385308965782,18.436385308965782,18.436385308965782,18.436385308965782,18.436385308965782,18.436385308965782,18.436385308965782,18.436385308965782,18.436385308965782,18.436385308965782,18.436385308965782,18.436385308965782,18.436385308965782,18.436385308965782,18.436385308965782,18.436385308965782,18.436385308965782,18.436385308965782,18.436385308965782,18.436385308965782,18.436385308965782,18.436385308965782,18.436385308965782,13.74121675227434,13.74121675227434,13.005452122466977,13.005452122466977,13.005452122466977,11.696574721587695,11.696574721587695,11.696574721587695,10.287077257630244,10.047616297355034,10.047616297355034,9.145506505878984,9.145506505878984,7.492442422566455,7.492442422566455,6.476307070957773,6.476307070957773,6.476307070957773,6.476307070957773,6.476307070957773,6.476307070957773,5.786645747381044,5.786645747381044,5.786645747381044,5.786645747381044,5.786645747381044,5.786645747381044,5.786645747381044,5.786645747381044,5.786645747381044,5.786645747381044,4.511881985428772,4.511881985428772,4.511881985428772,4.27084172271725,4.27084172271725,4.27084172271725,3.8188495457670797,3.8188495457670797,3.8188495457670797,3.8188495457670797,3.8188495457670797,3.8188495457670797,3.541927584577479,3.541927584577479,3.541927584577479,3.2190791651796644,3.1320679410969205,2.9665662788211193
main/engineering_SpeedReducer/CA/default/0,51.56027611954414,15.995856977665426,-0.49323648501149364,-0.6976684602118439,-0.8156200259331854,-0.8174346415853506,-0.8310172663718731,-0.832441038500292,-0.8348379931153431,-0.8353660370817124,-0.8356279586650999,-0.8356947661818594,-0.8357248636334589,-0.8357374974311824,-0.8357390693222442,-0.835741068257903,-0.8357414312008586,-0.8357420841193743,-0.835742124083481,-0.8357421262248863,-0.8357421570317456,-0.8357421605724085,-0.8357421630853423,-0.8357421638324922,-0.8357421646533112,-0.8357421646533112,-0.8357421646774128,-0.8357421647551746,-0.8357421647615411,-0.8357421647615411,-0.8357421647660885,-0.8357421647683623,-0.835742164770636,-0.8357421647729097,-0.8357421647733645,-0.835742164774274,-0.835742164774274,-0.8357421647747287,-0.8357421647747287,-0.8357421647751835,-0.8357421647751835,-0.8357421647751835,-0.8357421647751835,-0.8357421647751835,-0.8357421647751835,-0.8357421647751835,-0.8357421647751835,-0.8357421647751835,-0.8357421647751835,-0.8357421647751835,-0.8357421647751835,-0.8357421647751835,-0.8357421647751835,-0.8357421647756382,-0.8357421647756382,-0.8357421647756382,-0.8357421647756382,-0.8357421647756382,-0.8357421647756382,-0.8357421647756382,-0.8357421647756382,-0.8357421647756382,-0.8357421647756382,-0.8357421647756382,-0.8357421647756382,-0.8357421647756382,-0.8357421647756382,-0.8357421647756382,-0.8357421647756382,-0.8357421647756382,-0.8357421647756382,-0.8357421647756382,-0.8357421647756382,-0.8357421647756382,-0.8357421647756382,-0.8357421647756382,-0.8357421647756382,-0.8357421647756382,-0.8357421647756382,-0.8357421647756382,-0.8357421647756382,-0.8357421647756382,-0.8357421647756382,-0.8357421647756382,-0.8357421647756382,-0.8357421647756382,-0.8357421647756382,-0.8357421647756382,-0.8357421647756382,-0.8357421647756382,-0.8357421647756382,-0.8357421647756382,-0.8357421647756382,-0.8357421647756382,-0.8357421647756382,-0.8357421647756382,-0.8357421647756382,-0.8357421647756382,-0.8357421647756382,-0.8357421647756382
main/engineering_SpeedReducer/TFO/full/0,113.75103350171457,55.06782291034324,23.068307825739794,19.16167623258798,12.876213598397044,11.852049253122004,9.95503639133949,6.976620737990743,6.976620737990743,6.976620737990743,6.5331929618614595,4.648768831619236,4.648768831619236,4.648768831619236,4.242841230345675,4.198700000643839,4.120043512297798,2.392806596133596,2.392806596133596,2.2419096873109083,1.2350810195393933,1.2350810195393933,1.231830585865282,0.9181476668036339,0.917927965603667,0.7831195725002544,0.5661730916394845,0.40023035892272674,0.40023035892272674,0.40023035892272674,0.40016678086522006,0.40016678086522006,0.40016678086522006,0.36938249504373744,0.36938249504373744,0.1980163659900427,0.19108337838224543,0.19108337838224543,0.19108337838224543,0.1352110049656403,0.1352110049656403,0.1352110049656403,0.07404233678335004,0.07404233678335004,0.07404233678335004,0.07404233678335004,-0.5117964374617259,-0.5117964374617259,-0.5117964374617259,-0.5117964374617259,-0.5117964374617259,-0.5314611098092428,-0.5314611098092428,-0.5314611098092428,-0.5314611098092428,-0.5314611098092428,-0.5629107740451218,-0.5629119763470953,-0.5629119763470953,-0.5629119763470953,-0.5629124015040361,-0.5629124015040361,-0.5629124015040361,-0.6756786242767703,-0.6756786242767703,-0.6756786242767703,-0.6836244066148538,-0.6836244066148538,-0.6836244066148538,-0.6836244066148538,-0.6836244066148538,-0.6836244066148538,-0.6836244066148538,-0.6836244066148538,-0.6836244066148538,-0.7482814132004023,-0.7482814132004023,-0.7482814132004023,-0.7752450909715662,-0.7752450909715662,-0.7752450909715662,-0.7782706568846152,-0.7782706568846152,-0.7782706568846152,-0.8027466939602164,-0.8027466939602164,-0.8027466939602164,-0.8030686290730955,-0.8030686290730955,-0.8030686290730955,-0.8030686290730955,-0.8030686290730955,-0.8030686290730955,-0.8040348224062654,-0.8040348224062654,-0.8040348224062654,-0.8124753605775368,-0.8124753605775368,-0.8124753605775368,-0.8150420268334528
main/engineering_SpeedReducer/TFO-static/static/0,113.75103350171457,55.06782291034324,23.068307825739794,19.16167623258798,12.876213598397044,11.852049253122004,9.95503639133949,6.976620737990743,6.976620737990743,6.976620737990743,6.5331929618614595,4.648768831619236,4.648768831619236,4.648768831619236,4.648768831619236,4.648768831619236,4.648768831619236,3.2363623785636264,3.2363623785636264,0.6126077057256225,0.5438018290128639,0.5438018290119544,0.5438018290119544,0.5438018290110449,0.5438018290110449,0.5438018290110449,0.5438018290110449,0.5438018290110449,0.5438018290110449,-0.184850191491023,-0.26534356283991656,-0.26534356283991656,-0.26534356283991656,-0.26534356283991656,-0.26534356283991656,-0.26534356283991656,-0.26534356283991656,-0.26534356283991656,-0.26534356283991656,-0.26534356283991656,-0.26534356283991656,-0.26534356283991656,-0.26534356283991656,-0.26534356283991656,-0.26534356283991656,-0.26534356283991656,-0.26534356283991656,-0.26534356283991656,-0.26534356283991656,-0.26534356283991656,-0.26534356283991656,-0.26534356283991656,-0.26534356283991656,-0.26534356283991656,-0.26534356283991656,-0.2653435628412808,-0.2653435628412808,-0.2653435628412808,-0.2653435628412808,-0.2653435628412808,-0.2653435628412808,-0.2653435628412808,-0.2653435628412808,-0.2653435628412808,-0.2653435628412808,-0.2653435628412808,-0.2653435628412808,-0.2653435628412808,-0.2653435628412808,-0.2653435628412808,-0.2653435628412808,-0.2653435628412808,-0.2653435628412808,-0.2653435628412808,-0.2653435628412808,-0.2653435628412808,-0.2653435628412808,-0.2653435628412808,-0.2653435628412808,-0.2653435628412808,-0.2653435628412808,-0.2653435628412808,-0.2653435628412808,-0.2653435628412808,-0.2653435628412808,-0.2653435628412808,-0.2653435628412808,-0.2653435628412808,-0.2653435628412808,-0.2653435628412808,-0.2653435628412808,-0.2653435628412808,-0.2653435628412808,-0.2653435628412808,-0.2653435628412808,-0.2653435628412808,-0.2653435628412808,-0.29265026848997877,-0.34014732718014784,-0.34014732718014784
main/engineering_SpeedReducer/WOA/default/0,33.24984889894631,6.497005425775569,6.443598440966525,6.404433520779548,6.215985729541899,-0.4627851414716133,-0.7686557828938021,-0.8208030880359729,-0.8349144161616096,-0.8356693605833243,-0.8356704527109287,-0.8356767633804338,-0.8357243862155883,-0.8357386984066579,-0.8357404970720381,-0.8357419345529706,-0.8357421205309947,-0.8357421629680175,-0.8357421635482751,-0.83574216421448,-0.8357421642153895,-0.8357421642153895,-0.8357421642153895,-0.8357421642153895,-0.8357421642153895,-0.8357421642153895,-0.8357421642153895,-0.8357421642153895,-0.8357421642153895,-0.8357421642153895,-0.8357421642153895,-0.8357421642153895,-0.8357421642158442,-0.8357421642158442,-0.8357421642158442,-0.8357421642158442,-0.8357421642158442,-0.8357421642158442,-0.8357421642158442,-0.8357421642158442,-0.8357421642158442,-0.8357421642890586,-0.8357421644486749,-0.8357421644491296,-0.8357421644491296,-0.8357421644491296,-0.8357421644491296,-0.8357421644491296,-0.8357421644491296,-0.8357421644491296,-0.8357421644491296,-0.8357421644491296,-0.8357421644491296,-0.8357421644491296,-0.8357421644491296,-0.8357421644491296,-0.8357421644491296,-0.8357421644491296,-0.8357421644491296,-0.8357421644491296,-0.8357421644491296,-0.8357421644491296,-0.8357421644491296,-0.8357421644491296,-0.8357421644491296,-0.8357421644491296,-0.8357421644491296,-0.8357421644491296,-0.8357421644491296,-0.8357421644491296,-0.8357421644491296,-0.8357421644491296,-0.8357421644491296,-0.8357421644491296,-0.8357421644491296,-0.8357421644491296,-0.8357421644491296,-0.8357421644491296,-0.8357421644491296,-0.8357421644996066,-0.8357421647210685,-0.835742164725616,-0.8357421647260708,-0.8357421647260708,-0.8357421647260708,-0.8357421647260708,-0.8357421647260708,-0.8357421647260708,-0.8357421647260708,-0.8357421647260708,-0.8357421647260708,-0.8357421647260708,-0.8357421647260708,-0.8357421647260708,-0.8357421647260708,-0.8357421647260708,-0.8357421647265255,-0.8357421647265255,-0.8357421647265255,-0.8357421647265255
main/engineering_SpeedReducer/L-SHADE/default/0,203.47052507952912,93.99629706500946,62.0656068489393,24.98269829726769,24.98269829726769,9.019530637355729,6.75098474752258,3.805174238975269,2.9119185685763114,1.7346602903498933,0.3946351087433868,0.17737814485462877,-0.29985267168967766,-0.49574374371923113,-0.733309801993073,-0.777617459180874,-0.8165099038978951,-0.8313328110252769,-0.8338606177258043,-0.8352757986103825,-0.8355403377690891,-0.8356092231992989,-0.8356938790457207,-0.8357220802836309,-0.8357368197657706,-0.8357398855350766,-0.8357411032238815,-0.8357416183544046,-0.8357420507622919,-0.8357421328428245,-0.8357421471991984,-0.8357421591572347,-0.8357421635619176,-0.8357421643813723,-0.835742164637395,-0.8357421647142473,-0.8357421647579031,-0.835742164770636,-0.8357421647733645,-0.8357421647738192,-0.8357421647747287,-0.8357421647751835,-0.8357421647751835,-0.8357421647751835,-0.8357421647751835,-0.8357421647751835,-0.8357421647751835,-0.8357421647751835,-0.8357421647751835,-0.8357421647751835,-0.8357421647751835,-0.8357421647751835,-0.8357421647756382,-0.8357421647756382,-0.8357421647756382,-0.8357421647756382,-0.8357421647756382,-0.8357421647756382,-0.8357421647756382,-0.8357421647756382,-0.8357421647756382,-0.8357421647756382,-0.8357421647756382,-0.8357421647756382,-0.8357421647756382,-0.8357421647756382,-0.8357421647756382,-0.8357421647756382,-0.8357421647756382,-0.8357421647756382,-0.8357421647756382,-0.8357421647756382,-0.8357421647756382,-0.8357421647756382,-0.8357421647756382,-0.8357421647756382,-0.8357421647756382,-0.8357421647756382,-0.8357421647756382,-0.8357421647756382,-0.8357421647756382,-0.8357421647756382,-0.8357421647756382,-0.8357421647756382,-0.8357421647756382,-0.8357421647756382,-0.8357421647756382,-0.8357421647756382,-0.8357421647756382,-0.8357421647756382,-0.8357421647756382,-0.8357421647756382,-0.8357421647756382,-0.8357421647756382,-0.8357421647756382,-0.8357421647756382,-0.8357421647756382,-0.8357421647756382,-0.8357421647756382,-0.8357421647756382
main/engineering_SpeedReducer/CA/default/1,50.066519369999696,7.858921734135038,1.2545486502654057,-0.6254816257546736,-0.7970173086509931,-0.8262304227873756,-0.8324763170644474,-0.8350112872931277,-0.8357314884710831,-0.8357314884710831,-0.8357329459495304,-0.8357407922740094,-0.8357418596906427,-0.8357420635011295,-0.835742135122473,-0.8357421412001713,-0.8357421598598194,-0.8357421623800292,-0.8357421637952029,-0.8357421644464011,-0.8357421645500835,-0.8357421646996954,-0.8357421647638148,-0.8357421647638148,-0.835742164774274,-0.8357421647747287,-0.8357421647747287,-0.8357421647747287,-0.8357421647751835,-0.8357421647751835,-0.8357421647751835,-0.8357421647751835,-0.8357421647751835,-0.8357421647751835,-0.8357421647751835,-0.8357421647751835,-0.8357421647751835,-0.8357421647751835,-0.8357421647751835,-0.8357421647751835,-0.8357421647751835,-0.8357421647751835,-0.8357421647751835,-0.8357421647751835,-0.8357421647751835,-0.8357421647751835,-0.8357421647751835,-0.8357421647751835,-0.8357421647751835,-0.8357421647751835,-0.8357421647751835,-0.8357421647751835,-0.8357421647751835,-0.8357421647751835,-0.8357421647751835,-0.8357421647751835,-0.8357421647751835,-0.8357421647751835,-0.8357421647751835,-0.8357421647751835,-0.8357421647751835,-0.8357421647751835,-0.8357421647751835,-0.8357421647751835,-0.8357421647751835,-0.8357421647751835,-0.8357421647751835,-0.8357421647751835,-0.8357421647751835,-0.8357421647751835,-0.8357421647751835,-0.8357421647751835,-0.8357421647751835,-0.8357421647751835,-0.8357421647751835,-0.8357421647751835,-0.8357421647751835,-0.8357421647751835,-0.8357421647751835,-0.8357421647751835,-0.8357421647751835,-0.8357421647751835,-0.8357421647751835,-0.8357421647751835,-0.8357421647751835,-0.8357421647751835,-0.8357421647751835,-0.8357421647751835,-0.8357421647751835,-0.8357421647751835,-0.8357421647751835,-0.8357421647751835,-0.8357421647751835,-0.8357421647751835,-0.8357421647751835,-0.8357421647751835,-0.8357421647751835,-0.8357421647751835,-0.8357421647751835,-0.8357421647751835
main/engineering_SpeedReducer/CMA-ES (IPOP)/default/0,15.896000475438541,6.94129907711158,-0.8354301083440987,-0.8357421646919647,-0.8357421647747287,-0.8357421647747287,-0.8357421647747287,-0.8357421647747287,-0.8357421647747287,-0.8357421647751835,-0.8357421647751835,-0.8357421647751835,-0.8357421647751835,-0.8357421647751835,-0.8357421647751835,-0.8357421647751835,-0.8357421647751835,-0.8357421647751835,-0.8357421647751835,-0.8357421647751835,-0.8357421647751835,-0.8357421647751835,-0.8357421647751835,-0.8357421647751835,-0.8357421647751835,-0.8357421647751835,-0.8357421647751835,-0.8357421647751835,-0.8357421647751835,-0.8357421647751835,-0.8357421647751835,-0.8357421647751835,-0.8357421647751835,-0.8357421647751835,-0.8357421647751835,-0.8357421647751835,-0.8357421647751835,-0.8357421647751835,-0.8357421647751835,-0.8357421647751835,-0.8357421647751835,-0.8357421647751835,-0.8357421647751835,-0.8357421647751835,-0.8357421647751835,-0.8357421647751835,-0.8357421647751835,-0.8357421647751835,-0.8357421647751835,-0.8357421647751835,-0.8357421647751835,-0.8357421647751835,-0.8357421647751835,-0.8357421647751835,-0.8357421647751835,-0.8357421647751835,-0.8357421647751835,-0.8357421647751835,-0.8357421647751835,-0.8357421647751835,-0.8357421647751835,-0.8357421647751835,-0.8357421647751835,-0.8357421647751835,-0.8357421647751835,-0.8357421647751835,-0.8357421647751835,-0.8357421647751835,-0.8357421647751835,-0.8357421647751835,-0.8357421647751835,-0.8357421647751835,-0.8357421647751835,-0.8357421647751835,-0.8357421647751835,-0.8357421647751835,-0.8357421647751835,-0.8357421647751835,-0.8357421647751835,-0.8357421647751835,-0.8357421647751835,-0.8357421647751835,-0.8357421647751835,-0.8357421647751835,-0.8357421647751835,-0.8357421647751835,-0.8357421647751835,-0.8357421647751835,-0.8357421647751835,-0.8357421647751835,-0.8357421647751835,-0.8357421647751835,-0.8357421647751835,-0.8357421647751835,-0.8357421647751835,-0.8357421647751835,-0.8357421647751835,-0.8357421647751835,-0.8357421647751835,-0.8357421647751835
main/engineering_SpeedReducer/GA/default/1,14.829722524717909,1.4331831808881361,-0.6768784762462019,-0.8118963091242222,-0.8356319400686516,-0.8357344289752291,-0.8357344289752291,-0.8357373822113914,-0.8357414332049302,-0.83574158362444,-0.83574158362444,-0.83574158362444,-0.8357416193298377,-0.8357416197031853,-0.8357417677621015,-0.8357421282216819,-0.8357421282216819,-0.8357421282216819,-0.8357421282216819,-0.8357421282216819,-0.8357421282216819,-0.8357421282216819,-0.8357421397863618,-0.8357421397863618,-0.8357421397863618,-0.835742146870416,-0.835742146870416,-0.8357421468772372,-0.8357421468772372,-0.8357421492637513,-0.8357421492637513,-0.8357421492637513,-0.8357421492637513,-0.8357421492637513,-0.8357421596911081,-0.8357421604641786,-0.835742160483278,-0.835742160483278,-0.8357421622581569,-0.8357421633772901,-0.8357421633772901,-0.8357421633772901,-0.8357421633772901,-0.8357421633772901,-0.8357421633772901,-0.8357421633772901,-0.8357421634127604,-0.8357421634127604,-0.8357421634127604,-0.8357421634127604,-0.8357421634127604,-0.8357421634127604,-0.8357421634127604,-0.8357421634127604,-0.8357421634127604,-0.8357421634127604,-0.8357421634127604,-0.8357421634127604,-0.8357421634127604,-0.8357421634127604,-0.8357421639771019,-0.8357421639771019,-0.8357421639771019,-0.8357421639771019,-0.8357421641867404,-0.8357421641867404,-0.8357421641867404,-0.8357421641867404,-0.8357421645855538,-0.8357421646283001,-0.8357421646287548,-0.8357421646287548,-0.8357421646287548,-0.8357421646287548,-0.8357421646287548,-0.8357421646287548,-0.8357421646287548,-0.8357421646287548,-0.8357421646287548,-0.8357421647551746,-0.8357421647551746,-0.8357421647551746,-0.8357421647551746,-0.8357421647551746,-0.8357421647551746,-0.8357421647551746,-0.8357421647551746,-0.8357421647551746,-0.8357421647551746,-0.8357421647551746,-0.8357421647551746,-0.8357421647551746,-0.8357421647569936,-0.8357421647569936,-0.8357421647569936,-0.8357421647674528,-0.8357421647674528,-0.8357421647674528,-0.8357421647674528,-0.8357421647697265
main/engineering_SpeedReducer/PSO/default/1,54.80177605043764,52.28087448220322,52.17849708746189,52.17849708746189,52.17849708746189,52.17849708746189,51.971678934794454,51.971678934794454,51.93403360958655,51.93403360958655,51.91615827792566,51.91615827792566,51.91304878356641,51.90769676647369,51.90769676647369,51.90769676647369,51.90769676647369,51.90769676647369,51.90769676647369,51.90769676647369,51.907384666009875,51.90737951267283,51.90737775490334,51.90737767849669,51.9073776767209,51.90737767671817,51.90737767671726,51.907377676709075,51.90737762130766,51.907377621179876,51.90737762092385,51.90737762091976,51.907377620919306,51.907377620919306,51.907377620919306,51.907377620919306,51.907377620919306,51.907377620919306,51.90737762091885,51.90737762091885,51.90737762091885,51.90737762091885,51.90737762091885,51.90737762091885,51.90737762091885,51.90737762091885,51.90737762091885,51.90737762091885,51.90737762091885,51.90737762091885,51.90737762091885,51.90737762091885,51.90737762091885,51.90737762091885,51.90737762091885,51.90737762091885,51.90737762091885,51.90737762091885,51.90737762091885,51.90737762091885,51.90737762091885,51.90737762091885,51.90737762091885,51.90737762091885,51.90737762091885,51.90737762091885,51.90737762091885,51.90737762091885,51.90737762091885,51.90737762091885,51.90737762091885,51.90737762091885,51.90737762091885,51.90737762091885,51.90737762091885,51.90737762091885,51.90737762091885,51.90737762091885,51.90737762091885,51.90737762091885,51.90737762091885,51.90737762091885,51.90737762091885,51.90737762091885,51.90737762091885,51.90737762091885,51.90737762091885,51.90737762091885,51.90737762091885,51.90737762091885,51.90737762091885,51.90737762091885,51.90737762091885,51.90737762091885,51.90737762091885,51.90737762091885,51.90737762091885,51.90737762091885,51.90737762091885,51.90737762091885
main/engineering_SpeedReducer/GWO/default/1,56.375779891574894,38.66371468561738,38.66371468561738,32.27045493305877,32.27045493305877,32.27045493305877,27.32367071282806,27.32367071282806,12.725920077374667,12.725920077374667,12.725920077374667,12.725920077374667,12.725920077374667,12.725920077374667,12.725920077374667,12.725920077374667,12.725920077374667,12.725920077374667,12.725920077374667,12.725920077374667,12.725920077374667,12.725920077374667,12.725920077374667,12.725920077374667,12.725920077374667,12.725920077374667,12.725920077374667,12.725920077374667,12.725920077374667,12.725920077374667,9.327101450473947,9.327101450473947,9.327101450473947,9.327101450473947,9.327101450473947,9.327101450473947,9.327101450473947,9.327101450473947,9.327101450473947,9.327101450473947,9.327101450473947,6.010931886566141,6.010931886566141,6.010931886566141,6.010931886566141,6.010931886566141,6.010931886566141,6.010931886566141,6.010931886566141,6.010931886566141,6.010931886566141,6.010931886566141,6.010931886566141,6.010931886566141,6.010931886566141,6.010931886566141,6.010931886566141,6.010931886566141,6.010931886566141,6.010931886566141,6.010931886566141,6.010931886566141,6.010931886566141,6.010931886566141,6.010931886566141,6.010931886566141,6.010931886566141,6.010931886566141,6.010931886566141,6.010931886566141,3.9371177506432105,3.9371177506432105,3.9371177506432105,3.9371177506432105,3.9371177506432105,3.9371177506432105,3.9371177506432105,3.9371177506432105,3.9371177506432105,3.9371177506432105,3.9371177506432105,3.9371177506432105,3.9371177506432105,3.890272208713668,1.5771782430874737,1.5771782430874737,1.5771782430874737,1.5771782430874737,1.5771782430874737,1.5771782430874737,1.5771782430874737,1.0719474600327885,1.0719474600327885,0.8520845723282946,0.8520845723282946,0.8520845723282946,0.410235020061009,0.18097488493867786,0.1447973604872459,0.06215515368239721
main/engineering_SpeedReducer/TFO-static/static/1,152.1254989113072,38.11289593165702,21.686508877528468,6.404091166206399,6.371854007384627,5.274150372910299,5.274150372910299,5.274150372910299,3.4718047559540537,3.4718047559540537,2.3617093177358583,2.3617093177358583,2.3617093177358583,1.8393271314230333,0.9855702719096371,0.9855702719096371,0.4985704454875304,0.4985704454875304,0.4566808789541028,0.4566808789541028,0.4566808789541028,0.4566808789541028,0.4566808789541028,0.4566808789541028,0.4566808789541028,0.4566808789541028,0.4566808789541028,0.4566808789541028,0.4566808789541028,0.4566808789541028,0.4566808789541028,0.4566808789541028,-0.026377289663741976,-0.026377289663741976,-0.17000197029256015,-0.17000197029256015,-0.19552806633510045,-0.19552806633510045,-0.30166456205370196,-0.30166456205370196,-0.30166456205370196,-0.3282588941033282,-0.3282588941033282,-0.36829725882898856,-0.36829725882898856,-0.37300363844542517,-0.37300363844542517,-0.37300363844542517,-0.37300363844542517,-0.37300363844542517,-0.37450264627159413,-0.37450264627159413,-0.37450264627159413,-0.39172627529796955,-0.39172627529796955,-0.39172627529796955,-0.39172627529796955,-0.39172627529796955,-0.39172627529796955,-0.39172627529796955,-0.39257415674001095,-0.39257415674001095,-0.39257415674001095,-0.39257415674001095,-0.39257415674001095,-0.39257415674001095,-0.39257415674001095,-0.39259018873417517,-0.39259018873417517,-0.39529636287761605,-0.39529636287761605,-0.39529636287761605,-0.39554873017186765,-0.39554873017186765,-0.39554873017186765,-0.39554873017186765,-0.39554873017186765,-0.3970028002372601,-0.3970028002372601,-0.3970028002372601,-0.3970028002372601,-0.3970028002372601,-0.4016154056448613,-0.4016154056448613,-0.4017127332317614,-0.4017127332317614,-0.4049050634835112,-0.4049050634835112,-0.4049050634835112,-0.4069781471985152,-0.4069781471985152,-0.4069782131828106,-0.4069782131828106,-0.4069782131828106,-0.4069782131828106,-0.4069782131828106,-0.4069782131828106,-0.4069782131828106,-0.4069782131828106,-0.8140964082163009
main/engineering_SpeedReducer/TFO/full/1,152.1254989113072,38.11289593165702,21.686508877528468,6.404091166206399,6.371854007384627,5.274150372910299,5.274150372910299,5.274150372910299,3.4718047559540537,3.4718047559540537,2.3617093177358583,2.3617093177358583,2.3617093177358583,1.8393271314230333,0.9855702719096371,0.9855702719096371,0.4985704454875304,0.4985704454875304,0.4566808789541028,0.4566808789541028,0.4566808789541028,0.4566808789541028,0.4566808789541028,0.4566808789541028,0.4566808789541028,0.4566808789541028,0.4566808789541028,0.4566808789541028,0.4566808789541028,0.4566808789541028,0.4566808789541028,0.4566808789541028,0.4566808789541028,0.4566808789541028,0.4566808789541028,-0.026377289663741976,-0.026377289663741976,-0.17000197029256015,-0.17000197029256015,-0.17000197029256015,-0.19552806633510045,-0.19552806633510045,-0.19552806633510045,-0.30166456205370196,-0.30166456205370196,-0.30166456205370196,-0.3282588941033282,-0.3282588941033282,-0.3282588941033282,-0.36829725882898856,-0.36829725882898856,-0.36829725882898856,-0.37300363844542517,-0.4419567509621629,-0.4419567509621629,-0.4419567509621629,-0.4419567509621629,-0.4419567509621629,-0.45158925716623344,-0.45158925716623344,-0.45158925716623344,-0.4918287710738696,-0.4918287710738696,-0.4918287710738696,-0.4918287710738696,-0.4918287710738696,-0.4918287710738696,-0.4918287710738696,-0.4918287710738696,-0.4918287710738696,-0.49727434208671184,-0.49727434208671184,-0.49727434208671184,-0.49727434208671184,-0.49727434208671184,-0.49727434208671184,-0.49727434208671184,-0.49727434208671184,-0.49727434208671184,-0.49737728873333253,-0.49737728873333253,-0.49737728873333253,-0.4974550261058539,-0.4974550261058539,-0.5963042414737174,-0.5972987749237291,-0.5972987749237291,-0.5972987749237291,-0.5972987749237291,-0.6843203019398061,-0.6843203019398061,-0.6852006784502009,-0.6852006784502009,-0.6852006784502009,-0.6852006784502009,-0.6852006784502009,-0.6852006784502009,-0.6852006784502009,-0.687070898136426,-0.687070898136426
main/engineering_SpeedReducer/WOA/default/1,76.88218064830926,73.85297032266226,2.2087769876106904,2.1066291920792537,2.1052821130397206,2.1034412102667375,2.1028000714268273,2.102327214651268,2.0992337713150846,0.12265068766828335,-0.5509588924592208,-0.5689141186962843,-0.6025819629094258,-0.6289730875055284,-0.6290199381319326,-0.6291118870803984,-0.6291336482322549,-0.6291462641661383,-0.6291474403819848,-0.6291529143413754,-0.629155671539138,-0.6291571448728064,-0.6291577556035008,-0.6292237589732395,-0.6333298959066269,-0.8214248303543172,-0.8298264222844409,-0.8298993383677953,-0.8325196282571596,-0.8351332651768644,-0.8356580416407269,-0.8357274363092984,-0.8357354371291876,-0.8357416238231963,-0.8357418623677404,-0.8357421532632543,-0.8357421589812475,-0.8357421643099769,-0.8357421647369847,-0.8357421647374395,-0.8357421647374395,-0.8357421647374395,-0.8357421647374395,-0.8357421647374395,-0.8357421647374395,-0.8357421647374395,-0.8357421647374395,-0.8357421647374395,-0.8357421647374395,-0.8357421647374395,-0.8357421647374395,-0.8357421647374395,-0.8357421647374395,-0.8357421647374395,-0.8357421647374395,-0.8357421647374395,-0.8357421647374395,-0.8357421647374395,-0.8357421647374395,-0.8357421647374395,-0.8357421647374395,-0.8357421647374395,-0.8357421647374395,-0.8357421647374395,-0.8357421647374395,-0.8357421647374395,-0.8357421647374395,-0.8357421647374395,-0.8357421647378942,-0.8357421647378942,-0.8357421647378942,-0.8357421647378942,-0.835742164738349,-0.835742164738349,-0.835742164738349,-0.835742164738349,-0.835742164738349,-0.835742164738349,-0.835742164738349,-0.835742164738349,-0.835742164738349,-0.835742164738349,-0.835742164738349,-0.835742164738349,-0.835742164738349,-0.835742164738349,-0.835742164738349,-0.835742164738349,-0.835742164738349,-0.835742164738349,-0.835742164738349,-0.835742164738349,-0.835742164738349,-0.835742164738349,-0.835742164738349,-0.835742164738349,-0.835742164738349,-0.835742164738349,-0.835742164738349,-0.835742164738349
main/engineering_SpeedReducer/CMA-ES (IPOP)/default/1,10.373907321687511,-0.37157306172139215,-0.8357386729662721,-0.835742164774274,-0.8357421647751835,-0.8357421647751835,-0.8357421647751835,-0.8357421647751835,-0.8357421647751835,-0.8357421647751835,-0.8357421647751835,-0.8357421647751835,-0.8357421647751835,-0.8357421647751835,-0.8357421647751835,-0.8357421647751835,-0.8357421647751835,-0.8357421647751835,-0.8357421647751835,-0.8357421647751835,-0.8357421647751835,-0.8357421647751835,-0.8357421647751835,-0.8357421647751835,-0.8357421647751835,-0.8357421647751835,-0.8357421647751835,-0.8357421647751835,-0.8357421647751835,-0.8357421647751835,-0.8357421647751835,-0.8357421647751835,-0.8357421647751835,-0.8357421647751835,-0.8357421647751835,-0.8357421647751835,-0.8357421647751835,-0.8357421647751835,-0.8357421647751835,-0.8357421647751835,-0.8357421647751835,-0.8357421647751835,-0.8357421647751835,-0.8357421647751835,-0.8357421647751835,-0.8357421647751835,-0.8357421647751835,-0.8357421647751835,-0.8357421647751835,-0.8357421647751835,-0.8357421647751835,-0.8357421647751835,-0.8357421647751835,-0.8357421647751835,-0.8357421647751835,-0.8357421647751835,-0.8357421647756382,-0.8357421647756382,-0.8357421647756382,-0.8357421647756382,-0.8357421647756382,-0.8357421647756382,-0.8357421647756382,-0.8357421647756382,-0.8357421647756382,-0.8357421647756382,-0.8357421647756382,-0.8357421647756382,-0.8357421647756382,-0.8357421647756382,-0.8357421647756382,-0.8357421647756382,-0.8357421647756382,-0.8357421647756382,-0.8357421647756382,-0.8357421647756382,-0.8357421647756382,-0.8357421647756382,-0.8357421647756382,-0.8357421647756382,-0.8357421647756382,-0.8357421647756382,-0.8357421647756382,-0.8357421647756382,-0.8357421647756382,-0.8357421647756382,-0.8357421647756382,-0.8357421647756382,-0.8357421647756382,-0.8357421647756382,-0.8357421647756382,-0.8357421647756382,-0.8357421647756382,-0.8357421647756382,-0.8357421647756382,-0.8357421647756382,-0.8357421647756382,-0.8357421647756382,-0.8357421647756382,-0.8357421647756382
main/engineering_SpeedReducer/L-SHADE/default/1,512.8799254676856,117.1856711392511,49.59082789291051,31.214517874716876,25.750488882249556,17.496774783183355,12.124203313281214,5.7029929266100226,2.796609571343197,2.4783003681895934,0.9341377657997327,0.22306773998980134,-0.2679320175434441,-0.5263059929056908,-0.6421894415439056,-0.7191363305514642,-0.7974127874026635,-0.8204583883975829,-0.8293119313680108,-0.8330945231259648,-0.8348025273680832,-0.8355229225330731,-0.8356475629602755,-0.8357286020436732,-0.8357320241648267,-0.8357393982682879,-0.8357416303647369,-0.8357418830205461,-0.835742100907737,-0.8357421242244527,-0.8357421525556674,-0.8357421623454684,-0.835742163793384,-0.8357421645368959,-0.83574216473653,-0.8357421647588126,-0.835742164770636,-0.8357421647720003,-0.835742164774274,-0.8357421647747287,-0.8357421647747287,-0.8357421647751835,-0.8357421647751835,-0.8357421647751835,-0.8357421647751835,-0.8357421647751835,-0.8357421647751835,-0.8357421647751835,-0.8357421647751835,-0.8357421647756382,-0.8357421647756382,-0.8357421647756382,-0.8357421647756382,-0.8357421647756382,-0.8357421647756382,-0.8357421647756382,-0.8357421647756382,-0.8357421647756382,-0.8357421647756382,-0.8357421647756382,-0.8357421647756382,-0.8357421647756382,-0.8357421647756382,-0.8357421647756382,-0.8357421647756382,-0.8357421647756382,-0.8357421647756382,-0.8357421647756382,-0.8357421647756382,-0.8357421647756382,-0.8357421647756382,-0.8357421647756382,-0.8357421647756382,-0.8357421647756382,-0.8357421647756382,-0.8357421647756382,-0.8357421647756382,-0.8357421647756382,-0.8357421647756382,-0.8357421647756382,-0.8357421647756382,-0.8357421647756382,-0.8357421647756382,-0.8357421647756382,-0.8357421647756382,-0.8357421647756382,-0.8357421647756382,-0.8357421647756382,-0.8357421647756382,-0.8357421647756382,-0.8357421647756382,-0.8357421647756382,-0.8357421647756382,-0.8357421647756382,-0.8357421647756382,-0.8357421647756382,-0.8357421647756382,-0.8357421647756382,-0.8357421647756382,-0.8357421647756382
main/engineering_SpeedReducer/CA/default/2,22.92110667340603,11.5756274817345,2.465986207089827,-0.4510923737302619,-0.7871865252741372,-0.8245600361747165,-0.8328594121367132,-0.8340987412157119,-0.8351108121023572,-0.8356019609941541,-0.8356019609941541,-0.8356942348605116,-0.835731784525251,-0.8357398989151079,-0.8357418425462129,-0.835741937450166,-0.8357421306754986,-0.8357421564501237,-0.8357421564501237,-0.8357421611585778,-0.8357421631480975,-0.8357421637801963,-0.8357421646846888,-0.8357421646846888,-0.8357421647442607,-0.8357421647460797,-0.8357421647624506,-0.835742164768817,-0.8357421647715455,-0.8357421647733645,-0.8357421647738192,-0.835742164774274,-0.835742164774274,-0.8357421647747287,-0.8357421647751835,-0.8357421647751835,-0.8357421647751835,-0.8357421647751835,-0.8357421647751835,-0.8357421647751835,-0.8357421647751835,-0.8357421647751835,-0.8357421647751835,-0.8357421647751835,-0.8357421647751835,-0.8357421647751835,-0.8357421647751835,-0.8357421647751835,-0.8357421647751835,-0.8357421647751835,-0.8357421647751835,-0.8357421647751835,-0.8357421647751835,-0.8357421647751835,-0.8357421647751835,-0.8357421647751835,-0.8357421647751835,-0.8357421647751835,-0.8357421647751835,-0.8357421647751835,-0.8357421647751835,-0.8357421647751835,-0.8357421647751835,-0.8357421647751835,-0.8357421647751835,-0.8357421647751835,-0.8357421647751835,-0.8357421647751835,-0.8357421647751835,-0.8357421647751835,-0.8357421647751835,-0.8357421647751835,-0.8357421647751835,-0.8357421647751835,-0.8357421647751835,-0.8357421647751835,-0.8357421647751835,-0.8357421647751835,-0.8357421647751835,-0.8357421647751835,-0.8357421647751835,-0.8357421647751835,-0.8357421647751835,-0.8357421647751835,-0.8357421647756382,-0.8357421647756382,-0.8357421647756382,-0.8357421647756382,-0.8357421647756382,-0.8357421647756382,-0.8357421647756382,-0.8357421647756382,-0.8357421647756382,-0.8357421647756382,-0.8357421647756382,-0.8357421647756382,-0.8357421647756382,-0.8357421647756382,-0.8357421647756382,-0.8357421647756382
main/engineering_SpeedReducer/GA/default/2,12.334637443674183,0.2263848652278284,-0.7324408019244402,-0.8215418842169129,-0.8258125215843393,-0.8343086750410293,-0.8353627554961349,-0.8357254727948202,-0.8357254727948202,-0.8357367410981169,-0.8357405384381309,-0.8357405384381309,-0.8357405384381309,-0.835740541675932,-0.835740541675932,-0.8357415260352354,-0.8357415260497874,-0.8357420533729965,-0.8357420533729965,-0.8357420572388037,-0.8357420581619408,-0.8357420917468517,-0.8357420917468517,-0.8357421547061676,-0.8357421588730176,-0.8357421622654329,-0.83574216353054,-0.83574216353054,-0.83574216353054,-0.83574216353054,-0.83574216353054,-0.8357421641926521,-0.8357421642440386,-0.8357421642440386,-0.8357421642440386,-0.8357421642440386,-0.8357421642981535,-0.8357421642981535,-0.8357421642981535,-0.8357421642981535,-0.8357421642981535,-0.8357421642981535,-0.8357421642981535,-0.8357421642981535,-0.8357421642981535,-0.8357421642981535,-0.8357421642981535,-0.8357421642981535,-0.8357421645046088,-0.8357421645146133,-0.8357421645146133,-0.8357421646592229,-0.8357421646592229,-0.8357421646592229,-0.8357421646592229,-0.8357421646592229,-0.8357421646592229,-0.8357421646592229,-0.8357421646592229,-0.8357421646592229,-0.8357421646592229,-0.8357421646592229,-0.8357421646592229,-0.8357421646592229,-0.8357421646592229,-0.8357421646619514,-0.8357421646619514,-0.8357421646619514,-0.8357421647046976,-0.8357421647046976,-0.8357421647369847,-0.8357421647406227,-0.8357421647729097,-0.8357421647729097,-0.8357421647729097,-0.8357421647729097,-0.8357421647729097,-0.8357421647729097,-0.8357421647729097,-0.8357421647729097,-0.8357421647729097,-0.8357421647729097,-0.8357421647729097,-0.8357421647729097,-0.8357421647729097,-0.8357421647729097,-0.8357421647747287,-0.8357421647747287,-0.8357421647747287,-0.8357421647747287,-0.8357421647747287,-0.8357421647747287,-0.8357421647747287,-0.8357421647747287,-0.8357421647747287,-0.8357421647747287,-0.8357421647747287,-0.8357421647747287,-0.8357421647747287,-0.8357421647747287
main/engineering_SpeedReducer/PSO/default/2,13.803202258447072,8.02818235723771,3.5673729103082223,3.5673729103082223,2.321398775274247,2.321398775274247,2.321398775274247,2.321398775274247,2.321398775274247,2.321398775274247,2.321398775274247,1.2092783749212686,-0.6295009527771072,-0.6295009527771072,-0.6295009527771072,-0.6295009527771072,-0.6295009527771072,-0.6867082242233664,-0.6867082242233664,-0.7666922279263417,-0.7666922279263417,-0.7894046744786465,-0.8146129182514414,-0.8186078885260031,-0.8186212209016048,-0.8186414391184371,-0.8336701788980463,-0.835311905276285,-0.835362104066462,-0.8356759424250413,-0.8357355338393972,-0.8357400597024025,-0.8357414648157828,-0.8357414787374182,-0.8357414787374182,-0.8357417743118276,-0.835742077004852,-0.8357421564433025,-0.835742164558269,-0.8357421646414878,-0.8357421647529009,-0.835742164768817,-0.8357421647738192,-0.8357421647747287,-0.8357421647751835,-0.8357421647751835,-0.8357421647751835,-0.8357421647751835,-0.8357421647751835,-0.8357421647751835,-0.8357421647751835,-0.8357421647751835,-0.8357421647751835,-0.8357421647756382,-0.8357421647756382,-0.8357421647756382,-0.8357421647756382,-0.8357421647756382,-0.8357421647756382,-0.8357421647756382,-0.8357421647756382,-0.8357421647756382,-0.8357421647756382,-0.8357421647756382,-0.8357421647756382,-0.8357421647756382,-0.8357421647756382,-0.8357421647756382,-0.8357421647756382,-0.8357421647756382,-0.8357421647756382,-0.8357421647756382,-0.8357421647756382,-0.8357421647756382,-0.8357421647756382,-0.8357421647756382,-0.8357421647756382,-0.8357421647756382,-0.8357421647756382,-0.8357421647756382,-0.8357421647756382,-0.8357421647756382,-0.8357421647756382,-0.8357421647756382,-0.8357421647756382,-0.8357421647756382,-0.8357421647756382,-0.8357421647756382,-0.8357421647756382,-0.8357421647756382,-0.8357421647756382,-0.8357421647756382,-0.8357421647756382,-0.8357421647756382,-0.8357421647756382,-0.8357421647756382,-0.8357421647756382,-0.8357421647756382,-0.8357421647756382,-0.8357421647756382
main/engineering_SpeedReducer/GWO/default/2,40.8198029162927,40.8198029162927,40.8198029162927,40.8198029162927,40.8198029162927,40.8198029162927,36.882042275276035,36.882042275276035,29.797826398870257,29.797826398870257,29.797826398870257,26.538418640230702,26.538418640230702,26.538418640230702,26.538418640230702,26.538418640230702,26.538418640230702,26.538418640230702,26.538418640230702,14.806433797003592,14.806433797003592,14.806433797003592,14.806433797003592,14.806433797003592,14.806433797003592,14.806433797003592,14.806433797003592,14.806433797003592,14.806433797003592,14.806433797003592,14.806433797003592,14.806433797003592,14.806433797003592,14.806433797003592,14.806433797003592,13.736438705197997,13.736438705197997,13.736438705197997,13.736438705197997,13.736438705197997,13.736438705197997,13.736438705197997,13.736438705197997,13.736438705197997,13.736438705197997,12.253016954302893,12.253016954302893,8.573725639117583,8.573725639117583,8.573725639117583,8.573725639117583,8.573725639117583,8.573725639117583,8.573725639117583,8.573725639117583,8.573725639117583,8.573725639117583,7.076137698878483,7.076137698878483,7.076137698878483,7.076137698878483,7.076137698878483,7.076137698878483,7.076137698878483,7.076137698878483,7.076137698878483,7.076137698878483,7.076137698878483,7.076137698878483,6.7311015663090075,6.7311015663090075,6.7311015663090075,6.7311015663090075,6.7311015663090075,6.7311015663090075,6.7311015663090075,6.7311015663090075,3.699532035282573,3.699532035282573,3.699532035282573,3.699532035282573,3.699532035282573,3.699532035282573,3.699532035282573,3.699532035282573,3.699532035282573,3.699532035282573,3.699532035282573,3.699532035282573,3.699532035282573,3.699532035282573,3.699532035282573,3.5947339540512075,3.5947339540512075,3.5947339540512075,2.723774135824442,2.723774135824442,2.710288343239881,2.346687675757039,2.270809887876567
main/engineering_SpeedReducer/TFO/full/2,160.68136515597917,46.85097995822434,41.306274971172115,6.237063618661523,6.237063618661523,5.983965033063669,4.147983282433415,4.147983282433415,4.147983282433415,1.3742219679229493,1.0807245143996624,1.0807245143996624,1.0807245143996624,1.0687421278030342,0.8947335715024565,0.8947335715024565,0.8947324795326494,0.8947324795326494,0.8947324795326494,0.8947323256734308,0.8947323256734308,0.8947323256734308,0.89473217165596,0.89473217165596,0.89473217165596,0.8947321705168179,0.8947321705168179,0.3883306158809319,0.3883306158809319,0.3883306158809319,0.3883306158809319,0.3883306158809319,0.3883306158809319,0.3883306158809319,0.3883306158809319,0.3883306158809319,0.29698603698579973,0.22330771175347763,0.22330771175347763,-0.24025796029127378,-0.24025796029127378,-0.2563678017113489,-0.2563678017113489,-0.2563678017113489,-0.29270961228849046,-0.29270961228849046,-0.29270961228849046,-0.5179638346348838,-0.5179638346348838,-0.5179638346348838,-0.5179920406199017,-0.5179920406199017,-0.5179920406199017,-0.5182915011996556,-0.5182915011996556,-0.5182915011996556,-0.6172996361983678,-0.6172996361983678,-0.6172996361983678,-0.6432468332341159,-0.6432468332341159,-0.6432468332341159,-0.6448321370221493,-0.6448321370221493,-0.6448321370221493,-0.684345484241021,-0.684345484241021,-0.684345484241021,-0.684345484241021,-0.684345484241021,-0.696765141251035,-0.6989475491413941,-0.6989475491413941,-0.6989475491413941,-0.6995984912973654,-0.6995984912973654,-0.6995984912973654,-0.6995984912973654,-0.6995984912973654,-0.6995984912973654,-0.6995984912973654,-0.6995984912973654,-0.6995984912973654,-0.6995984912973654,-0.6995984912973654,-0.6995984912973654,-0.7003250857155763,-0.7003250857155763,-0.7003250857155763,-0.7005527409737624,-0.7005527409737624,-0.7005527409737624,-0.7005527409737624,-0.7005527409737624,-0.7005527409737624,-0.7023875678719378,-0.7023875678719378,-0.7023875678719378,-0.7287461333371539,-0.7765773428141074
main/engineering_SpeedReducer/CMA-ES (IPOP)/default/2,2.9366728345889896,-0.8084099141774459,-0.8357421129562681,-0.8357421647747287,-0.8357421647751835,-0.8357421647751835,-0.8357421647751835,-0.8357421647751835,-0.8357421647751835,-0.8357421647751835,-0.8357421647751835,-0.8357421647751835,-0.8357421647751835,-0.8357421647751835,-0.8357421647751835,-0.8357421647751835,-0.8357421647751835,-0.8357421647751835,-0.8357421647751835,-0.8357421647751835,-0.8357421647751835,-0.8357421647751835,-0.8357421647751835,-0.8357421647751835,-0.8357421647751835,-0.8357421647751835,-0.8357421647751835,-0.8357421647751835,-0.8357421647751835,-0.8357421647751835,-0.8357421647751835,-0.8357421647751835,-0.8357421647751835,-0.8357421647751835,-0.8357421647751835,-0.8357421647751835,-0.8357421647751835,-0.8357421647751835,-0.8357421647751835,-0.8357421647751835,-0.8357421647751835,-0.8357421647751835,-0.8357421647751835,-0.8357421647751835,-0.8357421647751835,-0.8357421647751835,-0.8357421647751835,-0.8357421647751835,-0.8357421647751835,-0.8357421647751835,-0.8357421647751835,-0.8357421647751835,-0.8357421647751835,-0.8357421647751835,-0.8357421647751835,-0.8357421647751835,-0.8357421647751835,-0.8357421647751835,-0.8357421647751835,-0.8357421647751835,-0.8357421647751835,-0.8357421647751835,-0.8357421647751835,-0.8357421647751835,-0.8357421647751835,-0.8357421647751835,-0.8357421647751835,-0.8357421647751835,-0.8357421647751835,-0.8357421647751835,-0.8357421647751835,-0.8357421647751835,-0.8357421647751835,-0.8357421647751835,-0.8357421647751835,-0.8357421647751835,-0.8357421647751835,-0.8357421647751835,-0.8357421647751835,-0.8357421647751835,-0.8357421647751835,-0.8357421647751835,-0.8357421647751835,-0.8357421647751835,-0.8357421647751835,-0.8357421647751835,-0.8357421647751835,-0.8357421647751835,-0.8357421647751835,-0.8357421647751835,-0.8357421647751835,-0.8357421647751835,-0.8357421647751835,-0.8357421647751835,-0.8357421647751835,-0.8357421647751835,-0.8357421647751835,-0.8357421647751835,-0.8357421647751835,-0.8357421647751835
main/engineering_SpeedReducer/TFO-static/static/2,160.68136515597917,46.85097995822434,41.306274971172115,6.237063618661523,6.237063618661523,5.983965033063669,5.830922739545713,5.830922739545713,5.7818418895985815,4.174823123333226,3.7319543320577395,3.7319543320577395,3.6522820819200206,2.2828059633698103,2.2828059633698103,1.3272881693605996,1.3272881693605996,1.0949662726297902,1.0949662726297902,0.917883213263849,0.917883213263849,0.917883213263849,0.9165737279572568,0.9165737279572568,0.8945006991089031,0.8945006991089031,0.14813497325030767,0.14813497325030767,0.14813497325030767,0.14813497325030767,0.14813497325030767,0.13466356377375632,0.13466356377375632,0.04925922304073538,0.04925922304073538,0.04782938349399046,0.04782938349399046,0.04307391251586523,0.04307391251586523,0.013942217724434158,0.013942217724434158,0.013942217724434158,0.01391554431120312,0.01391554431120312,0.013632354482069786,0.013632354482069786,0.009186991163460334,0.009186991163460334,0.007972230906034383,0.007972230906034383,0.007599882220802101,0.007599882220802101,0.007599882220802101,0.00575000056414865,0.00575000056414865,0.00575000056414865,0.00575000056414865,0.00560736287434338,0.00560736287434338,0.00560156234587339,-0.2074144637072095,-0.2074144637072095,-0.2074144637072095,-0.2074144637072095,-0.2074144637072095,-0.2074144637072095,-0.2074144637072095,-0.2074144637072095,-0.2076471964223856,-0.2076471964223856,-0.20772011829694748,-0.20772011829694748,-0.20772011829694748,-0.20772011829694748,-0.20772011829694748,-0.20787492137651498,-0.20787492137651498,-0.2198068771299404,-0.2198068771299404,-0.2198068771299404,-0.2198068771299404,-0.22127286173827088,-0.22127286173827088,-0.22127286173827088,-0.22127286173827088,-0.22127286173827088,-0.22127286173827088,-0.22127286173827088,-0.22127286173827088,-0.22127286173827088,-0.22137300600752496,-0.22137300600752496,-0.22137300600752496,-0.22137366239485345,-0.22137366239485345,-0.221375700507906,-0.4659776272610543,-0.46974505273010436,-0.5035234366746408,-0.6928208875333439
main/engineering_SpeedReducer/WOA/default/2,1289.9400331740076,40.13549529831289,6.899316402555996,5.769651235706078,-0.16347870574236367,-0.5511353788360793,-0.6935636050420726,-0.7609875695852679,-0.7629469910712032,-0.7660966157350231,-0.833283199005109,-0.8354029657134561,-0.8356347674107383,-0.8356749588042476,-0.8356870124894158,-0.8356898327297131,-0.8356899781665561,-0.8356900395656339,-0.8356900407638932,-0.8356900627159121,-0.8356900947837858,-0.8356901042820937,-0.8356901059928532,-0.8356901060265045,-0.835690106027414,-0.8356901060278688,-0.8356901060278688,-0.835690106029233,-0.835690106036509,-0.8356901060378732,-0.8356901060378732,-0.8356901060378732,-0.8356901060378732,-0.8356901060378732,-0.8356901060378732,-0.8356901060378732,-0.8356901060378732,-0.8356901060378732,-0.8356901060378732,-0.8356901060378732,-0.8356901060378732,-0.8356901060378732,-0.8356901060378732,-0.8356901060378732,-0.8356901060378732,-0.8356901060378732,-0.8356901060378732,-0.8356901060378732,-0.8356901060378732,-0.8356901060378732,-0.8356901060378732,-0.8356901060378732,-0.8356901060378732,-0.8356901060378732,-0.8356901060378732,-0.8356901060378732,-0.8356901060378732,-0.8356901060378732,-0.8356901060378732,-0.8356901060378732,-0.8356901060378732,-0.8356901060378732,-0.8356901060378732,-0.8356901060378732,-0.8356901060378732,-0.8356901060378732,-0.8356901060378732,-0.8356901060378732,-0.8356901060378732,-0.8356901060378732,-0.8356901060378732,-0.8356901060378732,-0.8356901060378732,-0.8356901060378732,-0.8356901060378732,-0.8356901060378732,-0.8356901060378732,-0.8356901060378732,-0.8356901060378732,-0.8356901060378732,-0.8356901060378732,-0.8356901060378732,-0.8356901060378732,-0.8356901060378732,-0.8356901060378732,-0.8356901060378732,-0.8356901060378732,-0.8356901060378732,-0.8356901060378732,-0.8356901060378732,-0.8356901060378732,-0.8356901060378732,-0.8356901060378732,-0.8356901060378732,-0.8356901060378732,-0.8356901060378732,-0.8356901060378732,-0.8356901060378732,-0.8356901060378732,-0.8356901060378732
main/engineering_SpeedReducer/L-SHADE/default/2,213.2158688224299,67.09308917325416,46.70232688468013,25.410268399495635,18.7131653581323,7.8562764156499725,7.8562764156499725,2.44199172230401,2.3799450173601144,1.3302405453237043,0.41941493158628873,-0.3489762477079239,-0.45723351584274496,-0.49592135946068083,-0.6947355115989922,-0.7982577373750246,-0.8231392338193473,-0.8272955928368901,-0.8313091421700847,-0.8334042501551266,-0.8351234086680961,-0.8354788202905183,-0.8356532250950295,-0.835712940004214,-0.8357354901868348,-0.8357393405472067,-0.8357411678889548,-0.8357419299300091,-0.8357420633010406,-0.835742134598604,-0.8357421569467078,-0.8357421640680514,-0.8357421645741852,-0.8357421645741852,-0.8357421647415322,-0.8357421647610863,-0.835742164770636,-0.8357421647738192,-0.8357421647747287,-0.8357421647751835,-0.8357421647751835,-0.8357421647751835,-0.8357421647751835,-0.8357421647756382,-0.8357421647756382,-0.8357421647756382,-0.8357421647756382,-0.8357421647756382,-0.8357421647756382,-0.8357421647756382,-0.8357421647756382,-0.8357421647756382,-0.8357421647756382,-0.8357421647756382,-0.8357421647756382,-0.8357421647756382,-0.8357421647756382,-0.8357421647756382,-0.8357421647756382,-0.8357421647756382,-0.8357421647756382,-0.8357421647756382,-0.8357421647756382,-0.8357421647756382,-0.8357421647756382,-0.8357421647756382,-0.8357421647756382,-0.8357421647756382,-0.8357421647756382,-0.8357421647756382,-0.8357421647756382,-0.8357421647756382,-0.8357421647756382,-0.8357421647756382,-0.8357421647756382,-0.8357421647756382,-0.8357421647756382,-0.8357421647756382,-0.8357421647756382,-0.8357421647756382,-0.8357421647756382,-0.8357421647756382,-0.8357421647756382,-0.8357421647756382,-0.8357421647756382,-0.8357421647756382,-0.8357421647756382,-0.8357421647756382,-0.8357421647756382,-0.8357421647756382,-0.8357421647756382,-0.8357421647756382,-0.8357421647756382,-0.8357421647756382,-0.8357421647756382,-0.8357421647756382,-0.8357421647756382,-0.8357421647756382,-0.8357421647756382,-0.8357421647756382
main/engineering_SpeedReducer/CA/default/3,8.42880614112255,5.884771960485978,-0.3275041360407158,-0.6767919290646205,-0.793081657132916,-0.8241133214642105,-0.8304319663116075,-0.8328051310400042,-0.8350411844830887,-0.8354430319045605,-0.8357073457464139,-0.8357375541668262,-0.8357393940927977,-0.8357407962980687,-0.8357418293899173,-0.8357418293899173,-0.8357420087563696,-0.8357421058663022,-0.835742151388331,-0.8357421573577994,-0.8357421580199116,-0.8357421634191269,-0.8357421645487193,-0.835742164608746,-0.8357421646614966,-0.8357421646874172,-0.8357421647638148,-0.8357421647697265,-0.8357421647710908,-0.8357421647738192,-0.835742164774274,-0.835742164774274,-0.8357421647747287,-0.8357421647751835,-0.8357421647751835,-0.8357421647751835,-0.8357421647751835,-0.8357421647751835,-0.8357421647751835,-0.8357421647751835,-0.8357421647751835,-0.8357421647751835,-0.8357421647751835,-0.8357421647751835,-0.8357421647751835,-0.8357421647751835,-0.8357421647751835,-0.8357421647751835,-0.8357421647751835,-0.8357421647751835,-0.8357421647751835,-0.8357421647756382,-0.8357421647756382,-0.8357421647756382,-0.8357421647756382,-0.8357421647756382,-0.8357421647756382,-0.8357421647756382,-0.8357421647756382,-0.8357421647756382,-0.8357421647756382,-0.8357421647756382,-0.8357421647756382,-0.8357421647756382,-0.8357421647756382,-0.8357421647756382,-0.8357421647756382,-0.8357421647756382,-0.8357421647756382,-0.8357421647756382,-0.8357421647756382,-0.8357421647756382,-0.8357421647756382,-0.8357421647756382,-0.8357421647756382,-0.8357421647756382,-0.8357421647756382,-0.8357421647756382,-0.8357421647756382,-0.8357421647756382,-0.8357421647756382,-0.8357421647756382,-0.8357421647756382,-0.8357421647756382,-0.8357421647756382,-0.8357421647756382,-0.8357421647756382,-0.8357421647756382,-0.8357421647756382,-0.8357421647756382,-0.8357421647756382,-0.8357421647756382,-0.8357421647756382,-0.8357421647756382,-0.8357421647756382,-0.8357421647756382,-0.8357421647756382,-0.8357421647756382,-0.8357421647756382,-0.8357421647756382
main/engineering_SpeedReducer/GA/default/3,21.15479086590358,2.6543920025746957,-0.7337357206129127,-0.7596577072872606,-0.7980509108906517,-0.8338929151645971,-0.8354226288824975,-0.8357039731808982,-0.8357318927151027,-0.8357322196038695,-0.8357322501719864,-0.8357409503555573,-0.8357420802199158,-0.8357420802199158,-0.8357420802199158,-0.8357420988922968,-0.835742098893661,-0.8357421156551936,-0.8357421515433998,-0.8357421515433998,-0.8357421515433998,-0.8357421594223524,-0.8357421594268999,-0.8357421596083441,-0.8357421596083441,-0.8357421603727744,-0.8357421603727744,-0.8357421607283868,-0.8357421644136593,-0.8357421644136593,-0.8357421644136593,-0.8357421644136593,-0.8357421644136593,-0.8357421644136593,-0.8357421644136593,-0.8357421644136593,-0.8357421644136593,-0.8357421644136593,-0.8357421644136593,-0.8357421646965122,-0.8357421646965122,-0.8357421646965122,-0.8357421646965122,-0.8357421646965122,-0.8357421646965122,-0.8357421646965122,-0.8357421646965122,-0.8357421646965122,-0.8357421646965122,-0.8357421646965122,-0.8357421646965122,-0.8357421646965122,-0.8357421646965122,-0.8357421646965122,-0.8357421646965122,-0.8357421646965122,-0.8357421646965122,-0.8357421646965122,-0.8357421646965122,-0.8357421646965122,-0.8357421646965122,-0.8357421646965122,-0.8357421646965122,-0.8357421646965122,-0.835742164732892,-0.835742164732892,-0.835742164732892,-0.8357421647610863,-0.8357421647610863,-0.8357421647610863,-0.8357421647610863,-0.8357421647610863,-0.8357421647610863,-0.8357421647610863,-0.8357421647610863,-0.8357421647610863,-0.8357421647610863,-0.8357421647610863,-0.835742164768817,-0.835742164768817,-0.835742164768817,-0.835742164768817,-0.835742164768817,-0.8357421647692718,-0.8357421647692718,-0.8357421647692718,-0.8357421647733645,-0.8357421647733645,-0.8357421647733645,-0.8357421647733645,-0.8357421647738192,-0.8357421647738192,-0.8357421647738192,-0.8357421647738192,-0.8357421647738192,-0.8357421647738192,-0.8357421647738192,-0.8357421647738192,-0.8357421647738192,-0.8357421647738192
main/engineering_SpeedReducer/PSO/default/3,210.6607958275631,208.82785735545394,208.2860906297924,208.2860906297924,208.2860906297924,208.2860906297924,208.2860906297924,208.07029851539392,208.07029851539392,208.0243165053348,208.0243165053348,208.0243165053348,207.94118117191692,207.9325087291263,207.92867721185894,207.92867721185894,207.92867721185894,207.92790394677013,207.91293147975466,207.91293147975466,207.91293147975466,207.91243371792007,207.91243371792007,207.91243371792007,207.91197569354654,207.91197569354654,207.91191173859352,207.91191161429015,207.91191121073552,207.91191091598012,207.91190925852015,207.91190700213428,207.91190689002406,207.91190681366425,207.91190680643876,207.91190680451882,207.9119068037544,207.91190680268664,207.91190680249383,207.91190680243471,207.91190680243471,207.9119068024338,207.9119068024338,207.91190680243335,207.91190680243335,207.91190680243335,207.91190680243335,207.91190680243335,207.91190680243335,207.91190680243335,207.91190680243335,207.91190680243335,207.91190680243335,207.91190680243335,207.91190680243335,207.91190680243335,207.91190680243335,207.91190680243335,207.91190680243335,207.91190680243335,207.91190680243335,207.91190680243335,207.9119068024329,207.9119068024329,207.9119068024329,207.9119068024329,207.9119068024329,207.9119068024329,207.9119068024329,207.9119068024329,207.9119068024329,207.9119068024329,207.9119068024329,207.9119068024329,207.9119068024329,207.9119068024329,207.9119068024329,207.9119068024329,207.9119068024329,207.9119068024329,207.9119068024329,207.9119068024329,207.9119068024329,207.9119068024329,207.9119068024329,207.9119068024329,207.9119068024329,207.9119068024329,207.9119068024329,207.9119068024329,207.9119068024329,207.9119068024329,207.9119068024329,207.9119068024329,207.9119068024329,207.9119068024329,207.9119068024329,207.9119068024329,207.9119068024329,207.9119068024329
main/engineering_SpeedReducer/GWO/default/3,62.07150054445765,58.21095493361963,58.21095493361963,40.19462019731691,38.371962924847594,38.371962924847594,38.371962924847594,29.976722893949955,28.6150625692203,28.6150625692203,28.6150625692203,28.6150625692203,28.6150625692203,28.6150625692203,15.064797864412412,15.064797864412412,15.064797864412412,15.064797864412412,15.064797864412412,15.064797864412412,15.064797864412412,15.064797864412412,15.064797864412412,15.064797864412412,15.064797864412412,15.064797864412412,15.064797864412412,15.064797864412412,15.064797864412412,15.064797864412412,15.064797864412412,15.064797864412412,15.064797864412412,15.064797864412412,15.064797864412412,15.064797864412412,15.064797864412412,15.064797864412412,15.064797864412412,15.064797864412412,15.064797864412412,15.064797864412412,15.064797864412412,15.064797864412412,15.064797864412412,15.064797864412412,15.064797864412412,15.064797864412412,15.064797864412412,15.064797864412412,15.064797864412412,15.064797864412412,15.064797864412412,15.064797864412412,15.064797864412412,15.064797864412412,12.284117310980491,12.284117310980491,12.284117310980491,10.117641613934666,10.117641613934666,10.117641613934666,10.117641613934666,10.117641613934666,10.117641613934666,10.117641613934666,10.117641613934666,10.117641613934666,10.117641613934666,10.117641613934666,10.117641613934666,8.962682076525653,8.962682076525653,8.962682076525653,8.962682076525653,8.962682076525653,8.962682076525653,7.161759800087111,7.161759800087111,7.161759800087111,7.161759800087111,7.161759800087111,7.161759800087111,7.161759800087111,7.161759800087111,6.566794724659303,6.566794724659303,5.235201649919418,5.235201649919418,5.235201649919418,5.235201649919418,5.235201649919418,5.235201649919418,5.235201649919418,5.235201649919418,5.235201649919418,5.235201649919418,5.01599144098509,4.79806544297071,4.732353474898446
main/engineering_SpeedReducer/TFO/full/3,282.1068550364148,55.82555107256394,36.65982581464368,12.84360974300398,11.859240967284677,9.534405294417866,9.198132032161539,9.198132032161539,4.42492365752878,4.42492365752878,2.1277083900199614,1.6162586504729006,1.6162586504729006,1.6157164246856155,1.5844662694908038,1.5844662694908038,1.5844662694908038,1.536008597458931,1.536008597458931,0.931835882670839,0.931835882670839,0.9317547075170296,0.839657172961779,0.6459970806986348,0.6459970806986348,0.6459970806986348,0.6459970806986348,0.4251769007310031,0.4251769007310031,0.14777614873310085,0.1108041309444161,0.1108041309444161,0.1108041309444161,0.1108041309444161,0.1108041309444161,0.1108041309444161,0.04484493279142043,-0.25378700940609633,-0.25378700940609633,-0.25378700940609633,-0.25378700940609633,-0.25378700940609633,-0.25378700940609633,-0.25378700940609633,-0.25378700940609633,-0.25378700940609633,-0.25378700940609633,-0.25378700940609633,-0.25378700940609633,-0.25378700940609633,-0.25378700940609633,-0.25378700940609633,-0.401082398944709,-0.40108243045551717,-0.40108243045551717,-0.40108243045551717,-0.40256314325097264,-0.40256314325097264,-0.40256314325097264,-0.4027954615821727,-0.4027954615821727,-0.4027954615821727,-0.4027954615821727,-0.4027954615821727,-0.4027954615821727,-0.4028709849194456,-0.4028709849194456,-0.4028709849194456,-0.40287100540172105,-0.44386909345075765,-0.44386909345075765,-0.4438690934512124,-0.4438690934512124,-0.4438690934512124,-0.4438690934530314,-0.4438690934530314,-0.4438690934530314,-0.4438690934530314,-0.4438690934530314,-0.4438690934530314,-0.5823368176875192,-0.5823368176875192,-0.5823368176875192,-0.5823368176875192,-0.5823368176875192,-0.5823368176875192,-0.5823368176875192,-0.5823368176875192,-0.5823368176875192,-0.5823368176875192,-0.5823368176875192,-0.5823368176875192,-0.5823368176988879,-0.5823368176988879,-0.5823368176988879,-0.5823368176988879,-0.5823368176988879,-0.5823368176988879,-0.5823368176988879,-0.5823368176988879
main/engineering_SpeedReducer/TFO-static/static/3,282.1068550364148,55.82555107256394,36.65982581464368,12.84360974300398,11.859240967284677,9.534405294417866,9.198132032161539,9.198132032161539,4.42492365752878,4.42492365752878,2.1277083900199614,1.6162586504729006,1.6162586504729006,1.6157164246856155,1.6157164246856155,1.6157164246856155,1.6157164246856155,1.6157164246856155,1.6157164246856155,1.6157164246856155,1.608534394022172,1.608534394022172,1.608534394022172,1.608534394022172,1.608534394022172,1.5838130706601987,1.5838130706601987,1.5835207362943038,1.5835207362943038,1.5835207362943038,1.148303092797505,1.1474868619775407,1.1474821423871617,1.1474821423871617,0.9771440341014568,0.9771440341014568,0.9771440341014568,0.5069147977919783,0.5069147977919783,0.5069147977919783,0.5069147977919783,0.37177111185701506,0.37177111185701506,0.37177111185701506,0.37177111185701506,0.3712472509514555,0.3712472509514555,0.3712472509514555,0.3159547772966107,0.3159547772966107,0.3072791958761627,0.3072791958761627,0.3072791958761627,0.3072791958761627,0.2662822041479558,0.2662822041479558,0.2662822041479558,0.26594169602867623,0.26594169602867623,0.13453412748685878,0.13453412748685878,0.13392772088855054,0.13392772088855054,0.13199550362105583,0.13199550362105583,0.13199550362105583,0.13189973610724337,0.13189973610724337,0.13189973610724337,0.13189973610724337,0.13185957464838793,0.13185957464838793,0.13185957464838793,0.13185957464838793,0.13185957464838793,0.13132674211101403,0.13132674211101403,0.131288709425462,0.131288709425462,0.13124658508695575,0.13124658508695575,0.13124658508695575,0.13124658508695575,0.13124658508695575,-0.13573951291755293,-0.13573951291755293,-0.20026495607908146,-0.20026495607908146,-0.20026495607908146,-0.20026495607908146,-0.20304930285419687,-0.20304930285419687,-0.20304930285419687,-0.20818616725955508,-0.20818616725955508,-0.20818616725955508,-0.24736131758982083,-0.24736131758982083,-0.24736131758982083,-0.5181827747906027
main/engineering_SpeedReducer/WOA/default/3,3027.582989493439,2978.8768785189227,2583.963651109623,144.28605478583995,105.90452452988984,105.03323285241004,73.07561219235185,14.02377672366947,11.21953724239438,11.087843464827074,11.031203217098664,3.167716587743598,2.78633901650619,2.77305376715276,2.760879612570534,2.7587752430254113,2.7539058321626726,2.753162667046581,2.7486670587895787,-0.3474137509138018,-0.39858646356015015,-0.7323315418102538,-0.8274345211189029,-0.8335510272490865,-0.8357097875541513,-0.8357420046463631,-0.8357421385003363,-0.8357421460150363,-0.8357421580194568,-0.8357421639852873,-0.83574216446641,-0.8357421646251169,-0.8357421647610863,-0.8357421647674528,-0.8357421647674528,-0.8357421647674528,-0.8357421647674528,-0.8357421647679075,-0.8357421647683623,-0.8357421647683623,-0.8357421647683623,-0.8357421647683623,-0.8357421647683623,-0.8357421647683623,-0.8357421647683623,-0.8357421647683623,-0.8357421647683623,-0.8357421647683623,-0.8357421647683623,-0.8357421647683623,-0.8357421647683623,-0.8357421647683623,-0.8357421647683623,-0.8357421647683623,-0.8357421647683623,-0.8357421647683623,-0.8357421647683623,-0.8357421647683623,-0.8357421647683623,-0.8357421647683623,-0.8357421647683623,-0.8357421647683623,-0.8357421647683623,-0.8357421647683623,-0.8357421647683623,-0.8357421647683623,-0.8357421647683623,-0.8357421647683623,-0.8357421647683623,-0.8357421647683623,-0.8357421647683623,-0.8357421647683623,-0.8357421647683623,-0.8357421647683623,-0.8357421647683623,-0.8357421647683623,-0.8357421647683623,-0.8357421647683623,-0.8357421647683623,-0.8357421647683623,-0.8357421647683623,-0.8357421647683623,-0.8357421647683623,-0.8357421647683623,-0.8357421647683623,-0.8357421647683623,-0.8357421647683623,-0.8357421647683623,-0.8357421647683623,-0.8357421647683623,-0.8357421647683623,-0.8357421647683623,-0.8357421647683623,-0.8357421647683623,-0.8357421647683623,-0.8357421647683623,-0.8357421647683623,-0.8357421647683623,-0.8357421647683623,-0.8357421647683623
main/engineering_SpeedReducer/CMA-ES (IPOP)/default/3,14.46764230674853,-0.8327131498863309,-0.8357417640368112,-0.8357421647751835,-0.8357421647751835,-0.8357421647751835,-0.8357421647751835,-0.8357421647751835,-0.8357421647751835,-0.8357421647751835,-0.8357421647751835,-0.8357421647751835,-0.8357421647751835,-0.8357421647751835,-0.8357421647751835,-0.8357421647751835,-0.8357421647751835,-0.8357421647751835,-0.8357421647751835,-0.8357421647751835,-0.8357421647751835,-0.8357421647751835,-0.8357421647751835,-0.8357421647751835,-0.8357421647751835,-0.8357421647751835,-0.8357421647751835,-0.8357421647751835,-0.8357421647751835,-0.8357421647751835,-0.8357421647751835,-0.8357421647751835,-0.8357421647751835,-0.8357421647751835,-0.8357421647751835,-0.8357421647751835,-0.8357421647751835,-0.8357421647751835,-0.8357421647751835,-0.8357421647751835,-0.8357421647751835,-0.8357421647751835,-0.8357421647751835,-0.8357421647751835,-0.8357421647751835,-0.8357421647751835,-0.8357421647751835,-0.8357421647751835,-0.8357421647751835,-0.8357421647751835,-0.8357421647751835,-0.8357421647751835,-0.8357421647751835,-0.8357421647751835,-0.8357421647751835,-0.8357421647751835,-0.8357421647751835,-0.8357421647751835,-0.8357421647751835,-0.8357421647751835,-0.8357421647751835,-0.8357421647751835,-0.8357421647751835,-0.8357421647751835,-0.8357421647751835,-0.8357421647751835,-0.8357421647751835,-0.8357421647751835,-0.8357421647751835,-0.8357421647751835,-0.8357421647751835,-0.8357421647751835,-0.8357421647751835,-0.8357421647751835,-0.8357421647751835,-0.8357421647751835,-0.8357421647751835,-0.8357421647751835,-0.8357421647751835,-0.8357421647751835,-0.8357421647751835,-0.8357421647751835,-0.8357421647751835,-0.8357421647751835,-0.8357421647751835,-0.8357421647751835,-0.8357421647751835,-0.8357421647751835,-0.8357421647751835,-0.8357421647756382,-0.8357421647756382,-0.8357421647756382,-0.8357421647756382,-0.8357421647756382,-0.8357421647756382,-0.8357421647756382,-0.8357421647756382,-0.8357421647756382,-0.8357421647756382,-0.8357421647756382
main/engineering_SpeedReducer/L-SHADE/default/3,384.3307350169039,134.06706783020263,50.1181415481783,38.3040676136784,23.43266256104107,13.887037888827763,10.276292097705209,6.822786587075825,2.812314742790477,2.615662763182172,0.8873459128744798,-0.06410695522481547,-0.43261427715833634,-0.6181392079570287,-0.7320152618617612,-0.8051316640753612,-0.8213025755621857,-0.8276316282222069,-0.8333923203185805,-0.8353166843862709,-0.8354863631898297,-0.835579744615643,-0.8356864493025569,-0.8357192295675304,-0.8357333151852799,-0.8357406352570251,-0.8357412564328115,-0.8357419686467438,-0.8357420775132596,-0.8357421272221472,-0.8357421575387889,-0.8357421625937604,-0.8357421639593667,-0.835742164565545,-0.8357421646965122,-0.8357421647474439,-0.8357421647683623,-0.8357421647715455,-0.8357421647738192,-0.8357421647747287,-0.8357421647747287,-0.8357421647751835,-0.8357421647751835,-0.8357421647751835,-0.8357421647751835,-0.8357421647751835,-0.8357421647751835,-0.8357421647751835,-0.8357421647751835,-0.8357421647751835,-0.8357421647751835,-0.8357421647751835,-0.8357421647751835,-0.8357421647756382,-0.8357421647756382,-0.8357421647756382,-0.8357421647756382,-0.8357421647756382,-0.8357421647756382,-0.8357421647756382,-0.8357421647756382,-0.8357421647756382,-0.8357421647756382,-0.8357421647756382,-0.8357421647756382,-0.8357421647756382,-0.8357421647756382,-0.8357421647756382,-0.8357421647756382,-0.8357421647756382,-0.8357421647756382,-0.8357421647756382,-0.8357421647756382,-0.8357421647756382,-0.8357421647756382,-0.8357421647756382,-0.8357421647756382,-0.8357421647756382,-0.8357421647756382,-0.8357421647756382,-0.8357421647756382,-0.8357421647756382,-0.8357421647756382,-0.8357421647756382,-0.8357421647756382,-0.8357421647756382,-0.8357421647756382,-0.8357421647756382,-0.8357421647756382,-0.8357421647756382,-0.8357421647756382,-0.8357421647756382,-0.8357421647756382,-0.8357421647756382,-0.8357421647756382,-0.8357421647756382,-0.8357421647756382,-0.8357421647756382,-0.8357421647756382,-0.8357421647756382
main/engineering_SpeedReducer/GA/default/4,14.63342826794269,0.6194459950511373,-0.40041961352198996,-0.8319494197826316,-0.8355876251202972,-0.8357088661055059,-0.8357089705323233,-0.8357089705323233,-0.8357090103368137,-0.8357090179206352,-0.835709799237975,-0.835709799237975,-0.8357117490413657,-0.8357287384988012,-0.8357287384988012,-0.8357289002597099,-0.8357289002597099,-0.8357296368535572,-0.8357303091825088,-0.8357303091825088,-0.8357303091825088,-0.8357306676657572,-0.835730667668031,-0.8357306722823523,-0.8357306722823523,-0.8357306722823523,-0.8357420854658812,-0.8357420941906639,-0.8357421176679054,-0.8357421372115823,-0.8357421372115823,-0.8357421372115823,-0.8357421372115823,-0.8357421579353286,-0.8357421579353286,-0.8357421579353286,-0.8357421636701474,-0.8357421636701474,-0.8357421641330802,-0.835742164137173,-0.835742164137173,-0.8357421641394467,-0.8357421643231646,-0.8357421643236194,-0.8357421644705028,-0.8357421644723217,-0.8357421644723217,-0.8357421644723217,-0.8357421644723217,-0.8357421644723217,-0.8357421644723217,-0.8357421644723217,-0.835742164473686,-0.835742164473686,-0.835742164473686,-0.835742164473686,-0.835742164473686,-0.835742164473686,-0.835742164473686,-0.835742164473686,-0.835742164473686,-0.835742164473686,-0.835742164473686,-0.835742164473686,-0.835742164473686,-0.835742164473686,-0.835742164473686,-0.835742164473686,-0.835742164473686,-0.835742164473686,-0.835742164473686,-0.8357421647560841,-0.8357421647588126,-0.8357421647615411,-0.8357421647615411,-0.8357421647615411,-0.8357421647615411,-0.8357421647615411,-0.8357421647615411,-0.8357421647615411,-0.8357421647615411,-0.8357421647615411,-0.8357421647615411,-0.8357421647615411,-0.8357421647615411,-0.8357421647615411,-0.8357421647615411,-0.8357421647615411,-0.8357421647615411,-0.8357421647615411,-0.8357421647615411,-0.8357421647615411,-0.8357421647665433,-0.8357421647665433,-0.8357421647665433,-0.835742164772455,-0.835742164772455,-0.835742164772455,-0.835742164772455,-0.835742164772455
main/engineering_SpeedReducer/PSO/default/4,48.143017456759026,42.28159836905343,40.76582546576719,40.76582546576719,40.66476631480782,39.89509623074446,39.8301341474139,39.78071316172509,39.232263407195205,39.232263407195205,39.05118711767864,39.036233263716895,38.9568092622776,38.9568092622776,38.9568092622776,38.9568092622776,38.94292660716201,38.9300699284031,38.9300699284031,38.91807243209587,38.91759088207209,38.91599470710298,38.91538528214596,38.91537020005035,38.91537020005035,38.915367321447775,38.91536618438704,38.91536431013856,38.91536323695345,38.91535970174391,38.91535970174391,38.91535943632425,38.91535942036853,38.91535940991707,38.91535940804624,38.915359408013046,38.915359408013046,38.91535940801123,38.91535940800077,38.91535940800031,38.91535940800031,38.91535940800031,38.91535940800031,38.91535940800031,38.91535940800031,38.91535940800031,38.91535940800031,38.91535940800031,38.91535940800031,38.91535940800031,38.91535940800031,38.91535940800031,38.91535940800031,38.91535940800031,38.91535940800031,38.91535940800031,38.91535940800031,38.91535940800031,38.91535940800031,38.91535940800031,38.91535940800031,38.91535940800031,38.91535940800031,38.91535940800031,38.91535940800031,38.91535940800031,38.91535940800031,38.91535940800031,38.91535940800031,38.91535940800031,38.91535940800031,38.91535940800031,38.91535940800031,38.91535940800031,38.91535940800031,38.91535940800031,38.91535940800031,38.91535940800031,38.91535940800031,38.91535940800031,38.91535940800031,38.91535940800031,38.91535940800031,38.91535940800031,38.91535940800031,38.91535940800031,38.91535940800031,38.91535940800031,38.91535940800031,38.91535940800031,38.91535940800031,38.91535940800031,38.91535940800031,38.91535940800031,38.91535940800031,38.91535940800031,38.91535940800031,38.91535940800031,38.91535940800031,38.91535940800031
main/engineering_SpeedReducer/GWO/default/4,68.52357977221254,17.373005476290018,17.373005476290018,17.373005476290018,17.373005476290018,17.373005476290018,17.373005476290018,17.373005476290018,17.373005476290018,17.373005476290018,12.941028074792484,12.941028074792484,12.941028074792484,12.941028074792484,12.941028074792484,12.941028074792484,8.270488272201874,8.270488272201874,8.270488272201874,8.270488272201874,8.270488272201874,8.270488272201874,8.270488272201874,8.270488272201874,8.270488272201874,8.270488272201874,8.270488272201874,8.270488272201874,8.270488272201874,8.270488272201874,8.270488272201874,8.270488272201874,8.270488272201874,8.270488272201874,8.270488272201874,8.270488272201874,8.270488272201874,8.270488272201874,8.270488272201874,8.270488272201874,8.270488272201874,8.270488272201874,8.270488272201874,8.270488272201874,8.270488272201874,8.270488272201874,8.270488272201874,8.270488272201874,8.270488272201874,8.270488272201874,8.270488272201874,8.270488272201874,8.270488272201874,8.270488272201874,8.270488272201874,8.270488272201874,8.270488272201874,8.270488272201874,8.270488272201874,8.270488272201874,8.270488272201874,8.270488272201874,8.270488272201874,5.804884632530047,5.804884632530047,5.804884632530047,5.804884632530047,5.804884632530047,5.019083527331077,5.019083527331077,5.019083527331077,3.3094258184200953,3.3094258184200953,3.3094258184200953,3.3094258184200953,3.3094258184200953,3.3094258184200953,3.3094258184200953,3.3094258184200953,3.3094258184200953,2.938206691862433,2.4170707474327173,2.0336884604348597,2.0336884604348597,2.0336884604348597,2.0336884604348597,2.0336884604348597,2.0336884604348597,1.8107849083462497,1.8107849083462497,1.8107849083462497,0.7680479941627709,0.7680479941627709,0.7680479941627709,0.7680479941627709,0.6745932072662981,0.6745932072662981,0.42927299015627796,0.07693837971692119,0.06310113555173302
main/engineering_SpeedReducer/CA/default/4,43.90474719228632,12.60007753507216,3.954360055111465,-0.2916475549413917,-0.7405995587814687,-0.8206299383405167,-0.8332596811274016,-0.8340846720116133,-0.8355399311185465,-0.8357158803923994,-0.8357289030568609,-0.8357333285111963,-0.835737927302489,-0.8357419538183422,-0.8357420788256604,-0.8357421558189344,-0.8357421624573362,-0.835742164302701,-0.8357421645382601,-0.8357421645382601,-0.8357421647642695,-0.8357421647642695,-0.835742164770636,-0.835742164772455,-0.835742164774274,-0.835742164774274,-0.8357421647747287,-0.8357421647747287,-0.8357421647751835,-0.8357421647751835,-0.8357421647751835,-0.8357421647751835,-0.8357421647751835,-0.8357421647751835,-0.8357421647751835,-0.8357421647751835,-0.8357421647751835,-0.8357421647751835,-0.8357421647751835,-0.8357421647751835,-0.8357421647751835,-0.8357421647751835,-0.8357421647751835,-0.8357421647751835,-0.8357421647751835,-0.8357421647751835,-0.8357421647751835,-0.8357421647751835,-0.8357421647751835,-0.8357421647751835,-0.8357421647751835,-0.8357421647751835,-0.8357421647751835,-0.8357421647751835,-0.8357421647751835,-0.8357421647751835,-0.8357421647751835,-0.8357421647751835,-0.8357421647751835,-0.8357421647751835,-0.8357421647751835,-0.8357421647751835,-0.8357421647751835,-0.8357421647751835,-0.8357421647751835,-0.8357421647751835,-0.8357421647751835,-0.8357421647751835,-0.8357421647751835,-0.8357421647751835,-0.8357421647751835,-0.8357421647751835,-0.8357421647756382,-0.8357421647756382,-0.8357421647756382,-0.8357421647756382,-0.8357421647756382,-0.8357421647756382,-0.8357421647756382,-0.8357421647756382,-0.8357421647756382,-0.8357421647756382,-0.8357421647756382,-0.8357421647756382,-0.8357421647756382,-0.8357421647756382,-0.8357421647756382,-0.8357421647756382,-0.8357421647756382,-0.8357421647756382,-0.8357421647756382,-0.8357421647756382,-0.8357421647756382,-0.8357421647756382,-0.8357421647756382,-0.8357421647756382,-0.8357421647756382,-0.8357421647756382,-0.8357421647756382,-0.8357421647756382
main/engineering_SpeedReducer/TFO/full/4,119.93391047148043,72.29749421229735,36.533572086004824,26.52891358247507,12.804317432676726,11.694556802304305,11.694556802304305,7.485518312510976,6.802767491478335,2.3159572400836623,1.9848036942225917,0.7314810900197699,0.5976961863084398,0.5976961863084398,0.5976961863084398,0.5976961863084398,0.5976961863084398,0.5976961863084398,-0.5308451010369026,-0.5308451010369026,-0.5380672201235939,-0.5380672201235939,-0.5380672201235939,-0.5392355792823764,-0.5392355792823764,-0.5392355792823764,-0.5392355792823764,-0.5392355792823764,-0.5392355792823764,-0.5410619560384475,-0.5410619560384475,-0.5410619560384475,-0.5413345872193531,-0.5413345872193531,-0.5413345872193531,-0.5416090725157119,-0.618277278190817,-0.618277278190817,-0.6732746908410263,-0.6732746908410263,-0.6732746908410263,-0.6732746908410263,-0.6732746908410263,-0.6732746908410263,-0.7073235649454546,-0.7073235649454546,-0.7073235649454546,-0.7073235649454546,-0.7073235649454546,-0.7073235649454546,-0.7488957845816913,-0.7519138648658554,-0.7519138648658554,-0.7519138648658554,-0.7519138648658554,-0.7519138648658554,-0.7562123430334395,-0.7562123430334395,-0.7562123430334395,-0.7562123430334395,-0.7562123430334395,-0.7562123430334395,-0.7562123430334395,-0.7562123430334395,-0.758524816296358,-0.758524816296358,-0.758524816296358,-0.758524816296358,-0.758524816296358,-0.758524816296358,-0.7733411354502095,-0.7733411354502095,-0.7733411354502095,-0.7733411354502095,-0.7733411354502095,-0.7733411354502095,-0.7775917542062416,-0.7775917542062416,-0.7775917542062416,-0.7775917542062416,-0.7775917542062416,-0.7775917542062416,-0.7783579951969841,-0.7783579951969841,-0.7783579951969841,-0.7789721489748445,-0.7789721489748445,-0.7789721489748445,-0.7789721489748445,-0.7789721489748445,-0.7789721489748445,-0.7789721489748445,-0.7789721489748445,-0.7789721489748445,-0.8155159507323333,-0.8155159507323333,-0.8155159507323333,-0.815578712626575,-0.815578712626575,-0.815578712626575
main/engineering_SpeedReducer/TFO-static/static/4,119.93391047148043,72.29749421229735,36.533572086004824,26.52891358247507,12.804317432676726,11.694556802304305,11.694556802304305,7.485518312510976,6.802767491478335,2.3159572400836623,1.9848036942225917,0.7314810900197699,0.5976961863084398,0.5976961863084398,0.5976961863084398,0.5976961863084398,0.5976961863084398,-0.5308451010369026,-0.5308451010369026,-0.5380672201235939,-0.5380672201235939,-0.5392355792823764,-0.5392355792823764,-0.5392355792823764,-0.5392355792823764,-0.5392355792823764,-0.5410619560384475,-0.5410619560384475,-0.5413345872193531,-0.5413345872193531,-0.5416090725157119,-0.5416090725157119,-0.5416090725157119,-0.5417663320104111,-0.5417663320104111,-0.5417663320104111,-0.5417663320104111,-0.5428779941630637,-0.5428779941630637,-0.5428779941630637,-0.5428779941630637,-0.5428779941630637,-0.5429972071128759,-0.5429972071128759,-0.5429972071128759,-0.5429972071128759,-0.5430045996140507,-0.5430045996140507,-0.5430045996140507,-0.5430045996140507,-0.5430045996140507,-0.5430045996140507,-0.5430045996140507,-0.5431953046700073,-0.5431953046700073,-0.5431953046700073,-0.5431953046700073,-0.5436214866035698,-0.5436214866035698,-0.5436214866035698,-0.5436214866035698,-0.5436214866035698,-0.5439473455871848,-0.5439473455871848,-0.5439473455871848,-0.5439473455871848,-0.543972191955163,-0.543972191955163,-0.5439921066990792,-0.5439921066990792,-0.5439921066990792,-0.5439921066990792,-0.5439921066990792,-0.5439921066990792,-0.5439921066990792,-0.5443702554912306,-0.5443702554912306,-0.5443722906620678,-0.5443722906620678,-0.5443722906620678,-0.5443722906620678,-0.5443722906620678,-0.5443722906620678,-0.5443722906620678,-0.5443725695240573,-0.5443725695240573,-0.5443725695240573,-0.5443725695240573,-0.5443725695240573,-0.5443725695240573,-0.5444021329158204,-0.5444021329158204,-0.5444021329158204,-0.5444023638406179,-0.5444023638406179,-0.5444024663329401,-0.5444024663329401,-0.598609655803557,-0.598609655803557,-0.5986206114394008
main/engineering_SpeedReducer/WOA/default/4,14.398793462685262,3.9854199688920744,3.9657556158140324,3.963503051033058,3.655744018372843,0.6797907686400322,0.6742007217903847,0.6264290327439994,0.6195647444283168,0.6190572734390116,-0.0978206931558816,-0.8206165930614588,-0.8292113656834772,-0.8352217742335597,-0.8356989994090327,-0.8357420404813638,-0.8357421419191269,-0.8357421572036401,-0.8357421633768354,-0.8357421643777343,-0.8357421647356205,-0.8357421647747287,-0.8357421647751835,-0.8357421647751835,-0.8357421647751835,-0.8357421647751835,-0.8357421647751835,-0.8357421647751835,-0.8357421647751835,-0.8357421647751835,-0.8357421647751835,-0.8357421647751835,-0.8357421647751835,-0.8357421647751835,-0.8357421647751835,-0.8357421647751835,-0.8357421647751835,-0.8357421647751835,-0.8357421647751835,-0.8357421647751835,-0.8357421647751835,-0.8357421647751835,-0.8357421647751835,-0.8357421647751835,-0.8357421647751835,-0.8357421647751835,-0.8357421647751835,-0.8357421647751835,-0.8357421647751835,-0.8357421647751835,-0.8357421647751835,-0.8357421647751835,-0.8357421647751835,-0.8357421647751835,-0.8357421647751835,-0.8357421647751835,-0.8357421647751835,-0.8357421647751835,-0.8357421647751835,-0.8357421647751835,-0.8357421647751835,-0.8357421647751835,-0.8357421647751835,-0.8357421647751835,-0.8357421647751835,-0.8357421647751835,-0.8357421647751835,-0.8357421647751835,-0.8357421647751835,-0.8357421647751835,-0.8357421647751835,-0.8357421647751835,-0.8357421647751835,-0.8357421647751835,-0.8357421647751835,-0.8357421647751835,-0.8357421647751835,-0.8357421647751835,-0.8357421647751835,-0.8357421647751835,-0.8357421647751835,-0.8357421647751835,-0.8357421647751835,-0.8357421647751835,-0.8357421647751835,-0.8357421647751835,-0.8357421647751835,-0.8357421647751835,-0.8357421647751835,-0.8357421647751835,-0.8357421647751835,-0.8357421647751835,-0.8357421647751835,-0.8357421647751835,-0.8357421647751835,-0.8357421647751835,-0.8357421647751835,-0.8357421647751835,-0.8357421647751835,-0.8357421647751835
main/engineering_SpeedReducer/CMA-ES (IPOP)/default/4,5.681691515563671,-0.8345737357753933,-0.8357421644559508,-0.8357421647747287,-0.8357421647747287,-0.8357421647747287,-0.8357421647747287,-0.8357421647747287,-0.8357421647751835,-0.8357421647751835,-0.8357421647751835,-0.8357421647751835,-0.8357421647751835,-0.8357421647751835,-0.8357421647751835,-0.8357421647751835,-0.8357421647751835,-0.8357421647751835,-0.8357421647751835,-0.8357421647751835,-0.8357421647751835,-0.8357421647751835,-0.8357421647751835,-0.8357421647751835,-0.8357421647751835,-0.8357421647751835,-0.8357421647751835,-0.8357421647751835,-0.8357421647751835,-0.8357421647751835,-0.8357421647751835,-0.8357421647751835,-0.8357421647751835,-0.8357421647751835,-0.8357421647751835,-0.8357421647751835,-0.8357421647751835,-0.8357421647751835,-0.8357421647751835,-0.8357421647751835,-0.8357421647751835,-0.8357421647751835,-0.8357421647751835,-0.8357421647751835,-0.8357421647751835,-0.8357421647751835,-0.8357421647751835,-0.8357421647751835,-0.8357421647751835,-0.8357421647751835,-0.8357421647751835,-0.8357421647751835,-0.8357421647751835,-0.8357421647751835,-0.8357421647751835,-0.8357421647751835,-0.8357421647751835,-0.8357421647751835,-0.8357421647751835,-0.8357421647751835,-0.8357421647751835,-0.8357421647751835,-0.8357421647751835,-0.8357421647751835,-0.8357421647751835,-0.8357421647751835,-0.8357421647751835,-0.8357421647751835,-0.8357421647751835,-0.8357421647751835,-0.8357421647751835,-0.8357421647751835,-0.8357421647751835,-0.8357421647751835,-0.8357421647751835,-0.8357421647751835,-0.8357421647751835,-0.8357421647751835,-0.8357421647751835,-0.8357421647751835,-0.8357421647751835,-0.8357421647751835,-0.8357421647751835,-0.8357421647751835,-0.8357421647751835,-0.8357421647751835,-0.8357421647751835,-0.8357421647751835,-0.8357421647751835,-0.8357421647751835,-0.8357421647751835,-0.8357421647751835,-0.8357421647751835,-0.8357421647751835,-0.8357421647751835,-0.8357421647751835,-0.8357421647751835,-0.8357421647751835,-0.8357421647751835,-0.8357421647751835
main/engineering_SpeedReducer/L-SHADE/default/4,177.92717204247447,82.97465390524258,49.614764858203216,31.844926305731406,20.99191221643514,11.514017736576989,4.984801694157795,4.984801694157795,4.229787761693842,1.0942635408273418,0.5476207318874913,-0.09694211770101901,-0.09694211770101901,-0.5528018210475238,-0.6941298901574555,-0.7738587827911942,-0.7800184674374577,-0.811259099812105,-0.8287638225392584,-0.8321574883389076,-0.8343294462056292,-0.835357942250539,-0.8356073220006692,-0.8357170014078292,-0.8357266163552595,-0.8357366059644846,-0.8357407804005561,-0.8357417661595719,-0.8357420169450052,-0.8357421393643563,-0.8357421553537279,-0.8357421617811269,-0.8357421640689608,-0.8357421644445822,-0.8357421646783223,-0.8357421647588126,-0.835742164766998,-0.8357421647710908,-0.835742164774274,-0.8357421647751835,-0.8357421647751835,-0.8357421647751835,-0.8357421647756382,-0.8357421647756382,-0.8357421647756382,-0.8357421647756382,-0.8357421647756382,-0.8357421647756382,-0.8357421647756382,-0.8357421647756382,-0.8357421647756382,-0.8357421647756382,-0.8357421647756382,-0.8357421647756382,-0.8357421647756382,-0.8357421647756382,-0.8357421647756382,-0.8357421647756382,-0.8357421647756382,-0.8357421647756382,-0.8357421647756382,-0.8357421647756382,-0.8357421647756382,-0.8357421647756382,-0.8357421647756382,-0.8357421647756382,-0.8357421647756382,-0.8357421647756382,-0.8357421647756382,-0.8357421647756382,-0.8357421647756382,-0.8357421647756382,-0.8357421647756382,-0.8357421647756382,-0.8357421647756382,-0.8357421647756382,-0.8357421647756382,-0.8357421647756382,-0.8357421647756382,-0.8357421647756382,-0.8357421647756382,-0.8357421647756382,-0.8357421647756382,-0.8357421647756382,-0.8357421647756382,-0.8357421647756382,-0.8357421647756382,-0.8357421647756382,-0.8357421647756382,-0.8357421647756382,-0.8357421647756382,-0.8357421647756382,-0.8357421647756382,-0.8357421647756382,-0.8357421647756382,-0.8357421647756382,-0.8357421647756382,-0.8357421647756382,-0.8357421647756382,-0.8357421647756382
